source,target,weight
149,180,10.1816
149,244,9.2881
149,345,8.6733
149,579,8.1738
149,665,7.4015
149,636,7.3186
149,457,7.0585
149,649,6.7581
149,481,6.0327
149,340,5.8766
149,197,5.7425
149,223,5.5698
149,354,5.1297
149,383,4.7017
149,472,4.6759
149,742,4.642
149,1017,4.6143
149,288,4.5412
149,608,4.5128
149,1086,4.5087
149,1218,4.4872
149,615,4.3723
149,263,4.1973
149,330,4.1538
149,418,4.0361
149,667,3.9402
149,648,3.9263
149,230,3.8883
149,654,3.8755
149,431,3.8035
149,425,3.7746
149,1157,3.6311
149,162,3.6309
149,622,3.507
256,445,7.2721
256,617,7.1475
256,566,6.3718
256,767,5.268
256,476,4.9658
256,312,4.7206
256,1157,4.4934
256,731,4.1567
256,758,4.0276
256,714,4.0204
256,636,3.8133
256,857,3.7817
256,747,3.6029
256,720,3.537
256,310,3.4482
256,263,3.4357
256,739,3.387
256,394,3.305
256,429,3.2161
256,648,3.1927
256,457,3.1911
256,342,3.1667
256,852,3.135
256,579,3.0985
256,676,2.5368
256,785,2.5196
256,605,2.494
256,367,2.4822
256,520,2.4779
139,470,9.5434
139,153,9.148
139,338,7.1788
139,704,7.144
139,753,6.9803
139,205,6.8182
139,838,6.1746
139,229,6.1391
139,997,5.6303
139,587,5.5646
139,911,5.3838
139,212,4.8347
139,355,4.3027
139,285,3.9298
139,426,3.782
139,459,3.6405
139,1354,3.6003
139,1061,3.5978
139,169,3.5351
139,210,3.4854
139,407,3.4582
139,800,3.3963
139,277,3.366
139,532,3.3486
139,726,3.2999
139,354,3.2429
139,463,3.2428
139,1000,3.2282
139,512,3.1416
139,1173,3.1085
139,1251,2.9732
139,588,2.9499
139,357,2.912
139,149,2.8828
139,340,2.8778
139,642,2.8777
139,517,2.8745
139,381,2.8394
139,369,2.8268
145,648,16.1852
145,149,15.3524
145,345,12.4972
145,579,12.4868
145,457,11.8708
145,244,9.7887
145,223,9.6507
145,636,9.5693
145,649,9.4924
145,256,9.2881
145,1157,9.1092
145,330,8.961
145,472,8.7407
145,162,8.5847
145,864,8.474
145,458,8.2385
145,608,8.1232
145,288,7.8486
145,173,7.8105
145,476,7.7567
145,383,7.2172
145,504,7.2165
145,263,6.9009
145,197,6.4646
145,731,5.9067
145,622,5.5274
145,759,5.3199
145,809,5.1335
145,852,5.1263
145,596,5.0433
145,532,4.88
145,1072,4.8022
145,665,4.6912
145,386,4.6376
145,465,4.604
145,379,4.4525
145,714,4.3664
596,665,6.2902
596,636,3.7802
596,961,3.7464
596,674,3.3912
596,648,3.3275
596,759,2.9962
596,625,2.8836
596,731,2.8431
596,984,2.713
596,672,2.3398
596,659,2.253
596,1003,2.222
596,697,2.1928
596,771,1.9685
271,392,5.8472
271,767,4.7429
271,445,4.366
271,362,4.2403
271,491,4.1726
271,391,4.0499
271,489,3.7664
271,738,3.6765
271,724,3.6642
271,723,3.3051
271,460,3.191
271,805,3.1551
271,885,3.15
271,733,3.0464
271,322,3.0016
271,894,2.8774
271,921,2.8255
271,1288,2.7541
271,333,2.7259
271,566,2.6699
271,1314,2.636
580,749,5.6561
580,588,5.2003
580,1030,5.1836
580,754,4.9886
580,808,4.6385
580,679,4.5343
580,626,3.9589
580,638,3.948
580,642,3.53
580,782,3.3359
580,1131,3.2656
580,719,3.2403
580,591,3.0606
25,71,16.4634
25,281,15.6436
25,514,13.8549
25,273,13.6161
25,737,12.5804
25,111,12.1816
25,232,11.8142
25,581,11.689
25,186,10.5924
25,62,10.457
25,385,10.1859
25,664,9.7641
25,42,9.4591
25,176,9.4172
25,506,9.3563
25,47,8.6934
25,253,8.6796
25,236,7.9876
25,189,7.9127
25,1044,7.8649
25,341,7.5034
25,936,7.1023
25,451,6.6679
25,66,6.6219
25,478,6.3979
25,192,6.3774
25,396,6.0877
25,291,5.9675
25,981,5.9587
25,27,5.8512
25,808,5.7136
25,750,5.655
25,216,5.6278
25,207,5.6237
25,819,5.5267
25,425,5.4443
25,82,5.4003
25,147,5.3902
25,656,5.3741
25,578,5.2856
25,86,5.2744
25,268,5.1544
25,36,5.0622
25,830,5.054
25,406,5.0207
25,289,4.9667
608,1202,6.5488
608,1120,6.1318
608,718,6.0411
608,797,5.4387
608,832,5.075
608,852,4.9986
608,731,4.0407
608,1255,3.7922
608,1103,3.7825
608,949,3.6456
608,734,3.5305
492,564,7.6599
492,748,7.0863
492,684,5.7893
492,1184,5.7788
492,584,5.2506
492,767,5.0655
492,1028,4.83
492,1118,4.2088
492,1295,4.1892
492,833,4.1613
492,1026,4.0873
492,829,3.8485
492,556,3.7959
492,698,3.6171
492,499,3.548
863,1157,3.7249
863,1046,2.7512
863,1170,2.7412
863,1307,2.0746
863,1230,2.0681
863,1227,1.6022
863,886,1.5151
75,331,23.5585
75,137,15.6697
75,130,15.6051
75,312,13.266
75,708,11.8078
75,249,11.3349
75,1011,9.6175
75,541,9.5816
75,445,7.5761
75,919,7.3877
75,687,7.3028
75,606,7.2159
75,342,7.1575
75,271,6.5388
75,1007,6.3655
75,1157,6.3005
75,547,6.1614
75,136,5.7757
75,125,5.7525
75,865,5.6419
75,179,5.5903
75,749,5.4981
75,1153,5.4827
75,245,5.4803
75,648,5.428
75,677,5.3406
75,431,4.9136
75,100,4.8084
75,556,4.7775
75,890,4.7354
75,473,4.713
75,558,4.689
75,166,4.6862
75,131,4.6647
75,471,4.6298
75,265,4.5952
75,296,4.3262
75,237,4.321
75,1209,4.3161
434,993,5.746
434,997,4.9731
434,828,4.7592
434,607,3.9376
434,926,3.434
434,538,3.2417
434,761,2.8533
434,753,2.7532
434,998,2.7206
434,660,2.6006
434,740,2.5802
434,1258,2.5509
434,836,2.5279
373,387,9.0991
373,463,7.5695
373,506,6.0189
373,1188,4.6006
373,525,3.5118
373,849,3.4011
373,609,3.2658
373,912,3.2042
373,909,3.0827
373,1256,3.0625
373,1002,3.0532
373,517,3.0027
373,901,2.8735
373,783,2.7515
373,1142,2.735
373,1019,2.6777
373,487,2.5536
373,1333,2.5018
373,642,2.4905
373,1301,2.4741
373,1349,2.4424
373,1251,2.2819
373,737,2.2183
373,900,2.2088
373,855,2.201
373,811,2.1992
373,547,2.196
373,697,2.1935
152,297,36.9231
152,584,17.0519
152,1015,14.2327
152,583,14.1169
152,744,13.7864
152,367,12.6561
152,764,11.1975
152,1027,9.7923
152,286,8.8944
152,227,6.9737
152,322,6.2156
152,296,6.1389
152,565,5.4309
152,385,5.3746
152,547,5.2195
152,347,5.215
152,193,4.8666
152,1021,4.728
152,702,4.6315
152,273,4.5716
152,352,4.4596
152,453,4.1143
152,323,3.936
152,877,3.911
152,894,3.8415
152,380,3.8337
152,569,3.8268
152,278,3.8188
152,337,3.7693
152,1136,3.7558
152,215,3.7361
152,668,3.6676
152,363,3.6643
152,947,3.653
152,1131,3.5991
345,579,13.7113
345,636,9.3032
345,1017,8.1576
345,383,6.6131
345,649,6.5487
345,622,6.4891
345,860,6.4432
345,714,5.6326
345,635,5.2527
345,457,4.9015
345,857,4.8555
345,667,4.8321
345,504,4.5838
345,476,4.426
345,544,4.3633
345,432,4.147
345,1157,4.049
345,756,3.9871
345,852,3.8303
345,983,3.8266
345,863,3.8166
345,674,3.7513
345,472,3.6568
345,549,3.5559
345,1331,3.2997
345,809,3.1825
345,506,3.173
345,1372,3.1477
1230,1251,2.545
1230,1249,2.0286
636,649,13.8826
636,648,6.1359
636,665,5.2629
636,1033,4.8877
636,809,4.4964
636,720,3.9641
636,783,3.8585
636,852,3.5276
636,771,3.4819
636,667,3.3349
636,864,3.3184
636,839,3.2558
636,707,3.0394
636,1372,3.0092
636,685,2.7875
636,1323,2.7329
636,662,2.5091
1037,1086,3.8164
1037,1157,2.2178
1037,1178,2.1919
162,345,11.1979
162,383,7.5506
162,495,6.558
162,278,5.7213
162,472,5.5783
162,223,5.4351
162,386,5.3775
162,330,5.3092
162,667,5.2926
162,337,4.9941
162,968,4.6857
162,579,4.6731
162,934,4.6412
162,544,4.3979
162,411,4.3255
162,457,4.2685
162,207,4.1246
162,379,4.0989
162,288,4.0402
162,714,4.0007
162,293,3.981
162,377,3.9606
162,836,3.9021
162,720,3.8965
162,512,3.8496
162,399,3.8454
162,484,3.7781
162,608,3.7546
162,951,3.5964
162,648,3.4824
342,824,12.9259
342,492,11.7105
342,1184,10.0703
342,725,8.1719
342,1118,7.5651
342,607,7.5536
342,541,7.4334
342,488,7.2694
342,499,6.5348
342,833,6.5119
342,471,6.4053
342,657,6.2517
342,1026,5.9742
342,444,5.9158
342,378,5.757
342,610,5.5832
342,938,5.1687
342,816,5.1682
342,363,5.0626
131,665,30.922
131,149,19.3456
131,288,12.9201
131,145,12.1581
131,244,11.839
131,1017,10.0314
131,543,9.7364
131,579,9.4425
131,330,8.7456
131,596,8.6552
131,771,8.5848
131,857,8.1814
131,197,8.044
131,649,7.9844
131,393,7.1512
131,135,7.001
131,636,6.9003
131,386,6.8955
131,223,6.6236
131,345,6.2904
131,458,5.8027
131,263,5.7577
131,457,5.5539
131,680,5.5285
131,644,5.3947
131,1037,5.3327
131,1372,4.9709
131,1097,4.8991
131,504,4.8072
131,622,4.7713
131,852,4.7688
131,207,4.7345
131,383,4.5889
131,1086,4.5383
131,216,4.5158
131,1033,4.4811
131,166,4.3454
131,667,4.3319
131,389,4.3048
131,377,4.2709
131,608,4.0431
929,984,2.362
929,1006,2.2986
929,1136,2.13
929,1293,2.0515
929,1101,2.0053
929,1237,1.8346
648,864,6.2678
648,1157,6.0795
648,1221,3.3433
648,1230,3.0962
648,649,2.9816
648,852,2.8722
648,809,2.2002
648,767,2.1845
648,697,2.0895
648,1086,2.0375
648,1003,1.9417
648,758,1.7633
734,780,4.2869
734,832,4.2533
734,1157,2.4761
734,882,2.2546
734,840,2.1483
734,1008,2.0736
734,1295,2.0201
1173,1338,2.4553
1173,1249,2.2867
379,566,5.0425
379,1121,4.0588
379,596,3.9003
379,767,3.7284
379,821,3.5702
379,1221,3.2085
379,1072,3.1966
379,457,3.0999
379,547,3.019
379,864,2.8457
379,518,2.6544
379,476,2.6052
379,648,2.587
379,697,2.5335
379,845,2.516
379,766,2.4613
379,504,2.4464
379,756,2.4373
379,772,2.404
809,998,3.096
809,1033,2.4539
809,1372,2.2612
809,1323,2.2325
809,1097,1.7271
809,1072,1.5307
569,750,4.6282
569,862,2.8722
569,1267,2.6942
569,615,2.6866
569,583,2.4701
569,772,2.4493
569,1015,2.422
569,1149,2.0743
569,690,2.0742
569,1048,2.0661
569,858,2.006
1003,1218,2.6597
1003,1086,1.9883
1003,1157,1.6506
445,458,8.7315
445,734,5.5769
445,590,5.507
445,714,5.1077
445,780,4.8496
445,489,4.4909
445,680,4.4307
445,454,4.4244
445,672,4.0313
445,797,3.996
445,479,3.9374
445,1047,3.7499
445,832,3.6752
445,685,3.6166
445,608,3.4112
223,579,10.6287
223,636,10.4218
223,680,8.1557
223,649,8.0722
223,330,7.8226
223,393,7.6578
223,383,7.6516
223,244,7.4435
223,1045,7.368
223,659,7.1284
223,852,7.0395
223,345,6.9413
223,224,6.7773
223,1017,5.81
223,472,5.5258
223,991,5.333
223,622,5.1578
223,376,5.0814
223,672,5.0589
223,455,4.6657
223,494,4.6587
223,1284,4.3615
223,390,4.2118
223,665,4.1438
223,783,4.1273
223,1062,3.9966
223,263,3.7318
223,596,3.7228
223,429,3.7071
223,495,3.7046
223,787,3.6915
223,635,3.6358
223,1157,3.5186
223,288,3.4913
223,326,3.4424
667,1073,7.1317
667,720,3.6469
667,671,3.5356
667,852,2.3844
667,942,2.3595
667,722,2.1973
667,985,2.1393
667,910,2.092
667,1187,2.0657
667,756,2.0353
667,1069,2.0201
667,1033,1.9529
998,1059,1.7921
998,1230,1.5871
998,1026,1.5482
998,1315,1.4974
494,997,10.2883
494,820,9.8168
494,1117,6.6272
494,871,6.3063
494,736,5.9986
494,729,5.2126
494,571,4.1519
494,973,3.9884
494,793,3.9672
494,689,3.8817
494,578,3.8097
494,521,3.3247
494,656,3.1975
2,193,23.5568
2,445,17.5856
2,566,15.139
2,379,15.0544
2,296,14.1332
2,369,13.7502
2,257,13.7061
2,32,12.0385
2,377,11.8128
2,367,11.6674
2,171,11.2969
2,200,11.2965
2,596,11.1411
2,5,11.1077
2,75,10.3783
2,330,9.8277
2,832,9.5256
2,39,9.5013
2,504,9.3711
2,646,9.288
2,492,9.2278
2,165,8.9758
2,63,8.9064
2,1136,8.6551
2,99,8.5174
2,256,8.4505
2,1101,8.2961
2,11,8.1953
2,454,8.1812
2,458,8.1659
2,145,7.9884
2,1221,7.9128
2,162,7.9062
2,1072,7.9022
2,60,7.7461
2,342,7.6829
2,476,7.4814
2,772,7.4747
2,8,7.4472
2,631,7.3993
2,382,7.3613
2,110,7.3426
2,747,7.3196
2,674,7.2913
2,590,7.2848
2,106,7.0911
2,700,6.9629
2,310,6.928
2,489,6.8906
2,598,6.888
579,636,22.6138
579,649,13.9159
579,622,9.0534
579,648,7.3382
579,809,7.315
579,771,6.9307
579,667,6.8627
579,720,5.6053
579,1033,5.4081
579,659,4.9608
579,665,4.548
579,596,4.4557
579,1372,4.3666
579,1017,4.0708
579,608,4.0653
579,707,4.0443
579,1157,3.9679
579,863,3.5437
579,852,3.3233
579,635,3.2524
605,832,4.5778
605,706,4.3594
605,619,3.9489
605,658,3.8332
605,681,3.7328
605,754,3.6461
605,852,3.5091
605,676,3.2295
605,626,3.1233
355,542,14.9007
355,1031,7.0998
355,572,5.2982
355,837,3.6613
355,368,2.8602
355,427,2.7489
355,596,2.5398
355,859,2.268
355,791,2.2381
355,574,2.1879
355,1148,1.853
355,544,1.7611
355,477,1.7371
355,1272,1.7109
355,813,1.6986
355,754,1.663
355,709,1.5675
355,428,1.5309
355,977,1.5267
355,472,1.4472
355,1225,1.4382
355,373,1.4277
355,367,1.389
355,1046,1.3813
665,857,7.5935
665,1017,7.0531
665,771,5.7574
665,765,3.0591
665,667,2.8553
665,961,2.8262
665,1086,2.5319
665,674,2.3449
665,680,2.3298
487,770,8.9626
487,558,5.4119
487,1097,4.3775
487,687,3.8041
487,833,3.6599
487,683,3.6076
487,736,3.2933
487,759,3.2905
487,490,3.2167
487,1180,3.2062
487,608,3.1957
487,609,3.1926
487,819,3.1783
487,517,3.153
109,244,27.3992
109,579,16.9325
109,260,15.8768
109,263,12.6817
109,131,12.6354
109,457,12.3889
109,145,12.0652
109,149,11.7972
109,809,11.732
109,636,11.7149
109,1033,11.1261
109,622,8.7266
109,330,8.7212
109,759,8.1422
109,667,8.1098
109,649,7.972
109,304,7.7775
109,345,7.5788
109,472,7.4906
109,135,6.6747
109,665,6.5264
109,393,6.4658
109,383,6.4433
109,674,6.3424
109,662,6.2231
109,720,6.1948
109,162,6.0942
109,252,6.0555
109,223,5.6499
109,783,5.455
109,197,5.4242
109,1372,5.1699
109,504,5.1588
109,714,5.0962
109,993,5.0
109,309,4.7932
109,600,4.7055
109,596,4.6759
109,707,4.5962
109,608,4.5145
109,857,4.3123
109,476,4.311
109,839,4.2578
109,852,4.1983
88,145,21.4326
88,131,19.8778
88,223,19.777
88,244,19.6043
88,149,18.9389
88,579,18.8514
88,636,18.3269
88,102,18.0846
88,345,17.3201
88,622,14.1662
88,109,13.5639
88,135,12.7898
88,263,11.6893
88,472,11.1971
88,649,11.0695
88,383,10.886
88,288,10.1959
88,648,9.9367
88,393,9.818
88,162,9.7824
88,457,9.2682
88,665,7.9995
88,476,7.2331
88,771,6.498
88,783,6.337
88,809,6.2542
88,1017,6.1586
88,1157,6.1359
88,429,6.0689
88,256,6.0294
88,857,5.3928
88,197,5.3682
88,667,5.3432
88,863,5.0681
88,991,5.0167
88,720,4.9183
88,184,4.9179
88,864,4.7648
88,1033,4.6904
88,376,4.6421
88,173,4.6367
88,1372,4.4883
88,544,4.4149
88,852,4.4116
88,707,4.3947
88,330,4.3625
87,345,13.5833
87,330,12.258
87,625,11.042
87,153,10.5748
87,88,10.3375
87,131,10.2961
87,659,9.0205
87,197,8.2828
87,458,8.0145
87,145,7.9198
87,498,7.8507
87,608,7.4399
87,223,7.0846
87,759,6.5945
87,377,5.439
87,173,5.3675
87,532,5.3603
87,904,5.2683
87,579,5.0975
87,397,4.979
87,731,4.9411
87,543,4.9275
87,179,4.8798
87,288,4.8591
87,672,4.6089
87,200,4.6003
87,168,4.4118
87,942,4.3704
87,991,4.3372
87,149,4.3107
87,344,4.2587
87,1348,4.225
87,1141,4.2117
87,832,4.2066
87,787,4.2004
87,339,4.0524
87,918,4.0342
87,337,3.9999
87,437,3.9856
87,216,3.9594
87,852,3.9466
87,1158,3.9453
504,756,8.2697
504,772,8.2328
504,905,6.6272
504,877,3.974
504,1021,3.7042
504,648,3.6836
504,1357,3.5597
504,728,3.4316
504,519,3.173
504,598,3.153
504,792,2.9321
504,667,2.902
504,566,2.8896
296,922,8.8021
296,700,7.8739
296,551,6.5265
296,767,5.35
296,330,5.2802
296,339,4.8614
296,740,4.7133
296,380,4.4958
296,845,4.4329
296,372,4.0856
296,445,3.9914
296,1207,3.985
296,894,3.8528
296,476,3.7906
296,708,3.6558
296,733,3.5965
296,427,3.5772
296,608,3.4537
296,458,3.4523
330,759,9.9748
330,458,8.4706
330,472,8.1739
330,596,6.4376
330,377,6.0001
330,625,5.8895
330,608,5.7549
330,390,5.2661
330,832,5.2634
330,457,5.1969
330,501,5.1801
330,731,5.1662
330,714,4.9241
330,445,4.9095
330,697,4.7983
330,383,4.7762
330,543,4.7408
330,1157,4.3954
330,1315,4.3475
330,672,4.297
330,863,4.2135
330,579,4.2088
330,852,4.0173
330,495,3.9328
330,470,3.8947
330,674,3.8829
383,636,7.11
383,596,6.739
383,961,6.1389
383,648,5.9824
383,579,5.9777
383,852,5.4499
383,622,5.307
383,649,4.8035
383,457,4.4801
383,472,4.3034
383,809,4.2193
383,674,4.1892
383,590,3.8974
383,390,3.741
383,672,3.5911
383,458,3.525
383,504,3.3999
383,429,3.0953
383,1157,3.0733
383,608,3.0057
383,427,2.9688
774,1165,5.7559
774,987,3.1529
774,1094,2.5817
774,909,2.082
774,1191,2.0173
774,1221,1.9589
774,965,1.931
774,1207,1.9224
759,986,5.1504
759,926,4.825
759,1199,4.3014
759,1015,3.3022
759,1031,3.214
759,903,2.8647
9,125,16.5215
9,204,14.1858
9,33,13.181
9,134,11.8378
9,95,11.029
9,237,10.8865
9,342,10.5002
9,144,10.4719
9,607,10.4026
9,150,9.7086
9,243,9.5591
9,61,9.3337
9,151,9.086
9,115,9.075
9,98,9.0122
9,347,8.7773
9,369,8.7636
9,356,8.7512
9,128,8.6951
9,161,8.3403
9,121,8.1181
9,624,8.0356
9,141,7.9347
9,358,7.8647
9,22,7.6724
9,166,7.5344
9,163,7.4456
9,658,7.4003
9,499,7.2694
9,82,7.2149
9,619,7.196
9,411,7.1853
9,172,7.171
9,31,7.0488
9,399,7.0234
9,441,6.8339
9,334,6.7571
9,229,6.75
9,384,6.7249
9,271,6.6803
9,381,6.603
9,348,6.5949
9,426,6.3811
9,263,6.3705
9,854,6.3058
225,1016,8.124
225,609,7.6029
225,411,6.3232
225,229,5.7006
225,303,5.5917
225,808,5.4312
225,630,5.1682
225,901,4.947
225,855,4.7546
225,230,4.311
225,755,4.2596
225,1343,4.1867
225,347,3.8568
225,441,3.6915
225,540,3.6674
225,773,3.6611
225,586,3.6278
225,399,3.6207
225,816,3.5828
225,854,3.5619
225,310,3.5201
225,373,3.4957
225,1209,3.4945
225,508,3.4673
225,1150,3.3851
225,1327,3.3797
225,836,3.2828
225,1059,3.2565
225,1363,3.2349
758,1114,3.0008
758,1049,2.8374
758,889,1.9615
758,1180,1.9543
758,856,1.8644
758,1072,1.8369
758,840,1.8204
386,543,18.4816
386,934,8.0362
386,624,7.1221
386,411,5.7738
386,476,5.6124
386,1178,5.5232
386,771,5.4133
386,498,5.2658
386,857,4.954
386,599,4.6731
386,1065,4.6449
386,864,4.3213
386,451,4.247
386,762,4.126
386,1158,4.072
386,619,4.0052
386,665,3.6865
386,596,3.6286
386,727,3.4348
386,774,3.2619
386,810,3.2124
1170,1223,2.6229
463,1256,8.8953
463,843,7.8002
463,971,7.4617
463,643,5.7963
463,642,5.5248
463,560,4.933
463,979,4.61
463,682,4.5397
463,524,4.4998
463,589,4.4886
463,651,4.4454
463,480,4.1358
463,588,4.1013
463,1347,4.0925
63,659,23.982
63,498,17.1127
63,918,11.8265
63,644,11.3048
63,458,11.1195
63,281,9.9708
63,151,8.7685
63,71,8.7445
63,207,8.7206
63,330,8.6957
63,608,7.7387
63,87,7.7369
63,397,7.655
63,347,7.4832
63,656,7.3929
63,543,7.3786
63,847,6.8569
63,1214,6.7808
63,672,6.5713
63,456,6.5253
63,99,6.4145
63,257,6.333
63,259,6.2867
63,86,6.2679
63,337,6.2189
63,1082,5.978
63,136,5.9452
63,223,5.9413
63,186,5.8629
63,363,5.7817
63,596,5.7755
63,193,5.6604
63,76,5.6491
63,547,5.2682
63,232,5.2354
63,360,5.1611
63,111,5.048
63,273,4.9444
63,382,4.8558
63,1199,4.773
358,931,6.2627
358,676,5.3771
358,368,5.2163
358,1341,4.7149
358,465,4.6394
358,773,4.4907
358,646,4.2494
358,845,4.0957
358,379,4.062
358,436,3.7645
358,384,3.5378
358,1007,3.3929
358,515,3.3661
358,624,3.2678
358,599,3.2187
358,456,3.1774
358,400,3.1209
358,510,3.037
358,880,2.9433
429,482,10.0245
429,511,7.1361
429,596,5.2023
429,573,4.9829
429,809,4.2422
429,437,4.2383
429,579,4.0418
429,644,3.9104
429,617,3.2456
429,636,3.2431
179,207,12.1912
179,1241,11.2576
179,824,10.7158
179,543,8.8308
179,526,8.2742
179,220,7.953
179,386,7.8625
179,1249,7.817
179,532,7.7575
179,181,7.4024
179,498,6.874
179,189,6.2226
179,367,6.1443
179,880,6.1346
179,467,5.7548
179,445,5.5928
179,934,5.4866
179,1178,5.1406
179,397,5.1315
179,581,4.9113
179,565,4.8316
179,366,4.7724
179,683,4.7596
179,492,4.74
179,187,4.6393
179,474,4.4878
179,528,4.3645
179,1089,4.3374
179,626,4.3201
179,838,4.1709
179,495,4.0464
179,1060,4.0055
179,654,3.9136
179,890,3.7686
179,762,3.7581
179,917,3.6865
934,965,3.9513
934,1158,2.4673
720,1251,5.7689
720,847,5.4937
720,901,4.8347
720,1107,4.3987
720,1012,4.3283
720,1158,3.8342
720,762,3.7627
720,1327,3.5414
720,836,3.3804
720,1033,2.896
720,809,2.8565
720,979,2.8201
720,1209,2.7486
542,800,6.0456
542,812,4.7136
542,591,4.7091
542,671,4.0482
542,572,3.675
542,634,3.5113
542,661,3.3671
542,1218,3.2163
542,649,3.0429
542,1089,2.6157
542,639,2.5879
542,1205,2.5072
542,579,2.4451
542,732,2.4422
542,553,2.3182
542,809,2.2575
142,343,12.6665
142,228,11.6395
142,673,9.8902
142,524,9.8823
142,590,8.3643
142,634,7.9445
142,1292,7.7988
142,309,7.384
142,198,7.3403
142,200,6.9021
142,600,6.8647
142,1114,6.6136
142,427,5.8318
142,671,5.7353
142,352,5.2857
142,166,5.0006
142,556,4.7671
142,531,4.7613
142,608,4.7052
142,1347,4.5474
142,432,4.5049
142,472,4.3677
142,572,4.2236
142,1268,4.1201
142,191,4.0743
142,661,3.9759
142,441,3.9757
142,1236,3.705
142,834,3.6923
142,755,3.6609
142,177,3.6269
142,257,3.5591
142,227,3.5395
142,560,3.4865
142,409,3.462
142,251,3.4261
142,143,3.4185
142,972,3.4174
142,278,3.4093
142,344,3.3961
142,479,3.3791
364,478,16.7077
364,992,11.2781
364,570,10.8519
364,402,10.1426
364,694,9.476
364,823,8.7976
364,830,8.779
364,388,8.4448
364,505,7.933
364,779,7.5517
364,461,5.8428
364,453,5.6671
364,1075,5.3898
364,371,5.3831
364,614,5.1135
364,980,4.9697
364,831,4.6645
364,426,4.2434
364,1219,4.2425
364,534,4.1447
364,1258,4.0533
364,375,4.0188
364,875,3.5793
364,750,3.5468
364,721,3.5276
364,1090,3.5152
364,569,3.4679
288,543,7.1744
288,648,6.3016
288,386,5.7139
288,720,5.5222
288,968,4.9156
288,330,4.2105
288,1037,4.1251
288,303,4.1026
288,1158,4.0276
288,455,4.0042
288,1209,3.9068
288,579,3.841
288,663,3.7554
288,515,3.7108
288,608,3.6044
288,1157,3.5136
288,377,3.2926
288,296,3.2845
288,513,3.1505
288,542,3.1404
288,836,3.0178
288,616,2.9536
288,1251,2.8836
288,1030,2.791
288,605,2.7372
288,1063,2.7306
288,657,2.7039
288,457,2.6629
457,1157,10.1673
457,579,7.584
457,649,7.0122
457,476,6.3417
457,636,5.7183
457,648,5.4189
457,1072,5.3384
457,472,5.2336
457,864,5.211
457,707,4.6901
457,566,4.3729
457,720,4.1337
457,1372,3.8888
457,1049,3.6422
457,504,3.3167
457,542,3.3051
457,667,3.1314
457,622,2.9392
457,494,2.9322
457,665,2.9222
457,608,2.8879
457,1033,2.8716
457,635,2.7803
457,482,2.7593
457,1230,2.7452
457,629,2.7359
11,244,37.3754
11,109,26.728
11,88,25.7589
11,30,25.2915
11,78,24.1503
11,579,22.0221
11,809,19.5758
11,145,19.4189
11,263,16.7683
11,636,16.0709
11,457,15.3739
11,135,15.1714
11,476,14.7124
11,472,13.9191
11,649,13.6026
11,223,13.508
11,622,12.0477
11,345,11.158
11,1372,11.0238
11,383,10.9999
11,131,10.9829
11,149,10.9676
11,1072,10.7432
11,376,10.0694
11,1033,8.7417
11,76,7.9428
11,429,7.6276
11,665,7.4655
11,87,7.2466
11,482,7.2427
11,494,7.0104
11,720,6.935
11,197,6.7989
11,256,6.5525
11,648,6.5089
11,864,6.4156
11,608,6.3593
11,393,6.3579
11,162,5.5367
11,330,5.5278
11,596,5.1914
11,852,5.1016
11,252,5.0867
11,667,4.9397
11,296,4.7724
11,379,4.5841
11,43,4.5785
11,504,4.4868
11,707,4.453
472,579,11.3212
472,636,7.1788
472,542,5.7092
472,649,5.6507
472,1033,5.2444
472,863,4.7804
472,991,4.362
472,864,4.3307
472,482,3.8401
472,648,3.833
472,720,3.6683
472,629,3.2183
472,809,3.135
472,667,3.0466
472,493,3.0409
472,839,3.0331
472,659,3.0042
472,622,2.8684
472,759,2.6654
649,665,4.6733
649,809,4.422
649,667,4.0107
649,1033,3.9467
649,707,3.2993
649,983,2.9669
649,1017,2.9614
649,720,2.928
649,771,2.7964
649,1157,2.5938
649,1323,2.5866
649,1372,2.5253
649,857,2.3505
649,920,2.0996
649,787,2.0725
649,783,1.9594
649,863,1.9013
767,1085,3.3013
767,788,2.9903
219,422,12.6923
219,346,8.8113
219,568,7.8974
219,470,7.4577
219,829,7.204
219,442,7.0577
219,641,7.0054
219,443,6.8474
219,607,6.5903
219,668,6.3312
219,1326,5.9273
219,877,5.7597
219,297,5.7131
219,738,5.6499
219,413,5.5347
219,1175,5.396
219,338,5.3566
219,956,5.1503
219,1161,5.1461
219,509,5.1217
219,529,5.0133
219,408,4.8697
219,434,4.8261
219,473,4.5699
219,298,4.5419
219,535,4.5053
219,637,4.4619
219,581,4.4236
219,778,4.3745
219,1269,4.3048
219,600,4.3047
219,611,4.2628
219,827,4.2101
219,572,4.1503
219,584,3.8935
219,483,3.8853
219,682,3.8079
219,341,3.8035
53,262,31.4367
53,850,16.3924
53,803,14.0882
53,62,13.7893
53,712,11.1873
53,447,11.0173
53,510,9.3844
53,502,8.7334
53,889,8.0505
53,279,7.836
53,187,7.5725
53,238,7.336
53,442,7.2769
53,884,7.2647
53,55,6.7901
53,769,6.7013
53,253,6.6072
53,73,6.4163
53,582,6.4142
53,118,6.2265
53,1084,6.1294
53,849,5.9834
53,234,5.9435
53,468,5.8906
53,71,5.8332
53,236,5.641
53,546,5.438
53,97,5.3539
53,69,5.3087
53,155,5.2971
53,695,5.238
53,409,5.2174
53,454,5.2037
53,709,5.1534
53,506,5.1382
53,1019,5.0796
53,182,4.9945
53,210,4.9913
53,827,4.93
53,400,4.8308
53,348,4.792
53,750,4.7658
186,232,15.3445
186,845,12.1594
186,1000,11.6238
186,268,11.3044
186,518,10.0313
186,808,8.546
186,819,8.3209
186,187,7.4807
186,396,7.292
186,243,7.0112
186,821,6.9837
186,207,6.7272
186,630,6.2759
186,1248,6.0494
186,646,5.9672
186,286,5.5566
186,410,5.5552
186,1258,5.4363
186,281,5.3485
186,583,5.1243
186,1233,5.0797
186,514,4.9058
186,434,4.7636
186,1221,4.689
186,360,4.5391
186,1207,4.2584
186,1002,4.2153
186,367,4.0645
186,415,3.9851
186,296,3.9215
186,377,3.9123
186,461,3.8552
1086,1157,2.0698
783,1053,4.4401
783,1113,3.7885
783,1055,2.9056
783,956,2.6516
783,993,2.4274
783,981,2.324
135,636,12.6042
135,579,9.8364
135,457,9.6669
135,223,9.5478
135,263,8.7214
135,649,8.4782
135,208,8.4304
135,145,8.0367
135,244,7.9992
135,393,7.0105
135,173,6.4668
135,345,6.4637
135,472,6.1558
135,162,6.0542
135,330,5.7145
135,809,5.1549
135,429,5.1271
135,149,4.8764
135,383,4.822
135,852,4.6471
135,1033,4.5219
135,166,4.5023
135,252,3.9718
135,720,3.8679
135,445,3.5811
135,667,3.5576
135,622,3.4919
135,544,3.469
135,699,3.4365
135,197,3.1477
135,242,3.1467
135,707,3.1356
135,596,3.0771
135,184,2.9508
135,616,2.9414
135,767,2.9089
135,455,2.843
135,617,2.8115
135,665,2.701
42,111,22.154
42,71,19.2879
42,473,17.5483
42,147,13.7458
42,207,13.5428
42,45,12.3224
42,946,11.5069
42,376,11.005
42,47,10.1032
42,451,9.8703
42,281,9.7539
42,62,9.6942
42,461,9.308
42,656,8.928
42,220,8.7402
42,750,8.7064
42,514,8.1698
42,236,8.0678
42,292,7.7319
42,936,7.6017
42,478,7.4507
42,63,7.3246
42,335,7.1532
42,437,6.9362
42,56,6.7777
42,790,6.7066
42,574,6.6414
42,192,6.443
42,68,6.4295
42,273,6.3088
42,138,6.2302
42,663,6.0883
42,286,6.0586
42,186,5.899
42,836,5.7798
42,534,5.7027
42,518,5.628
42,397,5.6132
42,606,5.5625
42,1146,5.347
215,310,5.2735
215,271,5.087
215,489,4.8865
215,257,4.7604
215,938,4.5532
215,768,4.5163
215,1047,4.4899
215,377,4.3982
215,367,4.3348
215,830,4.2461
215,499,4.1672
215,423,3.939
215,764,3.6622
215,322,3.6115
215,436,3.568
215,234,3.4986
215,482,3.4083
215,243,3.3985
215,278,3.3148
215,342,3.2707
215,631,3.1747
215,533,3.0517
215,392,3.016
215,490,3.0098
215,385,3.0019
215,858,2.9492
215,268,2.9396
215,461,2.939
215,331,2.9388
615,1087,3.8095
615,653,3.1618
615,770,2.8556
615,1105,2.852
615,699,2.7076
615,963,2.641
615,803,2.4931
615,752,2.3892
615,953,2.3816
615,1016,2.2601
615,1021,2.2103
615,631,2.207
615,1188,2.0199
615,1248,1.9562
615,1019,1.9387
615,1304,1.9122
197,270,14.8891
197,330,10.1768
197,431,7.3981
197,244,6.5829
197,984,6.5391
197,1063,5.8649
197,758,5.7637
197,288,5.5061
197,1255,5.2966
197,854,5.1339
197,787,5.061
197,625,4.9867
197,480,4.9548
197,596,4.8962
197,961,4.7679
197,731,4.6746
197,263,4.6233
197,383,4.3688
197,399,3.9401
197,635,3.865
197,648,3.8452
197,345,3.8084
197,482,3.6315
197,1157,3.5748
197,427,3.5708
197,685,3.5395
197,304,3.4999
197,672,3.4419
197,1315,3.4173
197,674,3.383
197,600,3.3646
197,697,3.3038
617,731,6.0034
617,1255,3.6975
617,811,3.0859
617,665,2.7621
617,771,2.6601
617,626,2.4765
617,1121,2.4252
617,681,2.4239
617,748,2.1332
617,797,1.9884
617,1033,1.9658
617,714,1.9278
617,713,1.8958
617,908,1.8908
617,636,1.8841
884,1191,1.9306
884,1080,1.8106
884,1316,1.7544
884,889,1.6769
884,1330,1.669
884,952,1.5588
493,804,11.3526
493,650,11.056
493,495,9.4564
493,848,8.6484
493,1361,8.2362
493,692,5.6743
493,578,5.0434
493,562,4.4269
493,550,4.2114
493,799,4.1304
493,577,4.0347
493,530,3.9682
493,672,3.7799
493,826,3.4676
493,1287,3.294
493,829,3.1553
493,722,3.1399
493,1340,3.1373
493,553,2.9801
493,664,2.9064
493,685,2.7657
493,544,2.604
493,863,2.5801
337,1187,5.6611
337,547,5.6028
337,366,4.5834
337,827,4.5669
337,764,4.5389
337,359,4.4373
337,569,4.2431
337,658,4.2292
337,549,4.0983
337,522,3.9869
337,714,3.9444
337,744,3.898
337,411,3.7959
337,770,3.7785
337,363,3.7193
337,381,3.7035
337,745,3.6889
337,347,3.4983
337,940,3.4909
337,423,3.4082
136,312,19.976
136,1036,14.2006
136,331,13.058
136,797,11.4473
136,479,10.5874
136,473,10.3333
136,1119,9.2098
136,310,8.9482
136,606,8.7165
136,752,8.6929
136,172,8.6879
136,458,8.6379
136,685,8.5154
136,143,7.8668
136,166,7.7515
136,173,7.6596
136,608,7.5142
136,973,7.4164
136,171,6.8987
136,730,6.7152
136,708,6.2403
136,445,6.2324
136,495,6.0243
136,1011,5.9505
136,532,5.8553
136,951,5.766
136,650,5.7153
136,541,5.5776
136,399,5.4849
136,342,5.4541
136,894,5.4038
136,165,5.3012
136,990,5.2963
393,599,5.4069
393,1010,5.3142
393,636,5.046
393,1234,5.0131
393,649,4.8321
393,579,4.4905
393,983,4.2014
393,665,3.9467
393,544,3.8962
393,429,3.4969
393,543,3.4915
393,504,3.3346
393,434,2.9005
393,1012,2.8885
393,762,2.8581
393,472,2.8312
393,1033,2.7097
393,699,2.6849
393,482,2.6729
393,421,2.6552
393,674,2.6385
393,591,2.5303
339,463,8.6922
339,1256,7.2024
339,608,6.6738
339,343,5.7284
339,819,5.1106
339,373,4.9032
339,1014,4.8986
339,547,4.6372
339,452,4.6036
339,1082,4.2916
339,926,4.1947
339,1209,4.0131
339,969,3.9708
339,1130,3.9081
339,595,3.7789
339,347,3.4914
339,593,3.4287
339,631,3.4167
339,1187,3.3797
339,770,3.3303
339,1073,3.2048
339,530,3.0454
1348,1353,2.6202
1135,1142,1.8111
1135,1251,1.7013
1135,1349,1.3706
622,636,7.8452
622,649,5.3097
622,809,4.0799
622,1235,3.8565
622,771,3.3495
622,1293,3.0292
622,702,2.7716
622,658,2.479
622,992,2.4647
622,665,2.4578
622,1157,2.1923
622,1372,2.1441
347,532,5.9883
347,359,5.4391
347,616,5.4126
347,381,5.0643
347,411,4.1889
347,659,3.8617
347,756,3.8045
347,1230,3.7027
347,829,3.548
347,580,3.4292
347,351,3.3038
347,773,3.2975
347,1110,3.1943
347,733,3.171
347,425,3.0733
347,427,2.9549
347,643,2.9513
347,1021,2.9141
1029,1323,2.162
1029,1329,1.7322
1029,1187,1.5892
1029,1253,1.5736
1029,1164,1.5697
207,386,13.5136
207,543,12.3777
207,288,10.5815
207,451,8.0239
207,498,7.9754
207,377,7.6618
207,397,7.5731
207,220,7.3819
207,711,7.3176
207,934,6.8914
207,821,6.8306
207,890,6.2422
207,514,6.1274
207,694,5.8608
207,391,5.5724
207,525,5.4275
207,697,5.3545
207,415,5.3055
207,281,5.0265
207,1241,5.0066
207,845,4.9562
207,646,4.832
207,396,4.8133
207,1096,4.6669
207,518,4.5495
207,437,4.5243
207,232,4.4283
207,1158,4.3693
508,628,11.2025
508,1126,4.1493
508,836,3.8699
508,1061,3.7597
508,582,3.5847
508,1324,3.5502
508,1343,3.5388
508,816,3.3822
508,909,3.1587
508,912,3.1382
508,808,3.0563
508,880,2.9801
476,623,7.6449
476,648,6.7942
476,1072,6.6447
476,579,5.6951
476,864,5.3588
476,1157,3.8998
476,504,3.7459
476,1086,3.743
476,636,3.5593
476,608,3.466
476,767,3.3192
476,863,3.0329
476,566,3.0154
476,836,2.7363
476,543,2.6374
476,747,2.2835
476,494,2.2217
476,631,2.0223
244,579,18.0433
244,636,17.781
244,1033,12.8429
244,263,12.4745
244,457,11.4526
244,809,11.0432
244,649,10.6198
244,622,10.4633
244,345,10.1239
244,330,7.6182
244,383,7.2959
244,472,6.8937
244,707,6.0167
244,667,5.8275
244,482,5.814
244,720,5.5643
244,1372,5.4604
244,252,5.1404
244,674,5.1145
244,635,5.1056
244,429,4.8522
244,839,4.3131
244,393,3.9848
244,771,3.9519
244,783,3.9098
244,665,3.8074
244,1097,3.7922
244,376,3.7727
244,983,3.4304
244,759,3.2357
244,573,3.1837
244,961,2.9737
244,662,2.8936
244,389,2.8476
440,975,3.598
440,443,3.5065
440,552,3.3977
440,533,3.3798
440,673,3.3274
440,487,3.2494
440,959,3.1784
440,650,3.1414
440,619,3.005
440,567,2.9514
440,1070,2.7612
440,824,2.6734
440,482,2.5798
440,913,2.5591
440,1244,2.5055
440,548,2.486
714,759,8.0551
714,832,5.2347
714,1098,4.5921
714,734,4.5078
714,969,3.9899
714,1022,2.679
714,797,2.5547
714,1061,2.4998
714,1180,2.4099
714,1047,2.3387
1263,1301,2.6462
1263,1336,1.9218
304,952,5.9168
304,863,5.1853
304,330,5.1638
304,377,5.13
304,443,5.1102
304,993,3.6134
304,1136,3.6002
304,471,3.2778
304,697,3.2361
304,667,2.8959
304,454,2.8331
304,858,2.5701
304,429,2.5643
304,770,2.5084
304,544,2.4782
304,616,2.4574
304,740,2.4114
304,672,2.4067
304,346,2.3205
304,805,2.2433
304,360,2.2274
304,808,2.2081
304,959,2.193
304,1012,2.1904
304,894,2.1702
304,853,2.1506
304,1144,2.1372
304,513,2.135
304,1073,2.1309
642,736,8.885
642,765,6.586
642,972,6.0489
642,901,5.1515
642,1270,4.5551
642,645,4.421
642,720,4.2553
642,1010,4.1124
642,1150,4.029
642,1173,3.9684
642,979,3.7737
642,1055,3.6932
642,651,3.1224
642,1058,3.1122
642,1158,3.0754
1016,1107,3.4146
1016,1327,3.3958
1016,1173,2.9
1016,1030,2.386
1016,1323,2.3618
1016,1297,2.2669
1016,1063,2.12
1016,1239,2.0718
1049,1157,2.6955
1049,1140,2.5224
1049,1146,1.7727
1049,1230,1.5857
857,1319,2.761
857,934,2.7166
857,955,2.6696
857,1157,2.6369
857,1017,2.5282
857,933,2.4127
263,809,10.4482
263,383,7.0569
263,445,6.2923
263,579,5.871
263,429,5.5107
263,1033,5.3051
263,636,5.139
263,622,5.1185
263,1372,4.3657
263,590,4.1275
263,345,4.0129
263,617,3.498
263,707,3.4303
263,504,3.2747
263,330,3.1132
263,608,3.1065
263,649,3.0327
263,665,3.0221
263,476,2.9822
263,720,2.9307
263,310,2.9167
263,772,2.8401
263,339,2.8282
263,544,2.8195
263,1251,2.634
263,1097,2.579
263,379,2.5302
263,393,2.5229
263,852,2.4587
258,732,11.1774
258,496,8.1262
258,371,5.0569
258,640,4.8683
258,764,4.2849
258,705,4.151
258,864,3.5501
258,345,3.4954
258,1221,3.0651
258,537,3.0523
258,298,3.0288
258,278,2.9917
258,976,2.8939
258,433,2.8008
258,825,2.7736
258,882,2.7619
258,267,2.7447
258,1025,2.7275
258,523,2.7094
258,405,2.636
258,293,2.6092
258,301,2.552
298,413,11.9884
298,531,10.0845
298,637,8.0035
298,442,5.4549
298,1216,5.144
298,663,4.878
298,357,4.6625
298,627,4.2181
298,894,4.1569
298,314,4.142
298,385,3.9383
298,470,3.7115
298,338,3.596
298,805,3.5843
298,828,3.4059
298,610,3.3442
298,653,3.3245
298,1346,3.2965
298,941,3.1513
298,394,2.9817
298,1133,2.9595
298,573,2.9551
1101,1125,2.8961
1101,1356,2.8341
1101,1227,2.5663
19,357,42.6184
19,359,27.9134
19,80,21.4063
19,93,21.2116
19,1006,19.4252
19,122,18.6857
19,133,17.6941
19,1061,17.5006
19,334,16.0174
19,1032,15.7864
19,381,15.7009
19,108,14.2647
19,150,12.9719
19,302,12.5299
19,268,12.4352
19,78,12.3491
19,972,12.2523
19,1155,11.6044
19,362,11.5256
19,247,11.1912
19,231,10.3088
19,115,9.6388
19,1318,9.2313
19,701,9.0055
19,229,8.9747
19,21,8.9153
19,885,8.8956
19,194,8.694
19,645,8.6773
19,508,8.2047
19,305,8.1357
19,253,7.8764
19,59,7.2079
19,341,7.1721
19,70,7.0337
19,966,6.6784
19,528,6.6524
19,527,6.6382
19,500,6.4562
19,507,6.4328
19,586,6.2851
19,234,6.2622
19,36,6.1987
19,582,6.175
19,1055,6.1255
19,625,6.1113
19,351,5.9785
19,81,5.9425
19,489,5.8397
43,304,26.581
43,330,12.1937
43,759,9.2194
43,109,8.8074
43,132,8.7288
43,76,7.7256
43,145,7.5324
43,124,7.2596
43,114,7.2514
43,118,6.9816
43,495,6.5291
43,182,6.241
43,1052,6.2236
43,225,6.1967
43,517,6.035
43,859,5.9114
43,1280,5.8791
43,497,5.4589
43,445,5.2283
43,443,5.2211
43,479,5.2018
43,75,5.113
43,458,5.1008
43,849,5.0624
43,544,4.9022
43,625,4.781
43,472,4.778
43,398,4.657
43,260,4.6061
43,377,4.5703
43,130,4.5103
43,1245,4.3863
43,431,4.3062
43,94,4.224
43,87,4.1732
43,397,4.1122
43,1300,4.1084
43,100,4.1022
43,328,4.1005
43,135,4.0556
43,202,4.047
43,162,3.9531
43,49,3.8887
43,243,3.8821
43,514,3.8792
43,880,3.8427
107,790,8.8115
107,187,7.9503
107,224,7.8663
107,626,7.7579
107,231,7.7371
107,234,7.4674
107,310,7.3617
107,280,7.2497
107,268,7.1456
107,186,6.9427
107,253,6.801
107,387,6.4854
107,214,6.3133
107,367,6.3102
107,506,6.2586
107,243,5.9168
107,912,5.9079
107,913,5.8375
107,985,5.8356
107,582,5.6787
107,508,5.6738
107,111,5.6701
107,606,5.4563
107,750,5.411
107,1227,5.3927
107,410,5.3783
107,715,5.2902
107,377,5.273
107,480,5.2119
107,286,5.2064
107,192,5.041
107,392,5.0235
107,612,4.9381
107,807,4.7093
107,661,4.6522
107,1180,4.6323
325,981,8.1676
325,568,6.7141
325,1087,6.7104
325,408,5.7212
325,376,5.5893
325,462,5.2242
325,470,5.0122
325,535,4.8511
325,419,4.2618
325,1208,4.2457
325,562,4.2342
325,335,3.8941
325,456,3.8829
325,623,3.7388
325,694,3.6198
325,548,3.6152
325,613,3.5321
325,1064,3.4327
325,664,3.4186
325,830,3.3187
325,748,3.2926
325,363,3.2771
325,505,3.2483
325,380,3.203
325,468,3.1912
325,481,3.0742
325,764,3.0697
325,696,2.9777
808,819,6.3614
808,845,4.6563
808,1150,3.7663
808,1053,3.6956
808,1343,3.4748
808,1030,3.4482
808,1002,3.2447
808,1248,3.1461
808,1063,3.1161
808,856,2.938
808,855,2.8223
808,1087,2.7683
808,1173,2.7599
90,767,11.0397
90,152,9.3745
90,115,9.1387
90,173,8.9349
90,457,7.1563
90,180,6.6693
90,764,6.4246
90,246,6.336
90,145,6.3023
90,399,6.2987
90,296,6.2946
90,367,5.7049
90,947,5.4406
90,551,5.3419
90,654,5.335
90,136,5.3307
90,479,5.2757
90,520,5.1518
90,107,5.1465
90,394,4.9051
90,306,4.8971
90,282,4.8249
90,437,4.7297
90,566,4.6988
90,166,4.5552
90,623,4.5385
90,1369,4.4766
90,214,4.4595
90,648,4.4311
90,684,4.3372
90,208,4.221
90,598,4.1108
90,445,4.1013
90,476,4.0133
90,319,3.9689
90,454,3.9296
90,210,3.9161
90,833,3.8875
90,558,3.7746
141,607,19.0779
141,710,11.639
141,837,11.2637
141,559,10.1577
141,239,8.9641
141,873,8.9477
141,976,8.4709
141,404,8.2505
141,190,7.8498
141,164,7.5562
141,1074,7.4419
141,436,7.3037
141,291,7.1442
141,258,7.093
141,1140,6.7496
141,859,6.7358
141,323,6.7332
141,176,6.4944
141,1133,6.4681
141,311,6.2197
141,440,5.7313
141,342,5.722
141,749,5.6765
141,766,5.4469
141,305,5.2392
141,690,5.131
141,201,4.9928
141,871,4.9922
141,597,4.9435
141,227,4.879
141,152,4.7486
141,314,4.7405
141,1203,4.7173
141,505,4.6553
141,756,4.6254
607,1020,9.6138
607,976,7.0566
607,833,5.7198
607,623,5.7151
607,830,4.9001
607,1133,4.8655
607,1269,4.8264
607,985,4.4417
607,875,4.4133
607,871,4.3372
607,1140,4.1392
413,637,5.4844
413,531,5.3695
413,419,5.1774
413,796,4.9564
413,547,4.9512
413,483,4.0911
413,871,3.962
413,470,3.8651
413,456,3.834
413,793,3.3549
413,1270,3.2576
413,987,3.2102
413,598,3.0673
413,1314,2.9975
413,436,2.8362
413,578,2.8183
413,828,2.814
413,522,2.7569
413,548,2.6307
413,752,2.6079
413,572,2.5993
413,663,2.559
413,569,2.5519
413,1326,2.5036
623,654,6.6299
623,1028,5.0388
623,982,4.9004
623,748,4.2575
623,673,4.1917
623,797,3.9754
623,1116,3.9686
623,833,3.7767
623,829,3.5727
623,752,3.2466
680,731,8.1801
680,1012,6.7387
680,787,5.9738
680,1062,5.135
680,991,4.9563
680,1017,4.7529
680,1284,3.7684
680,847,3.6331
680,685,3.3162
680,693,3.2611
680,766,2.8706
680,770,2.8446
680,961,2.7977
680,1255,2.5942
680,797,2.5597
680,852,2.3514
291,652,7.2931
291,352,7.2802
291,388,6.9285
291,332,6.7474
291,755,6.4105
291,456,6.2513
291,494,6.2014
291,428,6.1448
291,804,5.6231
291,363,5.6085
291,323,5.5199
291,507,5.3065
291,814,5.1555
291,413,5.1332
291,309,4.8788
291,396,4.6758
291,335,4.6695
291,367,4.6148
291,833,4.594
291,531,4.5301
291,521,4.4901
291,702,4.4303
291,975,4.3946
291,607,4.3793
291,819,4.3261
630,928,8.7736
630,1002,8.2163
630,660,6.4232
630,855,5.7886
630,676,3.6448
630,1233,3.6122
630,1051,3.5462
630,658,3.3444
630,835,3.2415
1062,1255,2.6091
1062,1366,2.0232
3,5,13.9354
3,125,12.6515
3,257,11.5923
3,420,11.1389
3,147,10.9874
3,300,10.7329
3,171,10.6756
3,12,9.5259
3,619,9.0299
3,41,8.5829
3,45,8.5491
3,143,7.973
3,142,7.7794
3,207,7.3886
3,411,7.3445
3,47,7.3357
3,191,7.3216
3,657,7.3143
3,128,7.2743
3,49,7.2027
3,623,7.14
3,192,7.0805
3,32,7.0803
3,352,7.0627
3,95,6.8395
3,228,6.7381
3,9,6.5569
3,33,6.5366
3,367,6.4485
3,674,6.4472
3,210,6.4365
3,386,6.405
3,144,6.1603
3,146,5.9395
3,172,5.9382
3,60,5.9113
3,807,5.8056
3,200,5.7946
3,344,5.7916
3,1105,5.7912
3,361,5.7398
3,91,5.7262
3,387,5.6086
3,220,5.602
3,454,5.5327
3,633,5.4207
3,427,5.3294
3,42,5.2822
3,624,5.1963
3,435,5.1962
301,677,11.9488
301,353,11.8407
301,822,9.1941
301,794,7.9876
301,421,7.9621
301,657,7.1668
301,591,7.1631
301,574,7.0682
301,607,6.8679
301,464,6.4507
301,559,6.0743
301,586,6.072
301,409,5.6644
301,535,5.0536
301,542,4.9382
301,432,4.8695
301,528,4.5789
301,983,4.0415
301,362,4.0117
301,950,3.8566
301,424,3.8564
301,592,3.8111
301,746,3.7959
301,491,3.7146
301,394,3.6937
301,1344,3.6384
301,333,3.482
301,1005,3.4031
301,1164,3.2408
301,403,3.214
301,768,3.1562
301,322,3.0362
95,342,18.8659
95,607,15.4587
95,684,14.1466
95,824,14.0209
95,143,10.9042
95,265,9.3994
95,492,9.2013
95,163,8.9131
95,115,8.8397
95,117,8.4564
95,378,8.446
95,121,8.3714
95,520,8.2848
95,1184,8.2659
95,1020,7.9089
95,725,7.6389
95,110,7.4487
95,220,7.39
95,126,7.202
95,102,7.1071
95,256,7.0622
95,136,7.0121
95,833,6.8728
95,755,6.8291
95,623,6.8057
95,560,6.7144
95,564,6.6008
95,141,6.5227
95,171,6.4066
95,165,6.3414
95,471,6.2762
95,1369,6.0735
95,985,5.9513
95,1026,5.899
95,382,5.8325
95,454,5.7451
95,748,5.5472
95,488,5.4802
598,643,6.8366
598,607,5.7025
598,1020,5.4828
598,987,4.7813
598,732,4.5514
598,956,4.3676
598,965,4.2462
598,715,4.0726
598,1314,3.5913
598,637,3.3493
598,619,3.1257
598,1165,3.0643
598,700,3.0587
598,1104,2.9274
525,534,6.1482
525,607,4.5736
525,638,4.5559
525,815,4.4629
525,614,3.9151
525,609,3.7684
525,1158,3.3235
525,880,3.2446
525,979,2.9089
525,1030,2.8638
525,854,2.8414
525,1090,2.6424
525,945,2.6185
525,1132,2.5771
525,679,2.445
187,243,9.8725
187,456,9.0419
187,232,8.2678
187,240,7.7383
187,312,6.9992
187,342,6.5046
187,1238,5.7678
187,229,4.9228
187,268,4.7167
187,369,4.5252
187,748,4.4398
187,643,4.4102
187,193,4.2954
187,626,4.2636
187,603,4.0662
187,855,4.0228
187,331,3.9891
187,561,3.8472
187,265,3.699
187,253,3.6806
187,808,3.6574
187,492,3.6521
187,768,3.5851
187,267,3.5261
187,212,3.4694
187,514,3.4526
187,827,3.4158
658,1002,4.5516
658,663,3.2182
658,727,3.0196
658,891,2.9617
658,1158,2.8193
658,1030,2.5403
658,1216,2.4463
658,808,2.3406
539,666,6.1756
539,582,5.8896
539,782,5.7832
539,827,4.2472
539,724,3.1936
539,567,3.1915
539,796,3.0984
539,1122,3.0977
539,875,3.0357
539,681,2.8538
539,857,2.7401
539,737,2.7078
1175,1326,3.1712
1175,1236,2.4808
1175,1218,2.3205
1175,1253,1.7185
312,1119,10.1084
312,1153,8.8217
312,1036,8.4116
312,331,8.2645
312,1046,7.6478
312,606,7.3579
312,352,7.1747
312,1332,7.0353
312,707,6.6158
312,487,6.3281
312,574,6.3198
312,752,5.595
312,919,5.5917
312,797,5.3783
312,479,5.2758
312,428,5.2753
312,685,5.0719
312,1330,5.0391
312,328,5.0244
312,608,4.6335
312,793,4.4105
312,473,4.3993
312,1040,3.9262
312,399,3.9035
312,339,3.8765
312,816,3.8507
5,312,17.8531
5,136,15.6167
5,257,15.2295
5,110,14.5889
5,166,14.3885
5,623,13.8093
5,171,13.2988
5,399,12.8182
5,210,11.9261
5,833,11.9007
5,363,11.6502
5,22,11.618
5,200,11.5167
5,6,10.8264
5,487,10.7861
5,752,10.6898
5,41,10.6527
5,237,10.6475
5,9,10.6422
5,265,10.5857
5,819,10.3622
5,672,10.2899
5,331,10.2347
5,79,10.0578
5,56,9.7356
5,68,9.6258
5,144,9.592
5,39,9.5623
5,479,9.4657
5,33,9.3544
5,427,9.2691
5,12,9.1907
5,770,9.1486
5,278,9.09
5,310,9.0529
5,1036,9.05
5,27,8.8773
5,361,8.8211
5,147,8.5128
5,260,8.4677
5,148,8.3924
5,926,8.342
5,34,8.021
5,454,8.0121
5,143,7.9923
5,339,7.9056
5,517,7.8829
5,429,7.7778
780,858,5.3858
780,832,5.1712
780,850,4.0334
780,796,3.6496
807,846,7.4993
807,840,5.5064
807,836,4.6208
807,1237,3.7129
807,903,3.4808
807,832,3.0329
985,1183,2.3021
161,396,12.9294
161,242,10.8737
161,377,9.6558
161,736,8.7221
161,633,8.4362
161,268,8.0443
161,315,8.0285
161,467,7.8155
161,243,7.8026
161,588,7.6379
161,389,7.627
161,972,7.3833
161,1150,7.2094
161,808,7.0344
161,753,6.5501
161,172,6.3937
161,1053,6.3706
161,441,6.1531
161,754,6.0937
161,420,6.0376
161,369,5.9534
161,1189,5.8057
161,819,5.3769
161,411,5.1506
161,1030,5.1086
161,186,5.0944
161,795,4.9814
161,313,4.9675
161,1135,4.9586
161,609,4.8964
161,642,4.8403
161,426,4.838
161,679,4.7829
161,330,4.6815
367,583,8.891
367,814,7.894
367,764,7.3321
367,378,6.389
367,807,6.351
367,832,6.2297
367,377,5.9864
367,602,5.9409
367,959,5.7873
367,411,5.1101
367,391,4.9048
367,427,4.7852
367,584,4.4005
367,386,4.263
367,543,4.1671
367,550,4.1069
367,489,3.8401
367,392,3.8202
367,492,3.7849
367,398,3.6036
367,1177,3.5825
378,600,4.8187
378,607,4.4448
378,634,4.3486
378,833,4.1264
378,433,4.0429
378,623,3.7896
378,631,3.7434
378,605,3.6899
378,661,3.629
378,487,3.5369
378,382,3.476
378,807,3.4092
378,1189,3.3945
378,657,3.338
378,489,3.3177
378,938,3.2798
378,531,3.246
378,722,3.1118
378,857,3.0225
378,832,2.9738
378,420,2.8601
378,1082,2.8426
378,1184,2.8324
378,590,2.8107
378,633,2.7946
568,607,5.5754
568,795,3.6209
568,1251,3.5756
568,1087,3.1048
568,633,3.0537
568,742,2.7527
568,642,2.5696
568,736,2.4917
568,842,2.4503
568,753,2.3585
568,1147,2.3482
568,802,2.3449
568,1190,2.2671
568,1352,2.1775
568,777,2.1364
568,956,1.8395
568,1380,1.8177
568,1128,1.7431
1090,1228,1.7274
125,309,15.8739
125,237,12.9301
125,420,11.6441
125,499,10.242
125,300,10.2323
125,280,9.1299
125,191,9.0761
125,128,9.0236
125,172,8.8439
125,441,7.8698
125,634,7.8307
125,274,7.2244
125,193,6.7542
125,143,6.6899
125,243,6.6689
125,673,6.5151
125,439,6.2883
125,163,5.9618
125,242,5.6219
125,619,5.5716
125,210,5.3405
125,150,5.2506
125,542,5.0941
125,257,5.0478
125,343,4.9956
125,151,4.9893
125,600,4.9486
125,430,4.9182
125,676,4.8845
125,200,4.8298
125,198,4.8156
125,588,4.7449
125,498,4.6982
125,129,4.646
125,800,4.6235
125,715,4.578
125,754,4.5398
125,1030,4.5162
794,857,4.8408
794,822,3.1701
794,1305,3.1498
794,993,3.0496
794,855,2.9054
794,973,2.363
794,1255,2.2463
967,1311,2.0572
967,1118,1.526
967,1028,1.5207
426,1189,8.8433
426,512,7.8981
426,517,6.9441
426,607,6.4674
426,815,5.2979
426,1221,5.0977
426,631,4.9329
426,635,4.7145
426,855,4.5127
426,856,4.4228
426,880,4.3682
426,484,3.7405
426,699,3.6118
426,679,3.4596
426,609,3.3729
426,930,3.3285
426,793,3.3108
426,434,3.2296
426,872,3.171
426,467,3.171
426,1030,3.1407
426,830,3.0992
265,342,9.9699
265,454,8.3535
265,312,7.2844
265,824,6.4446
265,819,5.7555
265,336,5.6009
265,760,5.597
265,444,4.6245
265,361,4.4347
265,269,4.3095
265,331,4.2147
265,520,3.806
265,1184,3.6007
265,487,3.5337
265,419,3.358
265,337,3.2879
265,607,3.2311
265,324,3.2232
265,471,3.2004
265,510,3.1987
265,1330,3.1552
265,730,3.1506
265,605,3.117
265,1038,3.092
797,1042,3.5077
797,843,3.2937
797,1062,3.2598
797,1047,3.0916
797,913,2.9523
797,1036,2.8127
797,1217,2.8018
238,405,23.7952
238,293,12.8726
238,262,12.7591
238,348,12.2436
238,732,10.3792
238,960,10.2691
238,275,9.7098
238,496,9.5466
238,449,9.3712
238,356,9.2788
238,316,9.0898
238,612,8.498
238,577,8.1963
238,314,7.4422
238,745,6.4828
238,323,6.4786
238,695,6.1641
238,613,6.1233
238,956,5.9108
238,1216,5.1987
238,1133,4.9676
238,828,4.6762
238,709,4.537
238,412,4.391
238,1064,4.3096
898,1075,3.2505
898,1254,2.2251
898,970,1.7578
898,1351,1.6553
572,812,8.5666
572,754,7.3761
572,837,5.4395
572,1178,5.3942
572,1020,4.6352
572,958,4.5171
572,629,3.7734
572,641,3.6061
572,673,3.438
572,1078,3.3889
49,95,16.0773
49,90,13.9815
49,117,12.9134
49,336,12.2473
49,520,11.7158
49,224,10.5736
49,767,9.6018
49,607,8.6368
49,367,8.6321
49,684,8.376
49,896,8.3264
49,148,8.2503
49,171,7.9423
49,110,7.8155
49,173,7.6871
49,444,7.4097
49,136,7.3334
49,269,7.2819
49,61,7.0743
49,372,7.0121
49,152,6.8241
49,115,6.8014
49,449,6.8003
49,187,6.6919
49,457,6.5672
49,296,6.5595
49,378,6.4731
49,654,6.1523
49,678,5.9875
49,448,5.9374
49,256,5.8912
49,538,5.7823
49,797,5.766
49,1295,5.7626
49,342,5.6662
49,452,5.6639
49,1028,5.5918
49,439,5.5555
49,310,5.4149
1169,1217,1.8086
332,572,18.0359
332,515,13.8293
332,599,13.2875
332,404,10.1672
332,812,9.9228
332,756,8.6577
332,344,8.5583
332,488,7.1659
332,629,6.7119
332,1037,5.995
332,958,5.9077
332,650,5.791
332,548,5.6629
332,385,5.5903
332,1064,5.0301
332,754,4.8705
332,360,4.7564
332,658,4.6556
332,901,4.4579
332,379,4.3977
332,603,4.3822
332,466,4.3758
332,837,4.3591
332,626,4.262
332,806,4.151
332,839,4.059
332,460,4.0065
332,557,3.9959
332,906,3.9074
332,1134,3.7767
332,535,3.744
332,1178,3.7141
1085,1207,1.9809
1085,1096,1.6687
1085,1146,1.5034
1085,1144,1.4956
1085,1277,1.4645
479,797,8.9957
479,755,6.0224
479,623,5.9737
479,608,4.8269
479,607,4.7918
479,517,4.777
479,1046,4.4747
479,752,4.1447
479,1036,3.9335
479,551,3.9229
479,858,3.8748
479,495,3.8163
479,1119,3.7393
479,1322,3.4509
479,672,3.3816
479,1037,3.2529
479,512,3.2033
479,1049,3.1695
479,863,3.1649
551,607,4.7242
551,755,3.776
551,922,3.7326
551,592,3.1168
551,827,3.0198
551,947,2.5339
551,1056,2.4943
551,660,2.4899
551,993,2.484
551,683,2.4673
551,789,2.4109
551,773,2.3418
721,992,4.768
721,811,3.7864
721,981,3.7705
721,905,3.5327
721,806,2.9719
721,975,2.913
721,775,2.6419
721,813,2.6335
721,761,2.5967
925,1354,1.8888
925,1038,1.8444
925,1281,1.738
925,1026,1.6014
925,1144,1.5733
987,1165,6.5199
987,1326,3.693
987,1168,3.2399
987,1020,3.0696
118,260,13.5513
118,304,12.978
118,246,8.9403
118,443,8.779
118,188,6.7702
118,346,6.7556
118,221,6.4729
118,210,6.1676
118,502,5.9892
118,1341,5.7546
118,382,5.5667
118,828,5.4067
118,442,5.1017
118,641,5.0312
118,212,4.9668
118,254,4.9222
118,485,4.6972
118,141,4.6411
118,350,4.5109
118,169,4.4358
118,663,4.3855
118,989,4.3679
118,1221,4.2952
118,196,4.2858
118,404,4.2837
118,153,4.1773
118,162,4.1736
118,127,4.1626
118,827,4.1619
118,128,4.1071
118,858,4.0974
118,171,4.0895
118,460,4.0631
118,287,3.9619
118,271,3.926
118,645,3.9249
824,1118,5.6291
824,1184,5.3683
824,973,5.2905
824,947,4.8513
824,1040,3.4677
824,1180,3.1819
824,1295,2.966
830,992,4.8816
830,875,3.1015
830,1140,3.0149
830,1090,2.6909
830,836,2.4172
830,914,2.3361
1058,1173,2.1173
1058,1107,1.8216
1058,1174,1.5726
1058,1348,1.5711
276,626,14.4162
276,332,9.375
276,572,6.8122
276,404,5.9336
276,351,4.7141
276,673,4.0529
276,515,4.0209
276,676,3.9568
276,548,3.7862
276,336,3.6628
276,342,3.5889
276,1103,3.477
276,409,3.3281
276,640,3.0963
276,599,2.9854
276,806,2.9552
276,911,2.921
276,412,2.9031
276,488,2.8618
276,492,2.732
276,815,2.7179
276,1320,2.712
559,607,11.233
559,677,4.645
559,976,4.5318
559,766,3.6858
559,987,3.5415
559,875,3.5054
559,993,3.3473
559,950,3.0938
559,657,2.9419
559,623,2.9
559,581,2.8778
696,1052,4.2085
696,956,3.6934
696,1090,3.0069
696,842,2.8265
696,725,2.657
696,1259,2.6265
696,849,2.6182
696,993,2.3338
696,1059,1.9204
552,619,5.7355
552,737,5.5122
552,698,3.2974
552,581,3.2559
552,1320,3.2522
552,611,2.9759
552,676,2.6837
552,1249,2.5927
552,1337,2.5924
552,1128,2.4033
552,810,2.1779
552,1331,2.1679
127,470,6.9717
127,163,5.8799
127,302,5.5253
127,548,5.1682
127,676,4.9474
127,131,4.6683
127,178,4.4308
127,340,4.4234
127,463,4.3082
127,205,4.2694
127,210,4.249
127,464,4.2081
127,527,4.1019
127,530,4.0173
127,1016,3.9452
127,673,3.899
127,257,3.899
127,800,3.8783
127,818,3.7984
127,198,3.6754
127,164,3.6753
127,289,3.6037
127,437,3.595
127,395,3.5731
127,623,3.5686
127,143,3.5101
127,221,3.4738
127,157,3.4518
127,509,3.3715
127,643,3.29
127,484,3.2493
127,343,3.1653
127,1248,3.1395
127,522,3.1385
295,355,10.4006
295,550,8.5838
295,328,8.4252
295,493,6.3494
295,574,5.6059
295,692,5.3686
295,340,5.2104
295,342,5.1761
295,799,4.6566
295,929,4.3522
295,452,4.2145
295,1193,4.1577
295,382,3.5927
295,1168,3.4459
295,358,3.4206
295,788,3.3338
295,1287,3.321
295,677,3.188
295,350,3.133
295,517,3.086
295,824,2.9743
295,826,2.9569
295,1325,2.9303
295,433,2.9023
295,726,2.8366
295,357,2.7787
295,488,2.7714
295,536,2.759
295,301,2.7081
255,450,18.686
255,835,11.7381
255,529,10.1557
255,509,9.958
255,644,8.9321
255,554,8.8847
255,957,8.7889
255,737,8.5632
255,289,7.5733
255,446,6.5354
255,290,6.4385
255,1270,6.3412
255,1247,6.3125
255,341,5.9308
255,419,5.5899
255,323,5.5382
255,385,5.1354
255,578,4.9565
255,831,4.9191
255,1005,4.7615
255,433,4.3521
255,611,4.2449
255,440,4.2199
255,879,4.0934
255,511,3.999
255,840,3.9837
255,780,3.9808
255,510,3.9592
255,950,3.8585
255,401,3.8431
255,964,3.7709
255,297,3.7687
169,229,10.3616
169,828,8.4485
169,314,8.3446
169,466,6.5319
169,736,5.9085
169,753,5.61
169,259,5.1874
169,242,5.1483
169,404,5.0598
169,911,4.9886
169,481,4.8801
169,275,4.7182
169,1122,4.5816
169,384,4.3292
169,179,4.2425
169,395,4.2125
169,1296,3.9705
169,1071,3.7936
169,728,3.7044
169,315,3.657
169,470,3.5385
169,386,3.4943
169,337,3.4594
169,613,3.4323
169,716,3.402
169,369,3.2514
169,958,3.1965
169,735,3.171
169,389,3.1551
169,220,3.1477
169,873,3.1032
169,1104,3.0754
169,839,3.0591
169,655,2.993
169,317,2.926
169,305,2.9071
169,207,2.9039
169,779,2.8862
240,613,8.7909
240,1287,6.6452
240,1068,5.3536
240,779,4.6397
240,371,4.6031
240,293,4.5315
240,488,4.4447
240,243,4.3667
240,247,4.2847
240,1257,4.1555
240,775,4.1061
240,356,3.8088
240,548,3.785
240,956,3.6387
240,517,3.6103
240,336,3.5895
240,867,3.5554
240,473,3.4602
240,635,3.3924
240,265,3.3795
240,338,3.3265
240,545,3.3102
240,888,3.2502
240,724,3.2283
240,828,3.2035
240,765,3.1694
240,931,3.1282
60,323,14.6336
60,227,13.2115
60,296,12.3774
60,252,12.318
60,672,10.0885
60,221,9.7918
60,110,8.5711
60,756,8.1165
60,297,7.4243
60,792,7.4067
60,598,7.2032
60,700,6.9452
60,342,6.9401
60,1098,6.5916
60,164,6.5707
60,95,6.4062
60,200,6.2933
60,61,6.1997
60,79,6.1941
60,65,6.0916
60,430,6.0582
60,239,5.9348
60,463,5.88
60,75,5.6983
60,141,5.6697
60,193,5.6266
60,136,5.5684
60,124,5.5451
60,168,5.4048
60,526,5.3254
60,116,5.2309
60,335,5.2142
60,456,5.2014
60,480,5.1802
60,511,5.1035
60,627,4.983
60,382,4.9777
60,1163,4.9537
60,371,4.8691
60,310,4.7227
60,684,4.696
60,86,4.6926
60,584,4.6775
828,956,9.947
828,829,7.1842
828,1133,5.9123
828,873,5.448
828,958,5.2145
828,954,4.8596
828,1115,4.5556
828,895,4.1283
826,858,4.6241
826,1041,3.7194
826,1038,3.6595
826,1174,3.3402
826,975,3.205
1020,1314,6.4163
1020,1074,3.4712
1020,1178,3.3178
1020,1028,2.9486
1020,1323,2.3724
1020,1280,2.2343
1020,1274,1.8208
1020,1326,1.6835
993,1247,2.4625
827,957,5.1008
827,1278,3.117
56,71,14.6836
56,656,14.3438
56,361,10.9658
56,629,10.3676
56,859,9.926
56,85,9.0724
56,490,8.1673
56,315,7.796
56,335,7.3115
56,59,6.9353
56,399,6.8714
56,1100,6.8497
56,243,6.8454
56,819,6.7771
56,1088,6.746
56,642,6.7092
56,1260,6.5376
56,308,6.4019
56,164,6.3902
56,770,6.1624
56,914,6.1425
56,274,6.1168
56,938,5.9314
56,115,5.9056
56,278,5.7671
56,162,5.7491
56,1012,5.5638
56,239,5.394
56,101,5.3323
56,160,5.2693
56,951,5.2534
56,639,5.141
56,173,4.9831
56,140,4.9684
56,1028,4.8087
56,461,4.8029
56,363,4.6747
56,858,4.6642
626,1035,5.0277
626,731,3.7595
626,658,3.412
626,1061,3.4043
626,801,3.3135
562,664,9.3025
562,581,6.9321
562,956,6.4922
562,965,6.0031
562,1083,5.289
562,999,4.5725
562,858,4.5083
562,673,4.3724
562,987,4.3011
562,1020,4.0384
562,981,3.6999
562,961,3.6533
562,1063,3.5923
562,1180,3.4195
97,141,9.466
97,301,9.04
97,535,8.3598
97,559,7.5598
97,368,7.4932
97,613,6.5938
97,828,6.1974
97,856,5.9102
97,234,5.7892
97,621,5.671
97,517,5.1797
97,506,5.0798
97,976,5.0178
97,343,4.9654
97,107,4.9157
97,186,4.5798
97,436,4.524
97,763,4.4105
97,314,4.3536
97,133,4.3397
97,332,4.3357
97,966,4.1877
97,255,4.185
97,866,4.1105
97,118,4.1051
97,394,4.05
97,635,4.0116
97,497,3.9709
97,426,3.9511
97,762,3.8813
97,1084,3.8227
97,316,3.8141
97,286,3.7419
639,755,5.6429
639,642,3.9042
639,827,2.9931
639,671,2.9012
639,983,2.8591
639,1010,2.381
639,765,2.3757
639,953,2.3618
639,808,2.3075
639,674,2.2632
639,1189,2.231
639,736,2.2279
639,1316,2.0798
206,562,14.5514
206,442,12.8651
206,329,10.8812
206,270,10.6737
206,385,10.0689
206,255,8.8899
206,611,8.4083
206,1083,8.3689
206,956,7.7846
206,529,7.1519
206,401,6.8364
206,826,6.7867
206,644,6.7491
206,406,6.7323
206,567,6.3669
206,338,6.3003
206,282,5.915
206,1154,5.9115
206,439,5.8784
206,565,5.7723
206,506,5.6897
206,376,5.3153
206,443,5.2633
206,246,5.1575
206,582,5.0764
206,858,5.0274
206,1213,4.9839
206,321,4.9837
206,999,4.5918
206,668,4.5515
206,581,4.5255
535,812,9.4102
535,607,8.1018
535,1080,7.0432
535,559,5.582
535,786,5.478
535,818,5.0292
535,743,5.0263
535,892,4.6872
535,1190,4.4062
535,725,4.2748
535,573,4.1916
535,598,3.9464
535,578,3.6302
535,956,3.494
535,862,3.4351
535,560,3.3527
535,791,3.1727
535,572,2.8982
535,822,2.7997
535,1243,2.6648
535,873,2.6192
535,581,2.6039
210,626,10.3111
210,623,9.3301
210,706,8.989
210,499,7.4209
210,216,7.0565
210,309,6.8767
210,276,6.2865
210,343,6.0572
210,454,5.5716
210,673,5.4954
210,342,5.4717
210,257,5.3705
210,302,5.2706
210,600,5.0201
210,812,4.9032
210,605,4.8699
210,1170,4.8509
210,748,4.8109
210,538,4.7569
210,221,4.7507
210,1087,4.657
210,336,4.5817
210,492,4.5695
764,1227,4.3658
764,1235,3.9593
764,1015,3.6883
764,819,3.404
764,1280,3.3239
764,1035,3.1722
764,959,2.9374
764,821,2.8626
764,1293,2.8011
574,799,8.1737
574,841,7.7958
574,606,5.4675
574,984,5.1176
574,677,4.5467
574,723,4.2945
574,816,3.9323
574,678,3.827
574,807,3.2209
574,953,3.0119
574,1237,2.7984
443,663,12.1944
443,641,10.8647
443,1052,10.4294
443,826,7.3936
443,1175,6.6853
443,696,5.999
443,1003,5.9682
443,738,5.7764
443,668,5.5573
443,829,5.0493
443,1218,5.0249
443,637,4.5029
443,778,4.4693
443,1261,4.3564
443,1282,4.3322
443,1130,4.2542
443,959,4.0665
676,1089,6.4788
676,1002,5.0636
676,1367,4.6238
676,761,4.1061
676,745,3.4429
177,251,10.2333
177,343,9.996
177,741,8.9219
177,719,7.0103
177,242,6.9871
177,972,6.1489
177,272,6.0871
177,742,5.7109
177,433,5.4175
177,524,5.2962
177,1043,5.0064
177,389,4.8793
177,1063,4.8158
177,467,4.7864
177,409,4.7638
177,464,4.7125
177,982,4.6553
177,342,4.617
177,271,4.4289
177,267,4.4155
177,701,4.367
177,642,4.34
177,280,4.2974
177,1189,4.2112
177,491,4.1544
177,854,4.0622
177,228,3.9945
177,1128,3.9848
177,481,3.8871
177,590,3.8593
833,1184,4.4036
833,985,3.2448
833,916,3.132
833,956,2.9731
833,894,2.887
833,1153,2.7241
146,676,11.5305
146,337,6.174
146,158,5.858
146,178,5.735
146,890,5.4936
146,151,5.4667
146,319,5.159
146,448,4.8061
146,791,4.7131
146,679,4.6783
146,150,4.6512
146,377,4.6449
146,357,4.4005
146,185,4.1449
146,233,4.0364
146,268,4.0096
146,750,3.8024
146,401,3.7844
146,773,3.7817
146,186,3.71
146,249,3.6447
146,332,3.6377
146,543,3.6369
146,619,3.6015
146,177,3.6014
146,546,3.5221
146,512,3.386
146,645,3.3593
146,347,3.3293
224,520,9.4075
224,332,6.4591
224,444,6.0903
224,758,5.5892
224,630,4.8275
224,608,4.3293
224,617,4.2091
224,992,4.1354
224,394,3.7547
224,1227,3.7031
224,472,3.6693
224,479,3.5719
224,434,3.2595
224,677,3.2522
224,599,3.2391
224,235,3.1144
224,543,3.1055
224,351,3.073
224,253,3.07
224,636,3.0419
224,768,3.0076
224,230,2.9867
224,991,2.9687
224,546,2.8753
224,808,2.6817
224,1277,2.6615
224,963,2.6159
224,280,2.6107
81,139,10.3005
81,1245,9.6354
81,242,8.9635
81,838,8.455
81,154,7.9565
81,470,7.6246
81,481,7.3723
81,205,7.2359
81,177,7.1604
81,1005,7.1507
81,507,6.9156
81,742,6.9016
81,723,6.6496
81,319,6.3823
81,160,6.3294
81,1218,6.2166
81,878,6.0212
81,558,5.819
81,795,5.4315
81,1052,5.3495
81,736,5.2817
81,673,5.2416
81,354,5.1188
81,277,5.0283
81,267,4.9104
81,185,4.8579
81,315,4.8068
81,662,4.766
81,285,4.7566
81,93,4.6615
81,1239,4.5127
81,464,4.495
81,125,4.4567
81,198,4.4523
81,148,4.4292
81,669,4.4249
81,829,4.4158
81,251,4.4124
81,311,4.3535
81,143,4.3463
81,274,4.3266
81,749,4.2929
806,1028,4.8407
806,895,3.9414
806,858,3.6603
806,934,3.0689
806,1226,2.6707
806,1037,2.3217
806,877,1.9942
70,357,11.5974
70,302,9.8429
70,970,9.7229
70,448,9.3604
70,1186,9.0589
70,580,8.7899
70,1250,8.5063
70,691,7.2214
70,359,7.0591
70,93,6.9516
70,626,6.7154
70,342,6.6783
70,231,6.5768
70,249,6.424
70,557,6.3574
70,210,6.2687
70,280,6.1564
70,527,6.1181
70,243,6.0688
70,909,5.8346
70,706,5.8151
70,180,5.719
70,127,5.5141
70,139,5.2798
70,126,5.1719
70,741,5.0959
70,160,5.079
70,351,5.0786
70,177,4.9292
70,435,4.9253
70,454,4.8842
70,653,4.8516
70,151,4.8062
70,172,4.8038
70,178,4.6943
70,247,4.6434
70,257,4.6365
70,268,4.6277
70,125,4.5625
320,563,10.0532
320,568,5.6961
320,842,4.5828
320,499,4.5454
320,531,4.4583
320,470,3.8527
320,752,3.7894
320,1175,3.7893
320,765,2.9357
320,1063,2.8191
320,897,2.5195
320,590,2.4782
320,881,2.4429
320,854,2.2621
320,396,2.2103
320,914,2.1966
320,1299,2.1883
320,467,2.1836
320,481,2.0432
320,389,2.0318
320,626,1.8927
320,325,1.835
320,817,1.7783
320,419,1.7406
320,663,1.6405
334,357,15.4876
334,701,14.8574
334,359,7.655
334,1201,7.4538
334,1006,6.6297
334,958,5.8613
334,1061,5.5057
334,835,4.8963
334,381,4.6136
334,342,4.5769
334,657,4.5758
334,582,4.5741
334,395,4.4476
334,362,4.41
334,900,4.3981
334,909,4.3522
334,960,4.1359
334,586,4.0461
334,418,4.0227
334,1271,3.9815
334,838,3.9732
334,591,3.9
334,956,3.8848
334,885,3.8726
334,341,3.8704
334,750,3.81
334,466,3.7244
334,878,3.7232
334,407,3.701
334,645,3.6483
334,976,3.5894
731,1255,9.1048
731,811,6.1239
731,1062,5.5456
731,1012,4.0294
731,1063,3.7531
731,767,3.7169
731,787,3.165
731,999,3.1231
731,832,3.0841
731,1028,3.0815
245,438,13.8031
245,521,8.7796
245,975,7.962
245,1009,7.436
245,931,6.632
245,533,6.4278
245,268,5.4267
245,417,4.4084
245,390,4.1105
245,291,3.9696
245,884,3.9101
245,1335,3.7508
245,946,3.6428
245,820,3.6222
245,729,3.5874
245,1007,3.4877
245,470,3.4179
245,477,3.2489
245,267,3.223
245,726,3.145
245,610,3.1046
245,414,3.0653
245,376,2.9887
245,1001,2.9552
245,826,2.8733
245,1034,2.8715
200,310,15.0153
200,590,9.4471
200,600,8.016
200,257,6.8496
200,367,6.7024
200,278,6.5413
200,634,6.4832
200,309,6.2885
200,489,5.5965
200,427,5.1687
200,602,5.149
200,210,5.0737
200,1047,5.0718
200,372,4.9227
200,673,4.9008
200,832,4.7215
200,445,4.6721
200,780,4.6511
200,631,4.6263
200,897,4.3501
200,454,4.2686
200,715,4.2581
200,228,4.2572
200,734,4.2067
200,499,4.2018
200,492,4.0556
459,641,9.452
459,470,7.071
459,557,5.1452
459,581,4.6648
459,1281,4.3937
459,704,3.9174
459,805,3.3603
459,736,3.2371
459,974,3.1808
459,513,3.1405
459,1038,2.9644
459,720,2.7014
459,753,2.698
459,904,2.695
459,1251,2.6508
459,1134,2.6178
459,1327,2.4596
459,999,2.4508
459,653,2.3961
459,1023,2.3551
459,1354,2.1751
89,144,38.5386
89,115,17.8544
89,276,10.4227
89,104,9.1335
89,626,7.9931
89,210,6.759
89,1163,5.6953
89,1304,5.5132
89,163,5.3582
89,416,5.2675
89,165,5.2646
89,488,5.08
89,445,4.9831
89,623,4.9738
89,200,4.6947
89,572,4.6793
89,566,4.5388
89,143,4.4957
89,126,4.2432
89,313,4.0634
89,767,4.0527
89,1037,4.0216
89,310,4.0155
89,97,3.9497
89,469,3.8546
89,336,3.8298
89,676,3.8058
89,380,3.7866
89,491,3.7813
89,219,3.7807
89,398,3.7531
89,296,3.7313
89,548,3.683
89,363,3.6629
89,174,3.6245
89,342,3.6218
89,559,3.4649
89,923,3.4568
89,100,3.338
89,715,3.3183
792,1270,3.3198
792,824,3.3097
792,994,3.0861
792,950,2.8412
792,1363,2.5746
356,517,8.2711
356,449,6.8287
356,635,5.7463
356,474,5.5836
356,371,5.2728
356,485,5.2086
356,400,4.9794
356,357,4.739
356,825,4.6922
356,1327,4.6876
356,891,4.6244
356,588,4.3727
356,551,4.1541
356,365,4.0354
356,779,4.0169
356,426,3.9945
356,466,3.9717
356,950,3.8419
356,534,3.8393
356,483,3.7492
356,525,3.7429
356,467,3.7376
356,595,3.7262
360,363,10.3005
360,750,7.7126
360,448,6.7621
360,453,5.9728
360,468,4.4968
360,382,4.0793
360,789,3.966
360,482,3.8161
360,929,3.6694
360,416,3.648
360,1096,3.597
252,318,13.3314
252,430,11.2259
252,1020,9.3262
252,593,9.1184
252,282,9.0196
252,308,8.9249
252,607,8.5412
252,292,7.0539
252,343,6.9087
252,396,6.3867
252,463,6.2508
252,272,5.9984
252,385,5.6884
252,255,5.5539
252,645,5.4652
252,413,5.4293
252,642,5.3344
252,296,5.2941
252,783,5.1975
252,371,5.0801
252,521,5.0596
252,803,4.8456
252,869,4.7396
252,516,4.6741
252,1176,4.637
67,732,26.9143
67,176,25.8559
67,496,23.0576
67,613,19.7844
67,1133,19.1454
67,314,18.58
67,258,18.2559
67,238,17.2913
67,275,16.804
67,828,16.298
67,141,15.9372
67,297,15.4184
67,956,11.6042
67,484,11.1613
67,239,9.9867
67,371,7.9858
67,1071,7.9226
67,837,7.7498
67,512,7.357
67,273,7.0729
67,298,6.6592
67,895,6.5951
67,182,6.1526
67,796,6.0691
67,194,5.7659
67,404,5.721
67,359,5.6216
67,892,5.507
67,77,5.4001
67,1048,5.28
67,509,5.256
67,565,5.1242
67,1242,5.0816
67,503,5.0676
67,254,4.966
67,572,4.9554
67,293,4.9186
67,233,4.7695
67,485,4.6723
67,97,4.6698
67,1140,4.5369
67,402,4.4673
67,497,4.466
67,1115,4.2678
67,1039,4.1772
314,613,14.9012
314,828,14.0637
314,395,13.8828
314,732,9.4088
314,370,9.2332
314,356,9.0464
314,553,7.5998
314,512,7.3196
314,601,7.0695
314,405,6.7607
314,1236,6.2472
314,779,6.1987
314,545,6.1131
314,517,6.0022
314,497,5.9541
314,404,5.7699
314,528,5.4914
314,741,5.108
314,724,5.0804
314,796,4.7735
314,502,4.6839
314,677,4.5065
314,958,4.3663
314,491,4.3289
314,441,4.3189
314,873,4.0473
314,699,3.8692
314,470,3.8344
314,348,3.7731
1060,1173,3.6699
1060,1142,3.4219
1060,1215,2.7413
482,511,9.5541
482,984,8.8162
482,578,7.1481
482,768,6.3007
482,746,5.2579
482,560,4.9724
482,687,4.6506
482,677,4.3654
482,573,4.215
482,941,4.173
482,997,4.0909
482,579,4.0524
482,1049,3.8406
482,685,3.7669
482,1160,3.426
482,562,3.4156
1002,1051,5.5425
1002,1281,4.8484
1002,1016,4.1929
1002,1297,3.4114
1002,1107,2.8781
1002,1303,2.603
1002,1060,2.4994
1002,1174,2.4912
394,434,8.3468
394,782,6.6349
394,423,6.6048
394,479,6.1091
394,553,5.4808
394,559,5.1785
394,575,4.6159
394,993,4.2637
394,858,4.2554
394,443,4.1339
394,645,3.9256
394,886,3.8626
394,1198,3.8094
394,419,3.5609
394,801,3.4288
394,696,3.2863
394,846,3.231
394,767,3.1483
394,822,3.1173
394,398,3.0456
382,944,9.0632
382,1213,6.0081
382,684,5.4173
382,688,5.1115
382,419,4.8603
382,936,3.9339
382,683,3.5167
382,511,3.4483
382,941,3.4144
382,919,3.292
382,602,3.2038
382,794,3.168
382,635,3.1365
382,767,3.0825
382,520,3.0824
138,202,20.2716
138,286,14.0142
138,364,13.1691
138,992,12.1365
138,478,10.7325
138,147,9.6998
138,694,8.5072
138,831,8.4151
138,192,6.5978
138,505,5.9591
138,402,5.5949
138,1208,4.9344
138,646,4.8682
138,325,4.822
138,240,4.7919
138,644,4.7144
138,721,4.6666
138,1075,4.5809
138,433,4.4883
138,236,4.3691
138,220,4.1086
138,164,4.053
138,830,3.9926
138,453,3.8205
138,567,3.7902
138,856,3.7741
138,150,3.7165
138,143,3.7142
138,1140,3.6586
138,161,3.6238
138,197,3.5364
138,1128,3.4616
138,823,3.4164
138,520,3.3789
138,981,3.3125
138,388,3.2948
138,839,3.1542
305,334,32.7396
305,701,17.2818
305,972,10.55
305,321,9.277
305,407,7.2281
305,960,6.562
305,449,5.1204
305,356,4.9868
305,315,4.8844
305,338,4.7935
305,679,4.6705
305,357,4.5182
305,1201,4.443
305,517,4.4353
305,466,4.2712
305,311,4.2436
305,1271,3.9782
305,900,3.8236
305,937,3.8069
305,793,3.7922
305,1225,3.7743
305,1099,3.6653
305,753,3.6629
305,958,3.6297
305,510,3.545
305,779,3.5364
520,824,4.6064
520,684,4.2292
520,693,3.6565
520,541,3.4762
520,599,3.4275
520,614,3.1929
520,566,3.1538
520,862,3.0932
520,546,3.0706
158,794,19.4627
158,822,16.5247
158,432,15.8462
158,179,15.3167
158,657,13.9248
158,798,13.2189
158,333,11.5477
158,382,11.2182
158,201,10.5762
158,289,9.1357
158,855,8.6412
158,174,8.6021
158,655,7.7648
158,1108,7.2519
158,282,7.2087
158,424,7.1457
158,523,7.1012
158,608,6.8592
158,301,6.6892
158,852,6.6798
158,1271,6.6114
158,294,6.1081
158,950,6.0726
158,246,6.0041
158,1080,5.582
158,181,5.5786
158,591,5.4543
158,605,5.2383
158,928,5.2008
158,565,4.9666
158,1305,4.8457
158,491,4.643
158,467,4.6295
158,620,4.3558
158,264,4.35
158,654,4.2654
530,1028,6.0491
530,1063,4.4705
530,1246,3.0592
530,1070,2.8582
530,1222,2.8518
530,829,2.7435
530,949,2.5486
530,544,2.3486
530,563,2.2447
530,1346,2.0985
530,793,2.0837
1301,1336,1.8847
47,429,17.4517
47,1083,16.3002
47,292,15.6108
47,562,15.1002
47,437,14.2146
47,176,13.0787
47,189,12.0459
47,573,11.6763
47,518,11.1804
47,965,10.96
47,554,10.3451
47,60,9.8041
47,206,9.4251
47,482,9.3408
47,116,9.0008
47,511,8.8341
47,291,7.5206
47,245,7.4197
47,567,7.2869
47,129,6.8955
47,141,6.8749
47,252,6.8392
47,664,6.8123
47,73,6.7221
47,124,6.6277
47,687,6.4436
47,289,6.2182
47,917,6.0689
47,1146,5.8732
47,858,5.8382
47,376,5.8153
47,831,5.7791
47,143,5.6255
47,604,5.5789
47,823,5.4969
47,164,5.4539
47,308,5.3568
47,644,5.3453
47,427,5.3407
47,160,5.3038
47,69,5.115
422,787,5.0067
422,743,4.5862
422,778,4.3178
422,484,4.0063
422,529,3.5934
422,568,3.5885
422,607,3.1863
422,511,2.9025
422,1202,2.8545
422,432,2.5077
422,611,2.4759
422,563,2.4558
422,662,2.3375
422,450,2.2865
422,509,2.1263
422,514,2.0794
422,1210,2.0744
422,854,1.9679
422,608,1.9057
422,745,1.8885
422,666,1.834
422,847,1.7603
422,443,1.7036
422,463,1.654
422,642,1.6506
422,827,1.6418
422,581,1.6256
422,858,1.6037
422,1301,1.5977
422,559,1.5971
422,567,1.5851
422,894,1.5694
422,829,1.5629
422,445,1.5544
422,956,1.5332
650,722,5.1444
650,815,3.3782
650,1028,3.1972
650,826,3.169
650,812,2.8632
650,676,2.5627
650,1010,2.5058
650,673,2.4869
650,726,2.2543
650,1232,2.1689
353,574,21.3862
353,452,9.9381
353,799,9.0353
353,433,7.6244
353,984,6.1874
353,746,6.1648
353,723,5.9657
353,578,4.9395
353,957,4.436
353,357,4.3966
353,482,3.9402
353,416,3.9293
353,387,3.9046
353,1237,3.7206
353,370,3.2943
353,841,3.1468
353,1350,3.1096
353,1172,3.0758
353,701,2.7411
353,586,2.6142
353,644,2.6083
353,677,2.5836
353,409,2.5814
353,464,2.559
353,595,2.5352
353,1171,2.4472
353,381,2.4378
1028,1088,3.0944
1028,1184,2.8218
590,842,6.4772
590,1210,5.7835
590,631,5.5414
590,706,4.726
590,645,4.4693
590,832,4.2158
590,897,4.183
590,1312,3.8475
590,752,3.7664
590,780,3.7533
590,1179,3.3599
590,758,3.2965
470,641,11.6979
470,1354,11.2257
470,483,10.7662
470,829,9.6541
470,1265,9.3765
470,1218,9.0083
470,704,8.2302
470,800,7.9995
470,668,6.975
470,1175,6.4669
470,768,6.3202
470,1299,6.0078
470,548,5.9677
470,509,5.9668
470,795,5.9643
470,1245,5.7088
470,626,5.6759
470,753,5.2728
470,765,5.2186
640,943,4.2368
640,645,4.1849
640,694,3.0327
640,854,2.786
640,1008,2.7163
640,1096,2.6706
640,1059,2.5874
640,1198,2.493
640,1199,2.4555
640,797,2.4505
640,673,2.3785
640,676,2.3268
362,391,24.7487
362,591,8.3918
362,880,8.3027
362,467,6.8034
362,586,6.6075
362,595,6.1628
362,1080,6.0
362,1059,5.6498
362,899,5.6269
362,509,5.4395
362,892,5.2474
362,855,5.1981
362,630,5.0272
362,1124,4.7244
362,640,4.6628
362,1158,4.5602
362,1061,4.4778
362,801,4.4625
362,1002,4.4368
362,420,4.2179
362,843,4.133
362,523,4.1002
362,432,4.0755
362,1006,4.0368
421,511,7.8149
421,1270,4.5411
421,988,4.383
421,559,4.3722
421,497,4.2207
421,577,4.184
421,1176,4.184
421,1071,4.1264
421,494,4.0088
421,956,3.9158
421,537,3.7501
421,827,3.5531
421,1013,3.3007
421,780,3.2717
421,498,3.1472
421,529,3.0473
421,620,2.9903
421,482,2.9734
421,607,2.9723
421,562,2.9653
421,479,2.9375
421,950,2.8769
421,452,2.8671
421,606,2.8092
421,561,2.5575
752,951,5.305
752,1036,5.0993
752,938,5.0494
752,797,4.3631
752,833,4.3085
752,1028,3.8387
752,1119,3.8188
752,1153,3.777
243,588,8.3419
243,1030,6.9713
243,280,6.9674
243,467,6.2278
243,396,6.0781
243,512,5.7881
243,420,5.7573
243,633,5.6618
243,517,5.6075
243,815,5.5361
243,333,5.4828
243,377,5.482
243,907,5.1623
243,351,5.0534
243,1059,4.6582
243,449,4.6421
243,585,4.6386
243,268,4.5976
243,278,4.5238
243,337,4.5012
243,316,4.4184
243,362,4.4179
243,808,4.411
243,375,4.3856
243,426,4.1188
243,679,4.0933
1010,1158,2.2809
1137,1327,1.6276
374,1002,5.5508
374,714,5.3478
374,827,4.4735
374,499,4.3057
374,956,4.0413
374,829,3.9405
374,378,3.7065
374,408,3.5191
374,828,3.4887
374,598,3.3381
374,661,3.296
374,673,3.2181
374,513,3.0317
374,588,2.898
374,1348,2.8943
374,600,2.8233
374,987,2.8134
374,1022,2.7908
374,396,2.7681
374,427,2.6309
374,442,2.6301
374,1061,2.5206
606,1011,8.3811
606,797,4.6489
606,685,4.2828
606,643,4.0245
606,1036,3.8187
606,938,3.7092
606,1012,3.5448
606,907,3.4861
606,919,3.4448
606,1365,3.3847
606,672,3.3399
606,708,3.0967
660,1002,9.1405
660,740,5.2785
660,928,4.1019
660,854,3.8128
660,1142,3.7163
660,947,3.559
660,1173,3.1568
660,808,2.8272
660,1016,2.7787
660,901,2.6416
660,1327,2.5926
660,1051,2.518
660,1226,2.5125
660,855,2.4948
660,899,2.4798
660,940,2.3923
163,470,7.8419
163,623,7.7596
163,210,7.7492
163,1281,6.3253
163,829,6.1688
163,340,5.9809
163,342,5.8203
163,432,5.7181
163,607,5.7069
163,267,5.6178
163,824,5.0872
163,350,4.8559
163,752,4.828
163,214,4.7525
163,626,4.731
163,326,4.6455
163,492,4.6151
163,826,4.4103
163,725,4.3581
163,361,4.2843
163,374,4.0872
163,676,4.0618
163,221,4.0369
163,985,4.0349
163,269,4.0028
163,198,3.9839
163,331,3.9642
237,572,10.735
237,606,8.6881
237,439,5.7723
237,400,5.7378
237,499,4.8986
237,676,4.8001
237,363,4.748
237,1177,4.6594
237,973,4.6412
237,739,4.4435
237,754,4.2951
237,268,4.1937
237,344,4.1829
237,643,4.1802
237,552,4.1743
237,532,4.1125
237,384,4.0908
237,347,4.0404
237,492,4.0392
237,503,4.0378
237,377,4.0241
237,673,3.9395
237,709,3.7339
41,56,21.9113
41,361,21.8519
41,399,10.1586
41,45,10.1018
41,151,9.177
41,86,9.1283
41,343,8.9686
41,246,8.1821
41,99,8.028
41,614,7.785
41,278,7.5142
41,85,7.031
41,110,7.0211
41,111,6.9683
41,90,6.7206
41,243,6.4428
41,217,6.3067
41,1040,6.2201
41,656,6.1025
41,487,6.0533
41,68,5.854
41,240,5.7835
41,364,5.714
41,162,5.675
41,136,5.6493
41,427,5.4839
41,42,5.4232
41,853,5.2743
41,82,5.2306
41,79,5.1701
41,144,5.0845
41,975,5.0246
41,75,4.9657
41,520,4.9534
41,454,4.9505
41,115,4.9434
41,322,4.9208
41,252,4.9131
41,478,4.9087
41,605,4.8906
41,337,4.8231
41,339,4.8133
41,426,4.7984
1270,1339,2.7725
1270,1370,2.0365
619,706,5.5949
619,673,5.5656
619,962,4.8487
619,1020,3.6153
619,1178,3.4967
619,756,3.2526
619,635,3.1288
34,851,15.6899
34,137,15.6744
34,358,14.8115
34,224,14.6701
34,1165,11.8899
34,226,11.864
34,1183,9.5306
34,204,9.3636
34,400,8.664
34,608,8.5921
34,332,8.3551
34,95,8.2555
34,1320,8.1404
34,1020,8.0779
34,987,8.0619
34,587,7.871
34,63,7.7604
34,60,7.1832
34,196,6.9382
34,75,6.7558
34,440,6.6501
34,89,6.6412
34,61,6.462
34,257,6.4336
34,572,6.4279
34,576,6.3478
34,252,6.325
34,1307,6.0863
34,49,6.0373
34,691,6.036
34,126,5.9952
34,908,5.7881
34,200,5.7215
34,144,5.6669
34,270,5.5627
34,42,5.543
34,136,5.4994
34,774,5.33
34,219,5.243
34,598,5.2375
34,607,5.1777
34,158,5.0742
34,276,5.0395
34,458,5.029
34,965,5.0187
80,357,19.1523
80,359,15.5431
80,122,12.1149
80,381,11.7629
80,133,11.7193
80,108,9.6412
80,334,9.327
80,645,9.2342
80,253,8.7206
80,1002,8.6829
80,1006,8.5622
80,1061,8.2139
80,268,8.2074
80,362,7.8348
80,338,7.7824
80,546,7.707
80,234,7.6045
80,87,7.112
80,885,6.8534
80,139,6.633
80,508,6.1994
80,843,6.1311
80,979,5.8876
80,434,5.7094
80,582,5.6709
80,126,5.6388
80,548,5.5959
80,377,5.5737
80,750,5.4837
80,341,5.2866
80,591,5.2843
80,449,5.277
80,146,5.2744
80,157,5.2674
80,347,5.267
80,790,5.2144
80,459,5.1295
80,186,5.0979
80,409,5.0078
80,134,4.998
80,773,4.9314
832,1180,3.6815
832,1111,3.1946
832,1216,3.1008
289,657,18.6755
289,432,12.7518
289,655,9.6304
289,822,8.352
289,321,8.2108
289,591,6.9138
289,1270,6.1221
289,397,6.0983
289,598,6.0879
289,1176,5.9208
289,511,5.7744
289,529,5.5884
289,301,5.5336
289,501,5.4292
289,666,4.8346
289,292,4.8083
289,422,4.6502
289,1331,4.6213
289,442,4.5526
289,957,4.4139
289,552,4.3954
289,523,4.3631
289,421,4.3015
289,342,4.1881
289,586,3.9976
289,604,3.9278
289,1164,3.7586
363,1096,10.5641
363,453,7.3012
363,502,7.2757
363,827,7.1885
363,552,6.7546
363,819,5.7587
363,587,5.3319
363,658,5.2355
363,525,4.9222
363,811,4.8292
363,750,4.5673
363,607,4.3583
363,1199,4.283
363,514,4.188
363,437,3.9875
363,520,3.958
418,433,8.2291
418,452,6.1397
418,1237,5.4807
418,1201,4.4974
418,520,4.0393
418,673,3.9198
418,582,3.68
418,868,3.4733
418,1324,3.4547
418,428,3.3679
418,911,3.3539
418,807,3.3473
418,514,3.3337
418,741,3.2228
418,447,3.1975
418,1046,3.1471
418,742,3.1419
418,475,3.1061
418,755,3.0514
418,1209,2.9669
418,1254,2.9657
418,888,2.8848
418,816,2.8745
641,663,8.9013
641,696,7.8431
641,1175,7.7769
641,1130,6.6227
641,1052,5.5963
641,1354,5.1582
641,1282,5.1213
641,1022,5.0733
641,668,5.0272
641,829,4.6466
641,1326,4.0287
641,877,3.9631
641,749,3.7653
641,952,3.6127
641,959,3.5905
641,796,3.4438
641,1218,3.3465
641,1269,3.3414
641,805,3.0232
641,925,2.8107
402,992,6.8348
402,831,6.674
402,757,6.2049
402,484,6.1376
402,485,5.2962
402,517,5.0896
402,699,4.7246
402,570,4.5992
402,719,4.5301
402,694,4.2311
402,505,3.4855
402,983,3.4272
402,426,3.3524
402,782,3.3093
402,892,3.2781
402,478,3.2088
402,464,3.1716
402,567,2.9527
402,779,2.908
402,764,2.8103
402,453,2.655
1021,1171,2.8551
1021,1152,2.3437
1021,1182,2.191
1021,1048,2.1663
541,685,5.2937
541,672,3.8321
541,938,3.7359
541,708,3.7264
541,990,3.7014
541,752,3.6965
541,1026,3.4765
541,1252,3.3381
541,683,3.1709
541,797,3.1311
541,755,3.1023
541,770,3.0532
541,857,3.0491
541,569,2.9766
541,788,2.969
541,623,2.9584
541,902,2.8011
541,677,2.7697
541,605,2.7251
153,645,9.0208
153,494,8.3211
153,315,7.2758
153,858,6.9522
153,157,6.9436
153,210,6.6553
153,736,6.4728
153,246,6.3003
153,302,6.1376
153,260,5.9304
153,656,5.8463
153,226,5.682
153,156,5.5014
153,609,5.421
153,787,5.2935
153,338,5.2909
153,517,5.1741
153,663,5.1391
153,212,5.0492
153,305,5.0384
153,972,4.9853
153,166,4.9808
153,252,4.9354
153,355,4.82
153,490,4.8145
153,161,4.7899
153,608,4.6729
153,214,4.5059
153,259,4.5011
153,571,4.3889
117,342,14.7238
117,265,10.0286
117,520,9.6564
117,210,8.4171
117,172,7.8887
117,499,7.4821
117,344,7.4507
117,824,7.097
117,1026,6.9977
117,676,6.8303
117,605,6.7393
117,514,6.7247
117,196,6.4601
117,193,6.2327
117,767,5.9591
117,121,5.9148
117,623,5.6319
117,176,5.6272
117,171,5.5926
117,136,5.5512
117,310,5.5167
117,147,5.408
117,492,5.4079
117,163,5.3066
117,361,5.259
117,1184,5.1809
117,461,5.1147
117,533,5.0853
117,629,5.0663
117,237,4.9952
117,793,4.8796
117,488,4.8745
117,118,4.8232
117,224,4.8025
117,165,4.7486
117,336,4.7407
117,148,4.7225
117,262,4.7028
117,220,4.6996
1124,1334,2.1715
1124,1293,1.6117
1281,1303,1.4588
1281,1292,1.4577
183,313,19.4307
183,765,10.9699
183,320,10.7107
183,563,10.4388
183,470,7.8352
183,568,6.6079
183,682,6.0441
183,548,5.8972
183,829,5.8053
183,854,5.0625
183,795,4.9299
183,228,4.377
183,828,4.1196
183,611,3.427
183,219,3.4109
183,1175,3.1773
183,956,3.1588
183,309,3.1463
183,686,2.9088
183,459,2.8882
183,210,2.8573
183,335,2.8177
183,907,2.7485
183,333,2.7007
183,1149,2.6119
183,641,2.57
183,1063,2.5377
183,287,2.432
183,598,2.3301
183,607,2.3236
183,643,2.3226
183,729,2.2478
183,881,2.2459
183,325,2.2366
183,389,2.2363
183,1206,2.1441
183,562,2.1273
183,1377,2.1194
183,776,2.1147
183,239,2.0654
679,1189,4.6099
679,1150,3.1874
679,1030,2.9776
679,894,2.7939
178,1002,19.6001
178,660,17.3307
178,467,14.882
178,630,12.9692
178,201,11.637
178,676,9.3638
178,928,9.109
178,225,8.6287
178,333,8.5448
178,196,8.3036
178,464,7.4948
178,338,6.9671
178,351,6.529
178,470,6.4548
178,855,6.3955
178,319,6.0934
178,1016,5.9438
178,1051,5.8289
178,658,5.6366
178,1173,5.2706
178,243,5.2062
178,180,4.9719
178,235,4.9646
178,538,4.746
178,389,4.735
178,612,4.5908
178,1089,4.4765
178,585,4.4711
178,548,4.3399
178,605,4.2268
178,1137,4.1531
178,185,4.1257
178,808,4.0347
178,182,4.0211
178,624,3.9543
984,1012,1.9106
800,1354,3.1077
800,1230,2.9796
800,871,2.7507
800,1059,2.5381
800,860,2.4891
800,911,2.3865
800,1124,2.3258
190,341,14.0481
190,1147,8.7508
190,892,8.5683
190,802,7.5764
190,561,7.0753
190,206,6.6586
190,950,6.1574
190,419,5.9391
190,1352,5.725
190,365,5.6208
190,1071,5.5275
190,827,5.4671
190,325,5.4646
190,241,5.3744
190,595,5.0423
190,562,5.0362
190,956,4.889
190,327,4.4038
190,1190,4.4011
190,227,4.3877
190,293,4.3702
190,238,4.2989
190,1362,4.297
190,873,4.2769
190,782,4.2261
190,297,4.0951
190,402,4.0651
190,323,3.9814
190,239,3.766
190,255,3.7517
190,376,3.6281
190,405,3.4528
190,1080,3.3934
190,267,3.3879
190,548,3.2767
190,282,3.265
190,506,3.245
190,535,3.2343
556,607,4.9285
556,620,4.2243
556,623,4.2162
556,1239,4.197
556,587,3.7668
556,654,3.491
556,982,3.1205
556,851,2.9295
556,699,2.8528
556,938,2.7716
556,776,2.6606
556,1238,2.6558
556,741,2.5864
556,1217,2.4489
556,878,2.3873
556,802,2.3818
1074,1314,2.1241
1074,1356,1.8712
1074,1317,1.6907
1074,1173,1.5425
746,1152,6.139
746,956,5.6318
746,936,4.1566
746,1346,3.8606
746,782,3.1919
746,984,3.067
746,848,2.9857
746,1146,2.946
746,1024,2.8806
746,790,2.8129
746,1128,2.7439
746,811,2.5359
616,624,5.292
616,901,4.4761
616,836,4.1618
616,955,4.1504
616,1258,3.965
616,845,3.8056
616,909,3.7388
616,720,3.3541
616,1082,3.351
616,683,3.2814
616,808,3.2703
616,759,3.0884
616,652,2.9577
616,968,2.9461
616,986,2.9454
616,762,2.7408
616,880,2.5081
956,965,5.0967
201,591,11.9243
201,676,11.1489
201,301,11.0416
201,289,9.5263
201,467,8.2189
201,657,7.5626
201,1002,6.9666
201,528,6.7685
201,542,6.4294
201,671,6.3875
201,432,6.311
201,491,6.2885
201,351,6.1982
201,801,6.0771
201,822,5.9749
201,630,5.5876
201,254,5.349
201,928,5.2992
201,855,5.1121
201,586,4.4042
201,441,4.3718
201,333,4.1659
201,607,4.0835
201,583,4.0174
201,404,3.9843
201,391,3.9327
201,639,3.8363
201,1250,3.7933
201,246,3.6932
201,1164,3.5594
201,306,3.5316
201,655,3.5005
201,1118,3.4498
201,808,3.3089
201,1080,3.2376
201,489,3.2273
464,818,7.3915
464,1189,5.6407
464,512,5.5632
464,719,5.1332
464,467,4.7662
464,915,4.6129
464,1041,4.552
464,630,4.4876
464,831,4.3643
464,932,4.2869
464,855,4.1645
464,856,4.0435
464,686,3.9833
464,535,3.9392
464,835,3.8109
464,595,3.6923
464,585,3.2807
464,1247,3.2513
464,739,3.2413
268,357,13.7366
268,359,8.6098
268,281,7.7859
268,645,7.5959
268,845,6.1485
268,334,5.8104
268,360,5.5693
268,808,5.5558
268,1006,5.5248
268,527,5.3639
268,1061,5.3273
268,396,5.3005
268,646,5.2622
268,286,5.2308
268,972,4.7766
268,514,4.6891
268,381,4.682
268,1293,4.6418
268,1053,4.5774
268,441,4.5291
268,936,4.4139
268,750,4.4037
268,1237,4.3993
268,302,4.3773
818,1211,6.3056
818,820,5.5879
818,858,5.3173
818,975,5.0691
818,1244,4.3006
818,1175,4.0283
818,853,3.2115
818,948,3.0646
818,1041,2.7899
818,1090,2.6895
818,1203,2.5011
818,930,2.4334
524,661,16.5485
524,634,11.406
524,673,7.8867
524,645,5.4739
524,834,5.0493
524,642,4.1999
524,742,4.057
524,722,4.0429
524,817,3.9669
524,741,3.5688
524,972,3.5111
524,588,3.1458
524,982,3.0818
524,590,2.8553
411,439,9.2532
411,624,8.6977
411,543,7.0342
411,679,5.9476
411,420,5.3531
411,836,4.8986
411,754,4.6815
411,470,4.6672
411,1253,4.3406
411,588,4.321
411,1258,3.8353
411,514,3.8321
411,479,3.5384
411,538,3.5164
511,573,11.3022
511,598,8.0729
511,535,6.279
511,956,6.2369
511,560,5.7254
511,643,5.3813
511,746,5.3755
511,725,5.3677
511,835,5.0879
511,577,4.6548
511,1171,4.1772
511,829,4.0162
511,1167,4.0121
511,1176,3.8879
511,1270,3.4915
511,684,3.4419
511,1314,3.3849
511,554,3.3832
511,578,3.3279
713,1209,7.4694
713,808,5.7668
713,997,2.8427
713,775,2.6313
713,1150,2.4176
713,820,2.2208
713,1040,2.0851
713,971,2.0589
713,829,2.0487
713,726,2.0098
713,793,1.8605
713,735,1.8405
713,736,1.8291
713,760,1.8124
713,975,1.7963
614,1090,5.5896
614,744,4.07
614,764,2.7794
614,1146,2.6487
614,717,2.4716
614,1229,2.4026
614,1045,2.389
614,1204,2.3343
614,823,2.2744
614,789,2.2391
614,792,2.207
614,830,2.1557
614,936,2.1424
1,77,130.8
1,97,52.0784
1,83,19.838
1,123,17.4312
1,762,9.9382
1,849,9.9206
1,735,9.7105
1,301,8.006
1,153,7.7423
1,1361,7.5862
1,1084,6.6828
1,826,6.2307
1,539,5.5875
1,1138,5.5127
1,405,5.4592
1,621,5.4152
1,248,4.8131
1,802,4.6374
1,741,4.4219
1,34,4.3924
1,1176,4.3839
1,827,4.2545
1,635,4.0616
1,611,3.6659
1,58,3.596
1,1115,3.5268
1,68,3.5207
1,1346,3.4936
1,450,3.3422
1,509,3.2701
1,976,3.2294
1,695,3.1997
1,561,3.1431
1,216,3.0659
1,118,3.0185
1,464,2.9589
1,73,2.8325
1,328,2.822
1,485,2.7231
1,1102,2.7089
1,815,2.5092
1,398,2.3066
1,592,2.3006
1,828,2.2877
1,880,2.2804
1,1329,2.2106
1,1276,2.0912
1,24,1.9967
1,267,1.9961
1,763,1.9606
901,1173,3.9288
901,1158,3.3245
901,1150,3.1417
901,1137,3.1141
901,951,3.0764
901,1188,2.8323
901,1327,2.7593
901,1030,2.729
77,97,45.3972
77,83,15.2267
77,849,9.4596
77,123,8.8658
77,450,7.1051
77,735,6.9283
77,301,6.5001
77,485,6.199
77,153,6.1202
77,762,6.0902
77,826,5.4023
77,635,5.1205
77,1361,4.3901
77,1115,4.3647
77,328,4.2211
77,741,3.99
77,248,3.8413
77,513,3.7323
77,464,3.3395
77,763,3.3175
77,1041,3.2331
77,1276,3.1167
77,405,3.0964
77,621,2.9108
77,1138,2.8515
77,695,2.6768
77,1084,2.6607
77,815,2.6533
77,539,2.6184
77,408,2.5972
77,802,2.5839
77,234,2.4828
77,146,2.422
77,1102,2.3728
77,1176,2.3233
77,243,2.2428
77,976,2.1152
77,398,2.0352
77,853,2.0337
77,164,2.0332
77,1019,2.0219
975,1244,5.2512
975,1211,3.9975
975,1007,3.9233
975,1040,3.7309
975,1156,2.8711
220,543,17.181
220,386,13.5668
220,720,10.2181
220,1158,9.8382
220,901,9.3111
220,934,8.1042
220,461,7.7997
220,836,7.4823
220,384,6.9806
220,499,6.9245
220,904,6.7213
220,727,6.6572
220,498,6.5506
220,545,5.9827
220,225,5.7267
220,273,5.6554
220,242,5.5724
220,1107,5.5256
220,478,5.4337
220,606,5.1685
220,259,5.1085
220,281,5.1043
220,399,4.9822
220,411,4.9505
220,230,4.6806
220,1089,4.6523
220,762,4.5611
220,609,4.4438
220,333,4.3506
216,247,8.1487
216,1038,5.8588
216,1050,5.8229
216,1174,5.3275
216,925,5.311
216,1348,5.1059
216,468,4.3683
216,949,4.3134
216,244,4.1048
216,338,3.9495
216,1058,3.7884
216,507,3.7561
216,231,3.7298
216,778,3.6191
216,930,3.4878
216,506,3.4356
216,548,3.2819
216,999,2.9807
216,828,2.8748
216,354,2.7647
216,1048,2.6261
216,387,2.6234
204,259,19.2561
204,548,13.0632
204,257,11.6125
204,515,10.2335
204,332,7.6251
204,466,7.3467
204,532,6.7834
204,1016,6.6812
204,642,6.3402
204,923,6.3293
204,572,6.241
204,698,6.1939
204,404,6.1334
204,347,6.0876
204,357,5.2818
204,410,4.9879
204,653,4.8843
204,273,4.8475
204,1177,4.7409
204,770,4.655
204,463,4.6311
204,519,4.4035
204,671,4.2434
204,956,4.0792
204,235,4.055
204,557,4.0176
204,650,3.9956
204,356,3.865
204,1064,3.8489
204,610,3.8483
204,274,3.6417
204,335,3.6288
880,1177,2.8598
880,1273,2.6056
880,1158,2.5426
880,883,2.4837
1219,1314,2.4743
717,1038,6.5453
717,1149,5.2129
717,952,4.495
717,1301,4.2671
717,1144,3.9557
717,949,3.6132
717,1299,3.44
717,778,3.041
717,876,2.8879
717,971,2.6234
717,1374,2.6231
717,1348,2.5104
717,817,2.5036
717,1137,2.3182
458,608,9.1943
458,731,7.1241
458,797,7.0022
458,480,6.9051
458,680,6.686
458,672,6.6376
458,734,6.349
458,1255,6.1191
458,1315,5.5254
458,685,5.3038
458,752,5.2873
458,961,4.8487
458,832,4.701
458,759,4.5058
458,495,4.4873
458,590,4.4702
458,674,4.43
458,1036,3.7455
458,466,3.4511
458,780,3.3163
458,532,3.1895
458,811,3.0983
458,847,2.9766
458,1062,2.9439
693,731,4.9221
693,1012,3.3693
693,774,3.1553
693,1255,3.1286
693,947,3.1164
467,1002,11.0478
467,1060,8.1952
467,855,7.7223
467,660,6.6476
467,753,6.5611
467,928,6.5408
467,630,6.5185
467,591,6.464
467,609,6.4321
467,854,5.8822
467,586,5.3981
467,1016,5.34
467,761,5.0713
467,808,4.2054
467,1173,4.105
467,1150,3.8802
467,727,3.7874
467,838,3.7782
467,716,3.6737
467,654,3.672
371,402,8.8822
371,1090,6.4376
371,853,5.8841
371,607,4.4008
371,857,4.1716
371,405,3.8714
371,554,3.8493
371,515,3.7297
371,746,3.6478
371,430,3.5456
371,824,3.4072
371,449,3.3437
371,509,3.3214
371,624,3.3031
371,775,3.241
371,980,3.1155
371,1081,3.1126
371,690,3.0198
371,610,2.9424
371,511,2.8885
371,388,2.8602
371,496,2.8513
61,95,8.4534
61,257,7.7058
61,171,7.4569
61,427,6.9001
61,492,6.8466
61,342,6.2661
61,1020,5.8203
61,80,5.7844
61,310,5.7063
61,71,5.6887
61,360,5.3515
61,358,5.3095
61,706,5.2826
61,454,5.1562
61,110,4.97
61,471,4.9679
61,1026,4.9423
61,150,4.7496
61,117,4.7226
61,134,4.5936
61,973,4.5856
61,252,4.5755
61,619,4.4392
61,165,4.4231
61,124,4.4035
61,520,4.3455
61,111,4.3391
61,79,4.3087
61,75,4.2899
61,714,4.2515
61,193,4.2292
61,587,4.2238
61,1280,4.1957
61,439,4.1874
435,661,20.1477
435,634,8.6053
435,673,7.3395
435,524,7.1582
435,588,5.4606
435,741,5.3468
435,948,4.9621
435,542,4.2567
435,679,3.4152
435,447,3.1007
435,972,3.1005
435,982,3.0505
435,1150,2.9283
435,463,2.8607
435,1170,2.8213
435,722,2.8139
435,834,2.7488
435,1128,2.6109
435,590,2.4607
435,1356,2.4376
435,911,2.3706
227,323,16.4973
227,341,16.4693
227,669,14.0247
227,401,11.7608
227,385,11.6275
227,297,10.6501
227,255,10.4223
227,737,9.8625
227,239,9.6126
227,469,8.937
227,682,8.6918
227,581,8.5086
227,349,8.3264
227,956,7.0105
227,326,6.9931
227,971,6.9196
227,1098,6.8416
227,756,6.6437
227,953,6.6139
227,554,6.3442
227,450,6.2174
227,1117,6.0004
227,1008,5.6234
227,781,5.5589
227,567,5.4009
227,1226,4.9181
227,746,4.8527
227,350,4.7856
227,1242,4.7034
227,593,4.5912
227,456,4.5338
227,664,4.3849
166,479,9.5256
166,642,8.6305
166,257,7.502
166,172,7.1878
166,310,7.1478
166,173,7.0837
166,277,6.7132
166,221,6.555
166,1036,6.5366
166,1245,6.3342
166,531,6.3245
166,607,6.0623
166,590,6.0043
166,471,5.9381
166,541,5.5745
166,430,5.4275
166,756,5.3913
166,752,5.3888
166,342,5.3814
166,973,5.378
166,566,5.3022
166,499,5.1873
166,198,5.0151
166,487,5.0013
166,200,4.9478
166,913,4.7671
166,312,4.7447
166,306,4.7237
166,377,4.6792
166,1312,4.6643
166,354,4.5406
166,967,4.3551
257,454,11.3361
257,706,10.2724
257,445,8.7958
257,674,8.6955
257,427,7.8751
257,832,7.724
257,310,7.5649
257,399,6.7514
257,500,6.7329
257,343,6.5108
257,377,6.4201
257,1111,5.9291
257,672,5.9258
257,489,5.9172
257,1026,5.796
257,342,5.1238
257,263,4.8889
257,590,4.8284
409,827,5.2371
409,421,5.15
409,1240,4.8627
409,719,4.4124
409,491,4.1463
409,741,4.1447
409,591,4.0317
409,722,3.86
409,433,3.7576
409,896,3.6525
409,615,3.6294
409,659,3.4033
409,441,3.2576
409,527,3.1084
409,580,2.9812
409,982,2.9752
409,528,2.9666
409,673,2.8834
488,676,9.2957
488,650,6.3263
488,515,5.1346
488,608,3.2749
488,1295,3.2679
488,1178,3.2491
488,520,3.2098
488,548,3.2018
488,1103,3.1252
488,947,2.959
488,822,2.8863
488,684,2.758
488,541,2.6558
488,586,2.5971
488,657,2.5423
488,1369,2.5375
1204,1238,2.4644
976,1243,3.4944
976,980,3.3409
976,1271,2.6179
976,1042,2.613
976,1025,2.5487
976,998,2.218
976,1010,2.1504
976,1074,2.1456
1190,1235,1.9802
1190,1319,1.653
796,828,2.6863
796,1133,2.3503
796,1115,2.2555
796,812,2.1518
796,913,1.9652
796,954,1.9441
796,1071,1.8209
1279,1301,3.9837
18,92,52.7363
18,328,14.7466
18,199,12.7049
18,721,7.0021
18,468,6.3239
18,692,5.832
18,493,5.24
18,853,5.0813
18,1184,4.8203
18,891,4.7137
18,45,4.2415
18,523,3.836
18,722,3.7388
18,571,3.6211
18,252,3.5132
18,1199,3.4296
18,983,3.3552
18,508,3.2901
18,312,3.2677
18,264,3.2297
18,295,3.0359
18,27,2.9057
18,407,2.8645
18,826,2.8506
18,480,2.8046
18,773,2.7932
18,709,2.756
18,1077,2.6265
18,1327,2.5998
18,221,2.4914
18,478,2.4302
18,156,2.4147
18,497,2.3494
18,1361,2.3338
18,525,2.3313
18,1041,2.3094
18,306,2.3039
18,175,2.2342
18,902,2.197
18,48,2.1599
18,1367,2.1399
18,1007,2.1323
18,487,2.1306
18,1127,2.0772
18,231,2.0437
18,1279,1.9902
18,431,1.9846
18,355,1.9801
18,863,1.9717
765,1063,4.1801
765,1302,3.8256
765,972,3.6645
765,997,3.1773
765,829,2.9088
765,1110,2.8796
765,819,2.606
765,818,2.5824
437,525,6.4156
437,917,6.3497
437,614,5.5973
437,941,5.3775
437,859,4.934
437,583,4.4204
437,767,4.3612
437,514,4.3496
437,945,4.1553
437,646,4.1276
437,893,3.6445
437,644,3.5979
437,858,3.5526
437,775,3.537
437,567,3.5357
437,997,3.3701
829,956,9.2913
829,833,4.2974
829,1022,4.0162
829,1299,3.8324
829,1251,3.693
829,1230,3.6806
829,1050,3.3436
471,607,7.863
471,755,4.9819
471,684,4.677
471,985,4.3641
471,1369,3.6636
471,492,3.4378
471,674,3.0129
471,1132,3.0021
471,718,2.8803
471,1026,2.8379
471,482,2.8338
471,752,2.7268
471,507,2.715
471,556,2.69
735,828,3.0719
735,837,2.5431
735,753,2.2254
735,802,2.089
293,496,6.4842
293,348,5.7988
293,954,5.6717
293,345,5.6423
293,357,5.2508
293,316,5.1855
293,501,4.9899
293,314,4.3926
293,512,4.3513
293,517,4.3085
293,1216,4.2356
293,495,4.1687
293,534,4.1185
293,1132,4.0092
293,860,3.7375
293,484,3.6417
293,828,3.5925
293,465,3.5124
293,732,3.2901
293,553,3.2557
293,405,3.2069
293,800,3.138
293,415,3.1188
293,621,3.1179
293,591,3.1031
293,724,3.0785
293,766,3.0678
1063,1073,3.3331
430,547,4.9923
430,441,4.7207
430,607,4.3188
430,1020,4.0919
430,1082,3.3723
430,623,3.2101
430,671,3.1274
430,484,3.0995
430,752,3.0498
430,668,2.9626
430,693,2.9234
430,795,2.7836
143,842,15.9929
143,161,12.0048
143,172,11.3902
143,257,11.2375
143,198,10.7142
143,167,9.6286
143,277,8.5269
143,420,7.8048
143,267,7.5407
143,633,7.4672
143,430,7.4176
143,309,7.2429
143,754,7.0472
143,590,6.9887
143,166,6.9882
143,499,6.9313
143,634,6.8505
143,661,6.7724
143,396,6.5182
143,1036,6.2417
143,572,6.2204
143,374,6.1976
143,706,6.1223
143,300,6.0548
143,568,6.043
143,282,5.92
143,795,5.8676
143,588,5.8668
143,736,5.8653
143,221,5.8143
143,673,5.7166
143,671,5.6952
795,1338,3.0084
795,838,2.9274
795,972,2.7286
795,829,2.5336
795,842,2.4082
795,817,2.3862
795,1377,2.371
795,1026,2.2349
795,834,2.148
795,854,2.0802
560,1114,6.4604
560,859,5.0243
560,643,4.9044
560,684,3.4115
560,1033,3.2649
560,725,2.9439
560,736,2.7755
560,1343,2.7657
560,687,2.742
560,1036,2.7207
560,1119,2.6971
560,938,2.6528
560,1369,2.5019
560,883,2.3538
58,1078,14.5223
58,323,11.9365
58,804,10.1133
58,402,10.0135
58,597,9.3476
58,120,7.4008
58,1034,7.3412
58,67,7.3401
58,83,7.0562
58,1203,6.8872
58,611,6.5155
58,708,6.0079
58,255,5.8679
58,259,5.7527
58,482,5.5547
58,572,5.311
58,63,5.269
58,114,5.1834
58,77,5.0278
58,831,4.8556
58,286,4.8169
58,139,4.8157
58,621,4.8115
58,757,4.5934
58,363,4.5884
58,794,4.5617
58,371,4.5482
58,664,4.5106
58,124,4.5099
58,512,4.5002
58,442,4.4468
58,298,4.4012
58,443,4.2594
58,835,4.255
58,197,4.1912
58,72,4.1836
58,753,4.1662
58,221,4.1642
58,141,4.0972
58,456,4.0932
58,699,4.071
58,826,3.9994
58,768,3.9741
716,776,3.7035
716,1058,3.2169
716,726,2.7169
716,1178,2.6407
716,915,2.398
716,1016,2.3477
716,1327,2.2245
716,773,2.131
716,720,2.1256
716,1122,2.1122
716,750,2.0923
716,1055,2.0336
716,779,2.0124
716,1109,1.9723
716,761,1.9616
40,350,26.3605
40,105,20.6858
40,803,18.8385
40,55,18.3303
40,846,17.6709
40,279,17.6363
40,275,15.1652
40,401,13.3975
40,670,13.2838
40,116,12.7273
40,74,12.6444
40,611,11.558
40,98,11.364
40,51,11.1048
40,349,10.7396
40,234,10.0437
40,290,9.9614
40,446,9.9359
40,236,9.901
40,447,9.7664
40,669,9.7573
40,326,9.6928
40,53,9.6422
40,408,8.9168
40,902,8.8127
40,338,8.6241
40,610,8.1724
40,1018,8.0896
40,575,7.8225
40,593,7.5655
40,510,7.5525
40,769,7.5377
40,1308,7.5264
40,104,7.3225
40,436,7.0603
40,199,6.9557
40,252,6.8565
40,1213,6.7224
40,400,6.7018
40,442,6.6346
40,62,6.6119
40,113,6.5438
40,433,6.393
40,826,6.3171
40,267,6.1893
40,239,6.1143
40,47,6.0512
324,664,12.8985
324,412,12.8672
324,341,7.8109
324,385,7.6985
324,978,7.0044
324,562,5.1034
324,506,4.7888
324,406,4.3546
324,460,4.3311
324,360,4.1134
324,677,3.1152
324,611,3.0904
324,554,3.0239
324,529,2.8743
324,999,2.7841
324,415,2.7457
324,821,2.6408
324,652,2.624
324,1048,2.3323
324,1008,2.284
324,499,2.1803
324,653,2.1187
324,790,2.1013
324,491,2.0682
324,1042,2.0598
990,1020,5.0112
990,1026,3.9349
990,1238,2.5494
990,1095,2.2874
990,1295,2.0927
990,1209,2.0043
1152,1171,3.1356
1152,1161,1.5294
913,1063,2.6041
913,1236,2.4707
913,1226,2.3052
913,1036,2.2021
913,1028,2.1301
913,997,1.8668
1025,1321,2.3478
1025,1195,2.3396
776,972,3.3014
776,795,3.1374
776,1060,3.0623
776,1336,2.5303
776,1338,2.465
59,284,15.4519
59,93,13.2046
59,153,9.5606
59,381,8.5044
59,617,7.3571
59,1061,7.3512
59,303,7.186
59,156,7.1689
59,159,7.1611
59,305,7.0964
59,532,6.5027
59,218,6.4638
59,195,6.2563
59,81,5.2042
59,414,4.9814
59,340,4.943
59,171,4.9156
59,888,4.6803
59,216,4.5842
59,527,4.5745
59,1119,4.5138
59,1131,4.5074
59,357,4.4511
59,478,4.4045
59,1193,4.4007
59,250,4.3214
59,299,4.2784
59,363,4.2053
59,995,4.1553
59,234,4.0527
59,557,3.9965
59,776,3.9807
59,136,3.9443
59,359,3.9434
59,312,3.8297
59,548,3.769
59,274,3.6809
59,391,3.6421
59,69,3.4667
59,166,3.4147
59,130,3.4103
59,142,3.2922
59,387,3.271
59,1246,3.2673
59,1308,3.2622
1233,1258,2.3599
1233,1343,2.1147
115,144,27.2196
115,276,13.5326
115,482,10.571
115,210,10.0859
115,336,9.5896
115,163,9.0441
115,117,8.5984
115,623,8.4529
115,118,7.9979
115,492,7.8096
115,938,6.6332
115,171,6.4269
115,310,6.1365
115,257,5.9712
115,263,5.9699
115,1369,5.7581
115,221,5.5549
115,342,5.5457
115,141,5.5362
115,380,5.4795
115,246,5.3125
115,600,5.2035
115,748,5.134
115,363,5.0379
115,725,4.9985
115,1363,4.9889
115,479,4.9034
115,369,4.8296
115,484,4.7429
115,512,4.6944
115,395,4.5837
115,684,4.5486
115,265,4.4626
115,499,4.4589
115,251,4.4404
115,631,4.4083
500,956,6.8825
500,528,6.2496
500,519,4.865
500,1223,3.9896
500,598,3.9041
500,655,3.8296
500,722,3.6558
500,586,3.599
500,754,3.5251
500,952,3.517
500,783,3.2234
500,607,3.1235
500,731,3.1059
500,1186,3.0568
500,654,2.7829
500,828,2.7788
372,397,6.0545
372,700,5.3436
372,840,4.5026
372,752,3.9421
372,607,3.6915
372,882,3.596
372,896,3.5927
372,445,3.5802
372,631,3.5086
372,1042,3.3387
372,1055,3.2491
372,394,3.1647
372,566,3.0363
372,767,2.9948
372,1136,2.9219
372,429,2.918
50,1334,7.5464
50,291,7.1351
50,652,6.7662
50,148,6.4613
50,101,5.6487
50,65,5.3205
50,533,5.2825
50,820,5.2328
50,975,5.0951
50,360,4.8382
50,84,4.537
50,210,4.5207
50,225,4.5129
50,940,4.4392
50,153,4.4256
50,305,4.3739
50,536,4.0275
50,316,3.9939
50,62,3.8968
50,390,3.8007
50,66,3.7828
50,151,3.572
50,1213,3.4978
50,252,3.4949
50,64,3.4705
50,202,3.4704
50,589,3.4595
50,911,3.4266
50,140,3.3759
50,793,3.3292
50,1047,3.3244
50,705,3.3165
50,858,3.2613
50,698,3.234
50,514,3.2312
50,538,3.219
50,593,3.2188
50,259,3.1692
50,664,3.161
50,161,3.143
50,237,3.0953
50,58,3.0567
417,820,17.5954
417,494,16.293
417,729,9.4449
417,736,7.9605
417,521,7.3728
417,675,4.991
417,813,4.4742
417,793,4.3634
417,997,4.2732
417,645,3.7806
417,483,3.6988
417,1335,3.4969
417,470,3.349
417,859,3.1417
417,1381,3.1237
417,1354,2.5238
417,858,2.4498
417,975,2.2039
417,689,2.0932
417,913,2.0672
417,795,2.0008
417,1247,1.9986
417,726,1.9432
8,267,15.2834
8,143,15.1925
8,349,14.7736
8,290,14.4694
8,46,12.7987
8,372,12.77
8,38,12.4863
8,567,12.284
8,206,12.1732
8,611,11.8638
8,65,11.8307
8,40,11.5232
8,255,11.4993
8,168,11.4732
8,240,11.3885
8,252,10.4246
8,382,10.3544
8,49,9.8826
8,16,9.7753
8,35,9.6881
8,323,9.3874
8,402,9.3759
8,826,9.2751
8,388,9.1558
8,296,8.6543
8,44,8.603
8,266,8.5737
8,321,8.3473
8,90,8.2245
8,103,8.2143
8,436,8.1288
8,700,8.0937
8,282,7.8493
8,27,7.8248
8,607,7.7679
8,443,7.7204
8,1259,7.6763
8,104,7.6078
8,177,7.4816
8,10,7.4389
8,193,7.41
8,55,7.3905
8,15,7.2189
8,654,7.178
8,138,7.1544
8,221,7.1276
8,106,7.0974
8,48,7.075
8,20,6.9946
748,1295,6.5399
748,1028,3.5301
748,802,3.1895
748,810,3.0594
748,938,2.8454
1239,1243,1.4093
1036,1119,5.0817
1036,1184,2.5823
1036,1360,2.4912
33,117,28.2155
33,342,14.2456
33,198,13.7192
33,499,13.3291
33,125,13.2281
33,172,12.9612
33,812,12.8893
33,676,12.4529
33,115,11.971
33,210,11.8814
33,243,9.9079
33,143,9.6947
33,49,9.3099
33,163,9.2956
33,127,8.8466
33,200,8.8316
33,1223,8.719
33,706,8.6373
33,70,8.565
33,95,8.5015
33,171,8.2253
33,605,7.9974
33,85,7.8258
33,359,7.7906
33,48,7.7906
33,257,7.5711
33,344,7.3888
33,800,7.3468
33,118,7.2784
33,715,7.2608
33,441,7.1818
33,120,7.1007
33,196,6.7963
33,767,6.7084
33,170,6.7082
33,520,6.6855
33,626,6.5639
33,167,6.5531
33,586,6.4481
33,776,6.267
33,237,6.2143
33,343,6.1436
33,310,6.1417
248,273,9.2848
248,802,7.6755
248,341,6.7468
248,492,6.4253
248,568,6.1743
248,337,5.6355
248,531,4.3194
248,470,3.9422
248,682,3.4008
248,563,3.3864
248,735,3.372
248,292,3.3544
248,399,3.1948
248,931,3.1497
248,494,3.1058
248,999,3.0121
248,1381,2.9096
248,593,2.8033
248,946,2.7937
248,748,2.7761
248,603,2.7743
248,417,2.7175
248,444,2.7085
248,1175,2.6801
248,689,2.6473
565,738,4.0323
565,956,3.9314
565,682,3.9253
565,875,3.6079
565,582,3.2245
565,1133,3.1835
565,858,2.9359
565,598,2.9163
565,1015,2.8407
565,1027,2.7444
565,788,2.6363
565,583,2.5989
565,931,2.5382
565,683,2.5233
515,1056,12.5405
515,572,8.1714
515,650,5.3346
515,872,4.437
515,606,4.0543
515,676,4.0196
515,624,3.7385
515,1178,3.5745
515,812,3.4433
515,1122,3.4091
515,838,3.3985
515,901,3.285
515,548,3.2785
515,755,3.1313
515,557,3.0345
126,257,10.4918
126,931,7.3147
126,342,7.0071
126,210,6.9162
126,623,6.0008
126,357,5.5439
126,626,5.4852
126,163,5.2141
126,470,5.2014
126,178,5.1706
126,676,5.136
126,269,4.8391
126,338,4.758
126,752,4.5506
126,302,4.549
126,605,4.5198
126,248,4.1807
126,276,4.159
126,172,4.0705
126,725,4.0516
126,409,4.0375
126,680,3.9284
126,489,3.9232
126,242,3.9022
126,136,3.8567
126,268,3.7926
126,1030,3.7671
126,243,3.7139
126,693,3.6441
126,526,3.6138
1119,1153,4.5555
1119,1210,2.7884
1119,1198,2.2582
1153,1332,1.8428
1153,1356,1.645
1153,1295,1.4551
683,824,4.0314
683,755,3.5635
683,819,3.1516
683,777,3.034
683,736,2.9432
683,1027,2.8019
766,945,3.8548
766,858,3.4709
766,976,3.0252
766,780,2.7026
766,810,2.1845
766,941,2.1013
766,857,1.9767
766,846,1.9341
766,831,1.9169
6,242,19.6108
6,1060,13.0277
6,31,12.7313
6,121,12.4683
6,177,12.2653
6,160,12.1581
6,33,11.0379
6,56,11.0248
6,369,10.7278
6,120,10.5732
6,441,9.5917
6,257,9.5872
6,366,9.2144
6,671,9.083
6,9,8.7163
6,210,8.6599
6,470,8.3241
6,528,7.5003
6,982,7.3136
6,591,7.2489
6,187,7.1104
6,306,7.0987
6,134,7.0183
6,119,6.9702
6,491,6.8558
6,280,6.8539
6,467,6.8403
6,375,6.4975
6,605,6.4053
6,243,6.3454
6,70,6.3156
6,626,6.2472
6,200,6.1385
6,64,6.137
6,624,6.0969
6,20,6.042
6,1215,5.9078
6,136,5.876
6,7,5.8759
6,500,5.8645
6,761,5.8644
6,126,5.8643
6,143,5.7988
6,805,5.7547
6,430,5.7477
6,125,5.7204
6,163,5.6773
6,754,5.566
6,448,5.5632
822,1331,8.1794
822,882,2.7069
822,832,2.2314
822,1089,2.1242
822,1065,1.9911
822,1272,1.9842
822,956,1.9717
822,829,1.8046
822,1034,1.7265
1158,1327,2.644
102,223,14.0446
102,184,10.2959
102,636,9.2993
102,579,7.7876
102,195,7.661
102,472,7.0228
102,672,6.9123
102,680,6.1232
102,393,6.0767
102,135,5.9471
102,991,5.8529
102,149,5.6111
102,145,5.4728
102,174,5.4502
102,699,5.3202
102,932,5.0745
102,131,5.0136
102,1192,4.8372
102,487,4.748
102,383,4.6953
102,649,4.6264
102,447,4.5445
102,665,4.4383
102,607,4.3775
102,103,4.3745
102,342,4.3583
102,220,4.3204
102,312,4.2509
102,295,4.1735
102,224,4.0859
102,1012,3.7536
102,1284,3.5339
102,1017,3.5205
102,122,3.5046
102,177,3.4814
102,274,3.4342
102,159,3.3303
102,378,3.1944
102,1324,3.0493
102,445,3.018
102,1157,2.9985
102,163,2.991
93,1023,16.83
93,231,14.388
93,103,12.8642
93,331,12.417
93,136,10.2546
93,625,10.1491
93,177,10.1248
93,312,9.9476
93,1332,9.7711
93,122,9.4307
93,150,9.2535
93,555,9.2478
93,229,8.6328
93,1155,8.463
93,1043,7.8885
93,199,7.4117
93,247,7.2791
93,159,7.2733
93,387,7.0568
93,467,7.0007
93,357,6.8235
93,452,6.5382
93,574,6.3752
93,447,6.3671
93,1171,6.359
93,155,6.3193
93,305,6.2831
93,723,6.2787
93,701,6.2384
93,284,6.1385
93,302,5.9199
93,977,5.883
93,841,5.7112
93,742,5.5704
93,727,5.5047
93,272,5.4157
93,172,5.2088
93,168,5.1514
93,626,4.7964
93,226,4.7891
93,149,4.7376
93,712,4.5176
1161,1170,1.5649
1161,1203,1.5467
1161,1199,1.514
1161,1269,1.4466
1240,1329,2.5772
66,609,16.181
66,411,14.3026
66,186,12.4201
66,836,11.6326
66,147,10.8262
66,1343,10.1165
66,220,10.0763
66,808,9.9673
66,111,9.8491
66,161,9.4507
66,195,9.3586
66,207,8.8844
66,232,8.4807
66,543,8.3811
66,514,8.379
66,268,8.2928
66,720,7.8808
66,1016,7.86
66,845,7.8549
66,281,7.8129
66,624,7.7369
66,230,7.6638
66,225,7.6246
66,396,7.5706
66,616,7.5583
66,508,7.4814
66,420,7.3338
66,630,7.2464
66,901,6.4289
66,1233,6.3652
66,1258,6.3194
66,243,6.3191
66,377,6.3109
66,248,6.1958
66,119,6.1526
66,868,6.1123
66,406,6.0085
66,755,5.8899
66,551,5.7638
66,855,5.6818
66,121,5.5171
66,386,5.4572
66,337,5.388
66,71,5.2963
938,1026,6.0149
938,1047,2.5693
531,637,5.9696
531,1223,4.7815
531,953,4.1485
531,1022,3.943
531,667,3.3525
531,643,3.3044
531,1021,3.2648
531,698,3.2599
836,1258,5.0371
836,1162,3.2696
836,1158,3.1585
836,901,3.1241
836,1000,3.0739
836,1191,3.0151
836,1065,2.7934
4,10,17.9019
4,517,13.2417
4,356,11.7938
4,147,10.898
4,815,10.7294
4,35,10.6213
4,364,10.2873
4,9,10.1783
4,478,10.0154
4,1002,9.9102
4,512,9.7912
4,370,9.4391
4,103,9.0884
4,229,8.9356
4,426,8.903
4,534,8.8354
4,240,8.6652
4,305,8.584
4,699,8.4901
4,150,8.3264
4,236,8.3009
4,247,8.0812
4,73,7.8934
4,635,7.8111
4,613,7.6191
4,185,7.288
4,357,7.278
4,333,7.0879
4,138,7.0112
4,14,6.9543
4,856,6.6865
4,74,6.6756
4,400,6.6369
4,97,6.5734
4,314,6.3756
4,253,6.3081
4,497,6.0128
4,525,5.9864
4,286,5.8976
4,402,5.8427
4,36,5.8105
4,66,5.78
4,361,5.7195
4,241,5.6798
4,779,5.6585
4,202,5.6461
4,178,5.4614
4,48,5.4219
4,452,5.3075
4,1219,5.2767
370,613,18.2057
370,497,16.3668
370,534,11.2499
370,828,9.3215
370,601,8.1375
370,957,5.9532
370,723,5.759
370,475,5.1392
370,561,4.7008
370,724,4.4739
370,554,4.2523
370,395,3.9505
370,779,3.8829
370,1234,3.773
370,699,3.4999
370,405,3.3164
370,517,3.1979
370,512,2.8892
370,502,2.8557
370,892,2.776
370,825,2.5976
370,695,2.5057
370,1219,2.3401
370,545,2.3344
370,856,2.3102
370,592,2.2056
370,782,2.1832
370,868,2.1656
370,402,2.114
370,421,2.0984
370,656,2.0915
370,418,2.0793
35,58,39.7991
35,831,25.5354
35,240,24.5093
35,67,16.1871
35,509,15.8883
35,597,15.8801
35,835,15.0728
35,176,12.2446
35,255,12.0654
35,535,11.6143
35,892,11.3692
35,511,10.1177
35,190,9.9736
35,766,9.8027
35,664,9.4825
35,956,9.3506
35,708,9.3431
35,1078,9.1637
35,130,8.9113
35,1071,8.8212
35,52,8.5158
35,189,8.2926
35,516,7.9907
35,415,7.8415
35,371,7.7986
35,572,7.5097
35,37,7.3091
35,945,7.2978
35,613,7.1488
35,1010,6.8347
35,562,6.5887
35,365,6.293
35,802,6.2881
35,239,6.2811
35,402,6.22
35,484,6.1699
35,221,6.0018
35,950,5.9534
35,385,5.9312
35,47,5.9131
35,138,5.8517
35,1305,5.837
35,76,5.7565
35,578,5.7535
35,187,5.6452
35,114,5.6284
35,1287,5.5882
684,755,4.3347
684,1232,3.7554
684,872,3.6442
684,985,3.5006
684,700,3.3708
684,1369,3.3556
684,725,3.2986
684,1184,3.1228
684,947,2.9722
684,833,2.6438
684,808,2.6318
1140,1216,2.1834
1140,1199,2.0369
83,621,32.3508
83,97,25.1951
83,328,13.439
83,804,12.2671
83,718,8.6062
83,762,8.1104
83,849,8.047
83,485,6.6703
83,815,6.3773
83,196,5.9582
83,159,5.9186
83,493,5.4021
83,238,5.3672
83,222,5.2417
83,402,4.9681
83,261,4.9295
83,825,4.2842
83,732,4.1144
83,1115,4.0638
83,827,3.971
83,635,3.9332
83,449,3.7747
83,506,3.7209
83,577,3.7187
83,234,3.6711
83,512,3.5373
83,709,3.499
83,348,3.469
83,436,3.4668
83,592,3.4371
83,763,3.4152
83,553,3.4096
83,335,3.3961
83,1064,3.3951
83,631,3.3032
83,130,3.2648
83,695,3.2569
83,687,3.2494
83,437,3.2425
83,153,3.1929
83,164,3.1665
333,391,19.5613
333,467,14.0517
333,928,12.2304
333,855,10.5282
333,1002,10.3649
333,630,9.2322
333,362,8.0637
333,908,6.9175
333,591,6.5707
333,501,5.8186
333,739,5.5228
333,676,5.4517
333,657,5.2948
333,761,5.1446
333,335,5.0696
333,660,4.9901
333,968,4.9082
333,449,4.7872
333,662,4.6157
333,384,4.5425
333,464,4.2577
333,586,4.2191
333,585,4.1494
333,432,4.1396
333,655,4.0324
333,522,4.021
742,1231,3.8049
742,878,2.8804
742,1005,2.7883
389,854,9.0211
389,467,6.1596
389,660,5.5956
389,1036,5.5623
389,716,5.3406
389,470,4.88
389,1053,4.8461
389,494,4.5869
389,856,4.4398
389,538,4.3999
389,437,4.3313
389,393,4.0609
389,665,3.9695
389,391,3.7253
389,586,3.7217
389,525,3.5591
389,441,3.5496
389,740,3.5152
389,777,3.4296
389,591,3.3787
389,585,3.1477
389,503,3.0269
1323,1366,1.4903
707,961,5.1251
707,1036,4.053
707,752,3.568
707,1011,3.416
707,973,2.6309
707,1033,2.5661
707,797,2.5224
707,951,2.4975
707,1251,2.4395
173,457,7.0471
173,476,6.2331
173,797,6.1216
173,1157,6.0128
173,648,5.6812
173,864,5.4915
173,566,5.1843
173,690,5.0265
173,256,4.9769
173,894,4.632
173,296,4.553
173,852,4.5412
173,788,4.2487
173,180,4.1739
173,399,4.1085
173,1063,4.1021
173,707,4.0275
173,1028,3.9915
173,654,3.938
173,187,3.8302
173,331,3.8292
173,317,3.7773
173,195,3.6402
173,369,3.6338
173,608,3.5369
173,504,3.5353
173,431,3.4303
173,623,3.4173
173,1088,3.3122
173,312,3.2543
173,708,3.2245
173,842,3.2055
173,541,3.1683
609,808,7.5056
609,901,5.6366
609,1053,5.0996
609,836,4.3934
609,1343,4.2136
609,736,4.1543
609,855,4.0523
609,1258,3.7968
609,753,3.5299
609,1173,3.2396
609,928,3.0102
609,1380,2.9825
609,642,2.9686
609,1150,2.9219
609,716,2.7922
609,1230,2.6963
609,616,2.6744
609,1233,2.6132
609,755,2.4649
609,1135,2.412
499,605,6.2094
499,706,5.762
499,676,5.6361
499,600,5.5907
499,673,5.1303
499,996,3.8587
499,800,3.7841
499,619,3.7084
499,952,3.6917
499,715,3.6905
499,538,3.6109
499,633,3.4123
499,640,3.3986
408,446,9.3014
408,670,6.5984
408,611,5.4056
408,676,4.0496
408,850,3.7003
408,846,3.686
408,696,3.5962
408,879,3.3376
408,535,3.1781
408,722,2.974
408,810,2.8398
408,506,2.8106
408,993,2.7296
408,447,2.6806
408,415,2.6495
408,1213,2.6166
408,964,2.5472
408,557,2.5435
408,702,2.5367
408,419,2.3735
408,849,2.3624
408,1018,2.289
408,1106,2.0813
526,654,9.5089
526,824,6.6536
526,658,5.4625
526,990,5.3837
526,726,3.7196
526,851,3.1527
526,810,3.1129
526,545,2.7753
526,1020,2.6756
526,623,2.6443
526,856,2.5364
526,748,2.4191
526,606,2.3252
865,1299,2.874
865,1175,2.71
865,914,2.3996
865,1036,2.1151
865,970,1.7555
865,1223,1.7483
865,913,1.5884
865,1244,1.5675
540,808,6.9572
540,1182,4.1582
540,749,3.5106
540,980,3.3462
540,755,2.9021
540,817,2.4987
540,856,2.3432
540,1195,2.1463
540,551,1.9239
540,1093,1.8982
540,1025,1.7905
540,767,1.677
540,546,1.6478
540,590,1.6458
189,207,14.4098
189,415,11.9312
189,518,11.4661
189,810,11.2472
189,562,10.4768
189,711,9.8921
189,589,9.3367
189,1289,7.8577
189,965,7.8122
189,385,7.6192
189,451,7.2508
189,956,6.6399
189,1083,6.4757
189,664,6.4157
189,519,6.2869
189,1324,6.2345
189,581,6.1063
189,231,5.9998
189,396,5.8843
189,498,5.7959
189,221,5.7252
189,1165,5.3125
189,273,5.1172
189,192,5.106
189,789,5.0571
189,845,4.9531
189,821,4.9428
189,474,4.865
189,227,4.5148
189,792,4.4817
189,397,4.3701
189,418,4.2875
189,823,4.2851
189,987,4.2601
189,644,4.1756
315,463,9.3575
315,736,8.1673
315,609,7.0537
315,642,7.0022
315,1142,6.4847
315,517,6.3697
315,375,6.3135
315,525,5.8225
315,441,5.5337
315,373,5.4747
315,971,5.1123
315,1336,5.0752
315,819,5.0277
315,1301,4.9762
315,396,4.6829
315,1150,4.5537
315,588,4.4084
315,1051,4.3208
315,1016,4.2943
315,339,4.2328
315,901,4.1721
315,455,4.1641
315,750,4.1251
315,524,4.095
315,643,3.9786
315,929,3.8484
315,477,3.8278
315,720,3.8241
951,1028,2.8864
951,1036,2.4193
951,1279,1.978
951,1301,1.7689
600,1047,4.6168
600,623,3.7304
600,685,3.6232
600,672,3.4137
600,634,3.3534
600,1035,3.2768
600,832,2.9606
600,608,2.7597
600,797,2.7329
52,313,22.3476
52,183,13.8624
52,686,13.7193
52,285,13.5338
52,320,13.1594
52,563,12.4193
52,335,12.1753
52,1009,11.4129
52,376,10.1014
52,270,9.9531
52,881,9.2922
52,1149,9.2868
52,765,8.929
52,829,8.4995
52,341,8.1892
52,190,7.025
52,143,6.9703
52,949,6.7784
52,156,6.4638
52,956,6.3076
52,120,6.2505
52,206,5.9704
52,736,5.7834
52,76,5.3318
52,511,5.1868
52,222,5.1668
52,828,5.0663
52,238,5.0306
52,177,4.9909
52,419,4.9682
52,682,4.9006
52,796,4.9
52,259,4.8488
52,531,4.7982
52,314,4.7981
52,397,4.7768
52,96,4.7712
52,481,4.7297
52,1291,4.7191
52,664,4.7186
52,57,4.6804
52,209,4.6455
52,1063,4.5396
52,548,4.5146
52,725,4.4448
52,176,4.4385
52,535,4.3649
254,1186,13.5742
254,334,11.3017
254,404,9.8815
254,305,7.8187
254,960,7.7361
254,640,7.2726
254,578,7.2697
254,701,6.6721
254,1250,6.3318
254,835,6.1877
254,351,6.1576
254,828,5.6544
254,357,5.3802
254,441,4.7203
254,749,4.6386
254,1059,4.5487
254,655,4.2901
254,900,4.0834
254,592,3.863
254,491,3.761
254,956,3.653
254,327,3.6134
254,561,3.5001
254,1090,3.4897
254,418,3.426
254,909,3.3649
254,359,3.3531
254,948,3.2628
254,721,3.2493
254,346,3.2435
254,500,3.2262
254,641,3.1913
254,424,3.171
254,557,3.1462
254,769,3.062
254,442,3.0229
254,972,2.8841
254,1201,2.8351
254,782,2.8176
99,106,23.7825
99,111,13.7143
99,284,13.3692
99,764,12.828
99,602,12.1233
99,152,12.0075
99,364,10.531
99,583,9.5975
99,398,9.2929
99,1199,9.252
99,268,9.0107
99,1001,7.0064
99,273,6.9955
99,926,6.6448
99,702,6.2595
99,281,5.8682
99,226,5.8507
99,360,5.5399
99,759,5.5152
99,175,5.3315
99,286,5.2943
99,171,4.9512
99,232,4.9378
99,249,4.9185
99,416,4.8125
99,151,4.8065
99,378,4.774
99,339,4.6938
99,253,4.6694
99,814,4.6471
99,549,4.6351
99,1143,4.6208
99,237,4.5934
99,824,4.5907
99,322,4.5571
99,936,4.5462
99,115,4.3991
331,606,9.2646
331,1011,9.1425
331,797,7.1936
331,556,6.6782
331,1157,5.2587
331,339,4.7032
331,487,4.6065
331,541,4.5374
331,1153,3.9198
331,752,3.8077
331,681,3.7954
331,788,3.7883
331,431,3.7847
331,865,3.7325
331,634,3.4989
331,1036,3.4529
331,708,3.4141
331,453,3.4104
331,1332,3.3945
331,707,3.3257
331,1119,3.2975
331,726,3.2631
37,238,13.3773
37,229,7.5642
37,62,6.9801
37,512,6.7628
37,42,6.3411
37,333,5.9294
37,627,5.799
37,291,5.7144
37,56,5.6193
37,54,5.5604
37,148,5.2322
37,49,5.2182
37,1064,5.0716
37,479,5.0362
37,460,4.9645
37,433,4.9564
37,275,4.9134
37,172,4.7614
37,779,4.7452
37,774,4.7076
37,434,4.488
37,239,4.4526
37,709,4.3892
37,237,4.3602
37,411,4.3157
37,606,4.309
37,53,4.0883
37,240,4.0205
37,106,4.0169
37,162,3.9252
37,1209,3.8983
37,136,3.8902
37,695,3.8694
37,192,3.8678
37,694,3.864
37,699,3.8525
37,64,3.8467
37,186,3.8398
37,222,3.8001
37,524,3.797
37,236,3.7788
643,1114,7.5554
643,1131,5.6
643,1110,4.7315
643,713,4.0757
643,747,3.8612
643,907,3.7161
643,1165,3.5682
643,736,3.5136
643,987,3.5133
643,683,2.954
643,765,2.9301
198,309,14.5279
198,661,12.1596
198,499,9.8018
198,634,8.9606
198,524,8.5478
198,210,8.5402
198,435,7.639
198,257,7.485
198,300,7.4721
198,812,6.9724
198,673,6.9361
198,228,6.5859
198,715,6.5698
198,200,5.7302
198,420,5.6104
198,215,5.5605
198,623,5.2769
198,706,4.8676
198,676,4.8562
198,500,4.7612
198,605,4.7346
198,1170,4.5684
198,1223,4.488
198,1165,4.4224
198,314,4.3313
198,441,4.2513
198,600,4.2354
198,492,4.2164
198,586,4.1819
198,1178,4.0375
198,722,3.9998
198,427,3.9509
198,572,3.9459
198,982,3.8413
74,419,13.1393
74,113,9.2859
74,846,7.6919
74,423,7.1634
74,176,6.6945
74,401,6.4349
74,227,6.3935
74,118,6.2889
74,664,6.2117
74,447,6.0911
74,559,6.073
74,950,6.0607
74,279,5.7311
74,111,5.589
74,670,5.4309
74,581,5.3924
74,956,5.1661
74,1226,5.1149
74,212,4.9959
74,743,4.9034
74,529,4.8642
74,436,4.8028
74,116,4.802
74,658,4.7615
74,200,4.7206
74,397,4.6579
74,371,4.4822
74,168,4.4741
74,828,4.3879
74,124,4.3275
74,114,4.2201
74,1000,4.1889
74,341,4.0701
74,89,3.9583
74,350,3.8232
74,363,3.8035
74,1013,3.7064
74,822,3.6689
74,207,3.666
74,94,3.6551
74,236,3.5482
74,535,3.5032
74,567,3.4861
534,779,5.0894
534,825,5.0128
534,958,4.9147
534,668,4.327
534,553,4.0943
534,816,3.9964
534,753,3.9357
534,815,3.8897
534,567,3.585
534,915,3.5741
534,840,3.5206
534,561,3.3111
534,638,3.2171
534,782,3.2083
534,1234,3.1229
534,545,3.0944
534,613,3.0895
855,928,6.7575
855,1002,5.2405
855,1080,3.7922
855,1016,2.8711
855,1164,2.7907
725,846,6.5353
725,824,4.1791
725,993,4.1211
725,1154,3.9898
725,829,3.8739
725,956,3.681
725,782,3.6349
725,1038,3.4514
725,805,3.0273
725,1184,3.0002
725,1348,2.8276
725,995,2.8004
297,1015,15.8065
297,584,11.899
297,1326,9.0524
297,491,7.1058
297,792,6.5691
297,323,6.5534
297,756,5.7568
297,987,5.5289
297,1021,5.5244
297,385,5.2193
297,450,5.2099
297,565,4.9549
297,413,4.9093
297,737,4.6925
297,569,4.4225
297,877,4.2479
297,1048,4.1991
297,733,3.9546
297,1081,3.9119
297,641,3.8318
297,1071,3.7472
297,853,3.7364
297,503,3.6693
297,496,3.5506
297,835,3.3889
297,391,3.3367
297,554,3.2171
297,1358,3.2092
297,470,3.1928
297,322,3.1909
297,325,3.1148
172,310,9.6643
172,200,9.5807
172,590,7.6132
172,612,6.7869
172,817,6.32
172,454,5.8412
172,389,5.7255
172,267,5.6039
172,731,5.5736
172,626,5.511
172,491,5.4707
172,499,5.2601
172,238,5.1728
172,210,4.9893
172,824,4.748
172,394,4.5284
172,586,4.4425
172,225,4.4133
172,452,4.2717
172,538,4.2686
172,1255,4.1458
172,361,4.1335
172,228,4.1241
172,196,4.1018
1171,1261,1.7773
313,829,9.1371
313,765,7.26
313,325,6.4219
313,548,5.7612
313,795,5.6352
313,753,5.0407
313,563,4.9858
313,320,4.4795
313,1377,4.4533
313,1063,4.3067
313,1038,4.1925
313,434,4.1813
313,1163,4.1316
313,568,3.9303
313,462,3.7588
313,470,3.6484
313,556,3.5381
313,897,3.4652
313,861,3.4206
313,463,3.3962
313,343,3.3678
313,949,3.1039
313,363,2.9951
313,645,2.9414
313,632,2.7769
313,1070,2.7425
313,1174,2.7421
313,828,2.6662
313,338,2.6618
1128,1154,2.1323
1012,1062,6.2007
1012,1255,2.7181
1012,1366,2.3274
1012,1063,2.3185
103,272,23.9518
103,628,18.7157
103,452,17.3065
103,840,14.9904
103,353,14.2784
103,574,12.3823
103,122,12.2119
103,841,11.9968
103,508,11.6556
103,447,11.2252
103,147,10.8998
103,266,9.2717
103,433,9.2419
103,478,8.6915
103,617,8.6835
103,174,8.4501
103,416,7.8825
103,177,7.6569
103,1128,7.6321
103,168,7.6261
103,807,7.3499
103,155,7.1875
103,700,7.0761
103,172,6.9171
103,387,6.6337
103,282,6.5897
103,138,6.551
103,464,6.2103
103,424,5.9376
103,435,5.8464
103,719,5.6146
103,1324,5.5426
103,158,5.3281
103,1350,5.2456
103,870,5.2391
103,992,5.2235
103,559,5.2227
103,389,5.1718
103,199,5.1633
573,725,5.7865
573,751,4.9185
573,1193,4.2409
573,956,4.1995
573,1167,4.1523
573,598,3.4545
573,1314,3.4034
573,824,3.2093
573,1165,3.1253
573,987,3.0187
573,1184,2.8839
573,850,2.6255
573,1033,2.5431
847,1226,3.4831
847,1012,3.4579
847,856,2.6152
847,899,2.5825
847,916,1.969
847,1255,1.8496
847,938,1.7172
469,510,6.1681
469,652,5.9701
469,941,5.7409
469,858,5.5898
469,554,5.2344
469,744,4.5366
469,506,3.4691
469,733,3.1865
469,1147,3.0503
469,825,3.0319
469,819,2.9866
469,1247,2.9253
469,669,2.8895
469,553,2.8486
469,1163,2.5447
469,790,2.4732
469,686,2.3702
469,581,2.3697
1000,1248,4.8698
1000,1221,2.4037
1000,1131,1.6622
1000,1233,1.587
1000,1044,1.5636
512,517,7.3493
512,828,6.6185
512,1189,5.4558
512,592,5.0047
512,1133,4.7811
512,613,4.7646
512,525,4.7016
512,793,4.6577
512,595,4.5764
512,1071,4.3194
512,1007,3.8111
512,607,3.7381
512,856,3.7216
512,522,3.7078
512,635,3.583
512,1300,3.1977
512,913,3.189
512,815,3.1495
620,827,3.3529
620,1063,3.0915
620,685,2.9359
620,924,2.8419
620,941,2.7651
620,787,2.748
620,1224,2.6311
620,792,2.5438
620,803,2.4079
620,829,2.3961
620,697,2.3248
620,725,2.3188
620,672,2.245
620,902,2.1832
620,726,2.1455
620,647,2.1444
620,684,2.0778
1132,1164,1.792
1132,1216,1.766
1132,1235,1.6619
1067,1308,2.5098
1067,1118,1.797
1067,1326,1.6313
1067,1269,1.6006
1067,1361,1.2199
120,491,12.5806
120,470,10.6116
120,129,9.7929
120,591,8.1345
120,443,7.9349
120,205,7.7075
120,309,7.6355
120,127,7.3867
120,738,7.1838
120,160,7.1569
120,314,6.9472
120,198,6.9092
120,172,6.765
120,270,6.5134
120,257,6.3692
120,163,6.1737
120,143,6.0352
120,673,5.9827
120,125,5.9768
120,1218,5.9049
120,1354,5.8749
120,215,5.7821
120,168,5.7765
120,210,5.6937
120,439,5.5448
120,715,5.4817
120,280,5.3109
120,310,5.2074
120,242,5.115
120,301,5.0782
120,134,5.0302
120,671,4.9694
120,587,4.9207
120,392,4.7147
120,200,4.6934
120,626,4.5365
120,641,4.5061
120,829,4.4183
854,901,7.4231
854,1149,4.2129
854,1226,4.123
854,856,3.7348
854,1063,3.7128
854,1016,3.5205
854,1107,3.3488
854,961,3.1055
854,870,2.9152
854,1101,2.8647
854,1188,2.7886
854,1173,2.6744
854,937,2.5608
854,1030,2.5111
854,1327,2.3808
724,957,4.2558
724,828,4.0825
724,976,3.5805
724,1061,2.7568
724,856,2.7277
724,1105,2.4827
121,179,12.6936
121,207,11.6875
121,526,11.5733
121,128,11.2675
121,754,11.2274
121,344,10.6035
121,369,10.3021
121,456,9.8184
121,748,9.1435
121,400,8.8066
121,810,8.7494
121,623,7.7817
121,350,7.3487
121,210,7.2455
121,605,7.1679
121,1253,6.6426
121,451,6.5942
121,237,6.4316
121,572,6.4023
121,187,6.2581
121,161,6.1759
121,126,6.094
121,990,6.0578
121,171,6.0332
121,619,5.5985
121,143,5.5792
121,482,5.5319
121,626,5.3664
121,384,5.2359
121,439,5.0529
121,1060,4.9727
121,356,4.8885
121,588,4.8599
121,1020,4.7816
121,564,4.6366
121,1028,4.6089
121,575,4.5611
778,1038,9.1453
778,1050,5.2408
778,1174,4.7346
778,999,4.0788
778,1348,3.8551
778,949,3.4547
778,826,3.4155
778,993,3.2347
778,861,3.0338
778,851,2.7823
778,1144,2.7394
778,1299,2.626
778,1353,2.5704
778,987,2.3951
778,829,2.3701
778,975,2.2973
548,829,9.4901
548,956,8.6583
548,828,7.5804
548,1002,7.06
548,668,5.7979
548,979,5.6602
548,572,5.2454
548,1177,5.197
548,778,4.5909
548,1174,4.5713
548,843,4.3734
548,827,4.3165
548,722,4.2875
548,904,4.0538
548,997,3.9656
548,837,3.9304
548,804,3.8405
1242,1316,2.4479
625,991,4.6003
625,697,4.0361
625,659,3.7067
625,977,2.4848
625,1023,2.3985
625,878,2.0813
625,1252,2.0252
625,1323,1.9399
625,864,1.8484
151,337,11.4589
151,360,8.7306
151,531,7.8967
151,854,7.2268
151,347,7.1438
151,248,6.5014
151,366,6.4921
151,212,6.4797
151,791,6.4152
151,363,6.2925
151,427,5.398
151,494,5.2461
151,377,5.1708
151,153,4.6978
151,546,4.6577
151,624,4.5585
151,243,4.3475
151,454,4.3233
151,1051,4.2089
151,272,4.1019
151,367,4.0719
151,310,4.0288
151,178,4.0278
151,223,4.0192
151,483,4.0187
151,394,3.9921
151,504,3.911
151,926,3.8649
1312,1339,2.2562
414,931,11.7171
414,438,10.5342
414,1007,9.1205
414,994,4.7888
414,826,3.986
414,729,3.8812
414,436,3.8332
414,533,3.4951
414,975,3.2889
414,645,3.2877
414,571,3.2378
414,1244,2.9953
414,1355,2.8025
414,590,2.7087
414,443,2.6807
414,1138,2.6748
414,1065,2.6361
414,444,2.6313
414,820,2.6176
414,1211,2.5792
414,889,2.5152
414,675,2.4961
168,227,13.5714
168,469,12.2801
168,341,10.9029
168,973,7.7008
168,266,7.0047
168,731,6.7831
168,255,6.756
168,190,6.5547
168,529,6.5131
168,279,6.4223
168,844,6.4032
168,581,6.1692
168,289,6.0109
168,746,5.8236
168,491,5.7815
168,385,5.7395
168,567,5.6071
168,235,5.5949
168,1117,5.5309
168,451,5.4829
168,357,5.4467
168,176,5.3819
168,664,5.3338
168,669,4.985
168,174,4.927
168,1255,4.8671
168,452,4.8239
168,371,4.7679
168,397,4.7489
168,644,4.7203
168,737,4.6421
168,807,4.6093
168,323,4.5737
277,642,7.784
277,752,6.7163
277,325,6.2375
277,470,6.1287
277,558,5.9038
277,795,5.8138
277,838,4.8373
277,1050,4.7306
277,829,4.2667
277,1110,4.2362
277,632,4.0082
277,430,3.8633
277,572,3.6296
277,754,3.33
277,1063,3.3264
277,312,3.2341
277,1028,3.2004
277,548,3.179
277,1104,3.1733
277,781,3.1566
277,590,3.1374
277,1282,3.1309
277,490,3.062
277,531,3.038
277,463,3.0183
277,313,3.0152
904,979,3.0915
904,934,2.4822
904,1248,2.1143
904,1065,2.0939
904,933,1.9251
904,1258,1.8837
651,1162,4.3626
651,861,3.8714
651,959,3.6958
651,837,3.5016
651,1348,3.1411
651,737,2.7451
651,1114,2.682
651,1299,2.5124
651,999,2.3279
651,783,2.2904
651,1177,1.959
290,670,11.6905
290,746,9.6694
290,769,6.8487
290,529,6.2376
290,1148,5.3822
290,412,4.8244
290,1034,4.2889
290,353,4.1032
290,978,4.0002
290,350,3.8658
290,1019,3.5341
290,349,3.4897
290,1080,3.1458
290,539,3.1383
290,327,3.1238
290,406,3.0455
290,523,2.9431
290,510,2.9397
290,950,2.9148
290,476,2.8434
290,737,2.7331
290,620,2.7291
290,338,2.6785
290,902,2.6779
290,687,2.6747
290,482,2.6217
290,401,2.461
290,1233,2.4083
290,1308,2.362
290,557,2.3435
290,611,2.342
290,341,2.1704
290,574,2.1342
290,446,2.0868
928,1002,11.2139
928,1030,3.562
928,1016,2.7514
928,1142,2.5625
928,1166,2.5214
928,979,2.2865
928,930,2.2042
928,1080,2.1558
928,1173,2.0583
928,1327,2.0106
928,1297,1.9826
928,1088,1.9766
928,1107,1.919
564,748,5.1613
564,1184,3.9184
564,804,3.136
564,941,3.114
564,1280,3.0436
564,1036,3.0131
564,931,2.9713
564,730,2.9439
564,1373,2.9014
564,833,2.8666
564,605,2.4978
564,947,2.468
564,1020,2.4529
1237,1324,3.2958
1178,1314,3.258
400,510,14.7906
400,780,9.6735
400,1106,7.5511
400,535,7.5339
400,446,7.2482
400,1300,7.1211
400,1225,6.7676
400,433,6.2513
400,1034,5.0417
400,687,4.9097
400,803,4.8942
400,537,4.687
400,750,4.2661
400,447,4.1408
400,411,4.1266
400,812,3.9193
400,562,3.908
400,439,3.6895
400,461,3.6451
400,626,3.4962
400,670,3.4734
509,535,10.0541
509,511,7.1731
509,892,5.4879
509,604,5.3765
509,818,5.296
509,782,4.626
509,828,4.4649
509,1265,4.322
509,1115,3.8863
509,956,3.7489
509,607,3.635
509,732,3.571
509,786,3.4496
509,575,3.1009
509,598,2.8211
509,1236,2.6472
509,835,2.5335
509,573,2.3854
340,643,11.3348
340,463,7.853
340,470,7.1718
340,548,6.7752
340,377,6.0623
340,1002,5.8831
340,907,5.7232
340,1110,5.2626
340,1030,4.8076
340,888,4.6774
340,704,3.9671
340,642,3.9362
340,532,3.7627
340,382,3.7121
340,502,3.6855
340,606,3.6622
340,630,3.5917
340,638,3.5642
340,979,3.3781
340,1209,3.3532
340,575,3.3136
340,511,3.2929
340,837,3.2652
340,1297,3.2632
340,736,3.2227
10,478,22.2962
10,364,15.7607
10,461,14.8915
10,71,14.5839
10,103,14.2103
10,14,13.9784
10,41,12.9229
10,406,12.8849
10,111,12.3982
10,286,12.2524
10,55,11.9912
10,45,11.9452
10,236,11.8645
10,62,11.577
10,446,11.4279
10,253,10.7188
10,138,10.6949
10,42,10.1854
10,447,10.0779
10,99,9.8822
10,220,9.8574
10,750,9.5343
10,400,9.3982
10,150,8.9729
10,1075,8.746
10,1258,8.386
10,836,8.1114
10,25,8.101
10,13,8.0575
10,281,7.9862
10,192,7.804
10,147,7.6986
10,546,7.5189
10,66,7.3092
10,98,7.2949
10,514,7.2911
10,202,7.2736
10,433,7.1287
10,56,7.0423
10,508,6.9442
10,1208,6.8856
10,152,6.7891
10,790,6.7035
10,59,6.6308
10,107,6.3618
10,780,6.252
10,164,6.1461
10,773,6.0321
71,656,28.3027
71,111,19.0449
71,253,18.0396
71,281,15.006
71,273,12.1157
71,629,10.8156
71,981,10.3506
71,790,9.5132
71,514,9.179
71,147,9.0634
71,469,8.9181
71,936,8.516
71,325,8.4672
71,461,8.3314
71,819,8.1445
71,220,8.1231
71,1100,7.5705
71,337,7.2613
71,750,7.0536
71,153,6.9659
71,138,6.9346
71,506,6.7558
71,136,6.7339
71,400,6.6986
71,1066,6.4871
71,364,6.4318
71,291,6.3319
71,335,6.3144
71,190,5.9196
71,478,5.9008
71,1264,5.8311
71,396,5.7476
71,1105,5.6289
71,1237,5.6081
71,946,5.602
71,984,5.5812
71,468,5.4307
657,1331,9.8778
657,822,8.9418
657,794,7.4594
657,1271,5.5988
657,832,4.8276
657,676,4.4617
657,1367,4.0777
657,855,3.5429
657,994,3.4524
657,671,3.0674
657,760,2.9318
791,894,3.1661
791,1115,2.7471
791,1252,2.5508
791,1164,2.425
791,1008,2.1517
791,827,2.1239
791,981,2.119
893,956,4.6043
893,1026,2.7994
893,1114,2.7785
893,1105,2.3785
893,1344,2.2128
893,960,2.1413
893,1064,2.0176
893,896,1.9201
436,1276,5.7637
436,647,5.1558
436,468,4.3352
436,847,3.4334
436,795,3.3975
436,700,3.379
436,820,3.2835
436,1348,3.2711
436,463,3.0679
436,575,3.064
436,1047,2.9986
436,611,2.918
871,997,3.2188
871,1269,2.7396
871,1130,1.7939
871,1145,1.7305
871,1213,1.6229
1006,1061,5.5212
1006,1032,5.2907
1006,1151,2.301
1006,1063,2.2251
1006,1237,2.2208
428,1361,7.4554
428,487,7.0016
428,1046,6.4726
428,550,5.7925
428,763,5.3594
428,722,5.2577
428,917,4.0826
428,705,3.883
428,1365,3.7359
428,726,3.4672
428,692,3.4554
428,652,3.3518
428,444,3.332
428,713,3.2097
428,432,3.1528
428,437,2.8774
428,650,2.8509
428,657,2.7761
428,571,2.5764
428,826,2.3965
428,592,2.3862
428,797,2.3824
428,510,2.3688
428,606,2.3537
858,1009,8.8956
858,859,8.251
858,1322,4.1998
858,951,4.1696
858,1353,4.0945
858,1102,3.7252
1094,1327,2.8657
1094,1232,1.9879
1094,1258,1.8382
1094,1095,1.7586
1094,1336,1.7037
1094,1143,1.6654
344,572,8.6613
344,754,6.4351
344,515,6.0953
344,1060,6.0829
344,608,6.0062
344,543,5.3631
344,513,5.2727
344,674,5.2717
344,1253,5.1754
344,629,4.9514
344,881,4.7911
344,439,4.7639
344,1076,4.7256
344,411,4.6004
344,1104,4.3366
344,361,4.1513
344,535,4.0412
344,383,3.9936
344,1109,3.9909
344,400,3.941
344,910,3.8041
344,626,3.7118
344,638,3.6545
344,1040,3.6398
344,366,3.6085
344,687,3.577
344,605,3.421
310,590,12.3971
310,427,10.7988
310,600,8.2696
310,352,8.1693
310,454,7.0342
310,797,6.8467
310,372,6.2882
310,706,6.1798
310,445,5.8731
310,1047,5.4329
310,489,5.3757
310,429,4.8916
310,711,4.8257
310,499,4.6064
310,631,4.3842
310,367,4.2651
310,731,4.1491
310,672,4.1361
310,317,4.0738
310,832,4.0727
489,631,6.4973
489,804,3.7404
489,1111,3.7339
489,1062,3.5164
489,654,3.482
489,520,3.4743
489,605,3.2873
489,824,3.2814
489,1019,3.2281
22,511,7.7062
22,127,7.2422
22,57,6.8044
22,257,6.7326
22,347,6.6529
22,35,6.4618
22,470,6.4446
22,50,6.2736
22,33,6.2632
22,70,6.1779
22,49,5.997
22,487,5.8779
22,427,5.8535
22,107,5.8255
22,124,5.8214
22,130,5.6594
22,531,5.5499
22,600,5.5367
22,500,5.5278
22,441,5.5153
22,914,5.5044
22,176,5.2545
22,829,5.108
22,1035,5.1031
22,193,4.976
22,65,4.8304
22,75,4.7426
22,191,4.675
22,205,4.6595
22,151,4.6403
22,120,4.4782
22,58,4.4287
22,249,4.4057
22,110,4.3929
22,242,4.3718
22,80,4.3677
22,136,4.3632
22,1236,4.3422
22,330,4.3209
22,363,4.2999
22,243,4.2465
22,210,4.2382
22,391,4.2236
22,605,4.1967
30,47,16.7796
30,206,12.458
30,176,12.0608
30,88,11.2838
30,244,11.222
30,429,10.7697
30,223,9.0826
30,649,8.4475
30,579,8.2593
30,809,8.0824
30,164,7.8958
30,376,7.2441
30,131,7.1374
30,269,7.0936
30,403,6.954
30,335,6.9347
30,57,6.7988
30,109,6.6844
30,291,6.5348
30,636,6.3149
30,116,6.2102
30,73,6.1605
30,42,6.0249
30,76,5.9997
30,1083,5.8894
30,946,5.7928
30,189,5.7922
30,165,5.714
30,208,5.6085
30,573,5.5868
30,135,5.4573
30,69,5.4495
30,145,5.4451
30,457,5.3995
30,149,5.3678
30,480,5.2683
30,858,5.1869
30,197,5.1115
30,493,5.0526
30,102,4.9935
30,257,4.8443
30,965,4.8103
30,270,4.7777
30,1247,4.7292
30,252,4.6702
30,49,4.6513
30,1028,4.5628
30,511,4.5088
629,656,7.6488
629,1264,4.0206
629,1100,3.6812
629,842,3.4579
629,819,3.3256
629,820,3.3059
629,1199,2.9974
629,864,2.6706
302,357,8.2536
302,626,6.3291
302,463,5.4398
302,679,5.3325
302,418,5.294
302,1032,5.108
302,1311,4.9594
302,359,4.9359
302,387,4.7205
302,909,4.4113
302,1186,4.1759
302,334,4.1523
302,580,4.0763
302,315,4.0614
302,727,3.8898
302,676,3.7894
302,441,3.7624
302,467,3.6533
1023,1201,2.4088
1023,1311,1.5928
1023,1149,1.5251
68,576,12.7149
68,166,11.755
68,1185,7.0415
68,328,6.4864
68,322,6.2749
68,393,6.0286
68,642,6.02
68,493,5.8918
68,718,5.5773
68,83,5.4989
68,130,5.4928
68,217,5.2418
68,363,5.2392
68,69,5.1297
68,762,4.7896
68,692,4.7253
68,196,4.6051
68,490,4.5894
68,97,4.505
68,426,4.3423
68,859,4.3264
68,775,4.3173
68,531,4.3144
68,785,4.145
68,732,4.1292
68,741,4.117
68,619,4.0515
68,827,4.0321
68,252,3.9927
68,176,3.7496
68,301,3.7051
68,136,3.6779
68,360,3.5191
68,1036,3.3755
68,79,3.3456
68,210,3.313
68,72,3.2885
68,368,3.2178
68,635,3.2161
196,363,8.1571
196,262,7.1918
196,1320,5.9545
196,361,5.9422
196,676,5.6898
196,605,5.5566
196,546,5.2718
196,867,5.1017
196,203,5.0445
196,264,4.8132
196,360,4.4392
196,1188,4.2698
196,236,4.1603
196,599,4.1218
196,358,4.0745
196,1263,4.0165
196,630,4.0005
196,356,3.9201
196,210,3.8793
196,286,3.7955
196,276,3.7218
196,586,3.7196
196,273,3.6813
196,235,3.6215
196,517,3.6081
196,249,3.5822
196,207,3.5335
856,1059,7.2024
856,899,3.0435
856,976,3.0155
856,1189,2.9642
856,918,2.9622
856,901,2.9136
856,887,2.9038
856,1219,2.5881
439,572,9.7362
439,456,6.2974
439,624,5.572
439,851,5.2875
439,1104,4.9947
439,1253,4.1148
439,587,4.0716
439,513,3.8693
439,1042,3.8348
439,824,3.5656
439,990,3.4901
439,754,3.4176
439,445,3.3634
439,808,3.0701
439,1040,2.9185
439,876,2.8882
439,1298,2.8738
584,1015,5.5787
584,600,4.5909
584,744,4.5504
584,732,3.3886
584,734,3.1502
584,770,3.0325
584,629,2.628
584,608,2.5928
584,1152,2.432
182,484,16.6016
182,553,16.3238
182,577,14.43
182,235,13.4505
182,601,11.3011
182,279,10.9054
182,825,10.8727
182,958,10.5366
182,612,10.3448
182,423,9.5461
182,238,8.5198
182,365,8.2972
182,886,7.7757
182,496,7.568
182,394,7.229
182,479,6.9352
182,405,6.7851
182,314,6.1461
182,1115,5.7202
182,613,5.5457
182,229,5.5337
182,485,5.4906
182,828,5.3813
182,769,5.2244
182,327,5.0245
182,475,5.0148
182,915,5.011
182,293,4.906
182,1247,4.491
182,1039,4.4717
182,640,4.4212
182,827,4.3977
182,483,4.3503
182,1240,3.9016
182,840,3.8959
182,338,3.8801
624,1188,5.822
624,901,4.7117
624,679,4.1155
624,762,4.1099
624,1343,3.6622
624,678,3.51
624,630,3.2868
624,1149,3.1793
624,657,3.1742
624,1305,3.146
624,855,3.1167
566,1101,5.9516
566,747,5.6632
566,767,4.6864
566,758,4.5343
566,605,3.7964
566,648,3.5775
566,1026,3.2822
566,596,3.1691
566,1072,3.0726
566,793,3.0678
566,864,3.0128
566,734,2.9535
566,1221,2.9293
566,1031,2.8055
566,945,2.6618
566,631,2.6304
566,833,2.6257
631,1125,5.9894
631,1189,5.3961
631,877,4.656
631,679,4.2282
631,784,4.1333
631,875,3.6307
631,635,3.5246
631,1330,3.5173
631,674,3.3615
150,357,16.4585
150,356,15.3926
150,233,14.879
150,259,14.4802
150,238,12.4902
150,798,9.2992
150,960,9.1528
150,753,9.1455
150,302,9.1253
150,463,9.0882
150,701,9.0745
150,466,8.8593
150,1327,8.2311
150,501,8.2279
150,181,7.5341
150,275,7.3651
150,1051,7.0877
150,375,7.059
150,726,7.0364
150,452,6.9481
150,588,6.939
150,274,6.9164
150,315,6.4845
150,679,6.4801
150,500,6.3782
150,441,6.295
150,305,6.2163
150,401,6.1976
150,1006,6.0967
150,474,5.8809
150,229,5.8536
150,624,5.5134
150,510,5.2835
150,289,5.2398
150,467,5.1704
150,880,5.1611
150,432,5.1141
150,736,5.0928
150,449,5.003
894,1087,3.5245
894,1028,3.499
894,1056,3.497
894,905,3.1496
894,1036,3.0813
894,1119,2.9367
894,993,2.6227
894,1088,2.5742
267,432,7.0497
267,282,5.5847
267,654,4.9278
267,668,4.9059
267,464,4.8852
267,272,4.7133
267,741,4.2906
267,742,4.1611
267,350,4.0976
267,826,4.0934
267,292,3.9997
267,593,3.8881
251,343,14.4091
251,256,11.6439
251,317,8.6147
251,463,8.5146
251,464,8.1799
251,690,7.5067
251,512,7.2012
251,260,6.5018
251,452,6.1186
251,272,6.1
251,354,6.098
251,719,5.6854
251,856,5.583
251,742,5.4152
251,267,4.9251
251,252,4.4024
251,855,4.3472
251,723,4.3316
251,319,4.0792
251,1231,3.8948
251,306,3.8659
251,585,3.6686
251,1239,3.657
251,296,3.5883
251,501,3.5663
251,481,3.529
251,480,3.4906
251,389,3.4496
251,1170,3.4403
251,878,3.3162
251,734,3.2588
251,846,3.2563
947,1118,2.5941
947,1275,2.3527
518,1289,12.9587
518,821,12.371
518,810,10.4037
518,646,5.9029
518,789,4.992
518,711,4.8646
518,917,4.5169
518,583,3.7562
518,1258,3.6507
518,1248,3.5664
518,845,3.4902
518,748,3.464
518,670,3.3644
518,794,3.0995
518,565,3.0796
518,798,3.0161
518,721,3.0092
518,1221,2.8661
518,589,2.8564
518,903,2.8497
518,1129,2.8082
868,936,4.919
868,950,3.6368
868,1258,3.0748
868,1237,2.931
868,1324,2.6804
868,1248,2.1764
747,824,3.7823
747,1040,3.2981
747,1180,3.194
747,926,3.008
747,961,2.818
747,832,2.7747
747,759,2.7259
747,1253,2.1856
747,1315,2.1603
193,296,8.971
193,748,8.8341
193,367,7.9233
193,674,7.8922
193,379,7.797
193,584,7.7928
193,372,7.3343
193,566,7.0591
193,471,6.5633
193,743,6.334
193,700,6.1766
193,821,6.175
193,257,6.1485
193,392,5.9949
193,344,5.8395
193,445,5.7169
193,489,5.5955
193,200,5.3857
193,487,5.1825
193,1101,5.1633
193,718,5.047
193,377,5.0263
193,308,4.9231
193,515,4.779
193,596,4.6703
193,342,4.5514
193,1056,4.5351
193,598,4.4581
193,877,4.4369
773,788,6.0459
773,1075,2.9156
773,836,2.5331
773,1060,2.3693
773,792,2.3483
236,451,17.9535
236,350,11.5582
236,286,10.1319
236,711,8.3926
236,364,8.324
236,386,7.471
236,365,7.3311
236,1235,7.2557
236,273,6.5047
236,646,6.3414
236,473,5.8633
236,750,5.8233
236,610,5.6988
236,1188,5.5974
236,992,5.5675
236,857,5.5574
236,730,5.4034
236,780,5.3801
236,253,5.1447
236,1240,5.0693
236,357,5.0252
236,410,4.859
236,356,4.7348
236,437,4.6874
236,567,4.453
236,368,4.4442
236,543,4.439
478,505,10.7725
478,694,8.8478
478,992,8.0028
478,508,7.477
478,570,7.3024
478,830,6.3134
478,823,5.7861
478,486,5.7657
478,819,5.6325
478,750,5.5389
478,514,5.3468
478,836,5.1521
478,646,4.9084
478,1075,4.7204
478,1143,4.542
478,721,4.4589
478,1237,4.3968
478,614,4.1782
478,1208,4.0067
478,950,3.9411
82,319,15.1153
82,402,11.3844
82,395,11.382
82,757,10.0351
82,695,8.5099
82,185,8.1155
82,723,7.2404
82,307,6.9
82,779,5.7212
82,316,5.5296
82,497,5.4675
82,900,5.2923
82,392,5.2746
82,582,4.9857
82,343,4.9561
82,234,4.8307
82,887,4.7935
82,202,4.7292
82,1341,4.6762
82,502,4.6588
82,358,4.577
82,694,4.5075
82,171,4.3916
82,1234,4.3658
82,148,4.2797
82,222,4.236
82,717,4.0138
82,627,4.013
82,654,4.0019
82,503,3.9932
82,278,3.9911
82,267,3.9478
82,400,3.9286
82,466,3.8814
82,369,3.865
82,661,3.8567
82,601,3.8465
82,97,3.8049
319,723,7.461
319,366,6.5229
319,755,6.4947
319,414,5.9579
319,615,5.9142
319,618,5.179
319,878,5.1405
319,879,5.0233
319,395,5.0066
319,1195,4.6784
319,998,4.6374
319,557,4.3619
319,695,4.2841
319,947,4.0186
319,716,3.9361
319,440,3.8376
319,534,3.6894
319,740,3.6692
319,784,3.582
319,795,3.5756
319,524,3.5599
319,522,3.5312
319,896,3.5285
319,502,3.4641
319,963,3.4485
377,411,11.6227
377,832,6.3076
377,427,5.7956
377,624,5.6367
377,608,5.5268
377,458,5.3603
377,679,5.1948
377,445,5.0433
377,532,5.0048
377,454,4.8894
377,543,4.7457
377,1255,4.5755
377,836,3.9997
377,424,3.9401
514,1044,9.3039
514,1324,8.4627
514,799,8.1273
514,1000,7.6639
514,750,7.1081
514,790,5.0185
514,814,4.9469
514,1237,4.5415
514,1248,4.4441
514,1258,4.3018
514,1075,4.2918
514,980,4.1374
514,903,4.0486
514,543,3.954
514,1129,3.8746
514,646,3.6995
514,683,3.6013
32,221,13.8516
32,121,13.0784
32,257,11.2646
32,193,11.0263
32,207,10.8611
32,143,10.5765
32,179,9.9875
32,874,9.9442
32,147,9.1681
32,171,9.1064
32,934,8.9953
32,526,8.8243
32,386,8.3758
32,128,8.0682
32,411,7.4764
32,824,7.097
32,344,7.0057
32,397,6.9548
32,439,6.6999
32,384,6.6067
32,220,6.5749
32,748,6.5205
32,361,6.4187
32,49,6.2015
32,377,6.1785
32,214,6.117
32,165,5.9421
32,774,5.9041
32,624,5.8783
32,161,5.6128
32,1263,5.489
32,693,5.3903
32,1121,5.3788
32,793,5.3619
32,356,5.3569
32,454,5.343
32,969,5.3016
32,162,5.2706
32,95,5.2005
32,372,5.1845
32,456,5.1068
32,606,5.0948
32,520,5.0574
32,342,5.0512
181,432,13.7387
181,391,13.1303
181,289,10.6261
181,655,9.861
181,657,9.2945
181,321,8.0525
181,523,8.0433
181,798,7.993
181,880,7.0716
181,292,6.675
181,581,6.3979
181,501,6.3601
181,855,5.5569
181,1331,5.4537
181,999,4.8375
181,386,4.7471
181,397,4.6703
181,467,4.4634
181,1062,4.3906
181,437,4.003
181,731,3.9104
181,672,3.7618
181,246,3.6988
181,642,3.5764
181,372,3.5138
181,389,3.5136
181,525,3.5001
181,237,3.499
181,806,3.4886
181,227,3.4247
181,220,3.3986
181,474,3.2779
181,267,3.2743
181,987,3.1855
181,591,3.0545
181,1177,3.0299
181,778,3.0254
13,194,62.8413
13,254,37.5178
13,334,27.8902
13,701,24.0772
13,1186,23.4235
13,305,23.1711
13,900,21.3791
13,238,20.3774
13,960,19.69
13,1059,18.858
13,19,18.6307
13,442,17.734
13,611,14.1377
13,206,14.0581
13,70,13.7705
13,357,13.4123
13,466,13.3522
13,1115,13.1425
13,835,12.9791
13,449,12.819
13,996,12.2576
13,1201,12.1296
13,497,11.6883
13,557,11.6822
13,433,11.6586
13,1032,11.3596
13,359,11.3327
13,53,11.306
13,150,11.1019
13,262,10.8281
13,506,10.234
13,108,10.1431
13,229,9.8581
13,155,9.3384
13,640,8.7082
13,500,8.6848
13,712,8.6836
13,404,8.5566
13,1250,8.5307
13,741,8.2264
13,721,8.2082
13,441,8.1218
13,1055,8.0308
13,977,7.7984
13,98,7.5638
13,67,7.3706
13,1216,7.2045
13,62,7.1062
13,93,7.0509
461,478,11.5406
461,606,6.3451
461,508,4.9849
461,836,4.3892
461,1248,4.2932
461,708,4.1842
461,1233,4.1638
461,750,3.9309
461,546,3.7391
461,694,3.677
461,1228,3.3151
461,656,3.2793
461,821,3.25
461,590,3.216
461,1258,3.1812
461,950,3.1118
461,830,3.0681
461,687,2.9965
461,646,2.9876
461,780,2.9258
119,439,31.1077
119,332,26.7979
119,572,18.2935
119,206,17.5161
119,658,15.7475
119,411,14.3968
119,624,13.2352
119,337,12.41
119,237,12.1397
119,344,11.8299
119,637,10.5688
119,548,10.1761
119,1216,9.9522
119,515,9.4935
119,178,8.8916
119,851,8.6921
119,1002,8.5891
119,1076,8.5117
119,812,8.1064
119,906,7.1186
119,192,7.0876
119,143,7.0579
119,745,6.9921
119,754,6.9724
119,128,6.9201
119,121,6.7391
119,1042,6.6613
119,626,6.6124
119,442,6.5748
119,629,6.5724
119,195,6.5702
119,404,6.0759
119,928,5.7258
119,377,5.7075
119,570,5.5654
119,187,5.4829
119,280,5.4467
119,1253,5.1032
119,770,5.0114
119,351,4.9707
119,225,4.8988
851,994,3.2134
851,1341,2.9058
851,914,2.805
851,965,2.7426
851,979,2.4211
45,211,19.8096
45,574,19.49
45,295,15.2997
45,353,11.1325
45,447,9.9819
45,478,9.8316
45,111,8.157
45,62,7.9343
45,99,7.6612
45,473,7.5262
45,103,7.3707
45,71,7.3058
45,497,7.2281
45,236,7.0635
45,192,7.0162
45,93,6.7742
45,352,6.6548
45,387,6.6528
45,799,6.5963
45,595,6.5842
45,281,6.5511
45,433,6.5229
45,63,6.4732
45,452,6.3427
45,220,5.8169
45,86,5.7035
45,750,5.6958
45,159,5.6538
45,47,5.5427
45,53,5.1027
45,823,5.0999
45,446,5.0567
45,328,5.0279
45,291,4.9898
45,61,4.9042
45,363,4.8588
45,327,4.8436
45,55,4.7244
45,550,4.7204
45,421,4.7135
45,94,4.684
45,726,4.6154
369,380,11.7706
369,894,7.4946
369,624,6.5157
369,1182,5.7072
369,833,5.4818
369,569,5.0907
369,392,4.8574
369,377,4.4662
369,679,4.3264
369,605,3.6571
369,660,3.4474
369,767,3.4421
369,811,3.3291
369,411,3.2531
369,399,3.2462
369,394,3.2448
369,483,3.2304
369,690,3.1966
369,427,3.0177
369,1180,2.9853
352,804,6.2205
352,807,5.9452
352,489,5.3515
352,1180,4.9728
352,445,4.7627
352,487,4.719
352,574,4.4912
352,388,4.3972
352,590,4.3856
352,618,4.3182
352,817,4.2746
352,428,4.0562
352,1021,3.9541
352,905,3.8686
352,1227,3.8483
352,369,3.8123
352,365,3.7386
336,488,9.2113
336,363,6.1013
336,520,5.38
336,342,5.0834
336,824,4.4214
336,492,4.363
336,631,4.2229
336,755,3.7759
336,526,3.7317
336,429,3.6518
336,745,3.5811
336,1369,3.4632
336,744,3.4589
336,337,3.4414
336,734,3.4058
336,364,3.3509
336,454,3.2342
336,623,3.1537
336,1028,3.1343
336,584,3.1333
336,650,3.076
336,1118,3.0497
336,486,3.0413
718,1202,5.0242
718,797,4.4574
718,1051,3.0817
718,1114,2.7537
718,1269,2.5636
718,985,2.4882
718,1256,2.3567
490,755,5.001
490,819,3.6023
490,752,3.4026
490,750,3.3601
490,653,2.9681
490,740,2.5193
490,767,2.4953
490,552,2.4269
490,784,2.3573
490,514,2.3466
490,914,2.3403
490,1151,2.2726
322,764,11.7857
322,410,11.3977
322,514,7.3795
322,546,7.2618
322,702,6.4737
322,367,6.2801
322,583,5.7832
322,959,5.617
322,750,5.5451
322,486,5.5334
322,773,5.4444
322,473,5.0744
322,1237,5.0626
322,1264,4.983
322,1129,4.8768
322,654,4.6281
322,451,4.2359
322,1235,4.1455
322,653,3.913
322,1221,3.9092
322,663,3.8593
322,656,3.8577
322,936,3.7579
322,363,3.6496
322,1085,3.6382
322,456,3.554
322,943,3.4559
1051,1173,2.4356
1051,1149,2.2825
1051,1327,2.1046
1051,1232,1.8779
380,413,7.7687
380,950,5.8157
380,522,5.5386
380,792,3.8283
380,744,3.812
380,624,3.7355
380,578,3.676
380,987,3.6066
380,770,3.4875
380,400,3.4456
380,584,3.3024
380,773,3.2687
380,711,3.1651
380,531,3.0875
380,458,2.9038
380,411,2.8273
380,627,2.791
882,947,2.5015
882,1004,2.2504
882,1352,2.1456
882,1079,2.0545
882,951,1.96
1054,1245,2.6058
1054,1107,1.9013
1054,1058,1.8048
1054,1136,1.6297
1054,1258,1.5132
1054,1116,1.4923
72,1168,10.1058
72,97,8.9644
72,286,7.7216
72,323,7.1602
72,212,7.1321
72,570,6.6367
72,371,6.5992
72,505,6.4527
72,363,6.2613
72,827,6.2575
72,694,5.8468
72,196,5.717
72,83,5.6984
72,107,5.6919
72,388,5.5038
72,79,5.4779
72,202,5.4143
72,402,5.2511
72,567,5.0916
72,730,4.9129
72,453,4.8255
72,364,4.8189
72,321,4.778
72,507,4.6614
72,236,4.5936
72,298,4.4959
72,186,4.4208
72,637,4.4005
72,1136,4.1486
72,663,4.1189
72,683,4.1036
72,192,3.9692
72,137,3.9441
72,547,3.9147
72,138,3.8995
72,478,3.8944
72,74,3.8852
72,689,3.8825
72,239,3.8378
72,756,3.8287
72,99,3.8212
72,110,3.6617
72,275,3.638
1011,1209,3.0433
1011,1036,1.9689
1011,1119,1.8378
1011,1211,1.7391
1011,1217,1.643
789,821,4.2796
789,845,3.0401
789,1061,2.473
789,810,2.3615
789,1260,2.3484
388,775,6.1419
388,992,6.0384
388,505,5.7128
388,478,5.6885
388,525,5.0338
388,400,3.8157
388,764,3.8024
388,879,3.7914
388,1233,3.5804
388,569,3.4823
388,800,3.4704
388,426,3.2834
388,1229,3.193
388,827,3.1104
388,570,2.9912
388,551,2.9836
388,830,2.9619
388,460,2.899
449,588,5.485
449,653,4.6834
449,695,4.1673
449,630,3.6214
449,891,3.5997
449,540,3.4465
449,619,3.4291
449,1075,2.9414
449,546,2.9209
449,1032,2.8948
449,750,2.7826
675,820,6.8648
675,686,5.7154
675,859,3.9701
675,729,3.141
675,818,2.8266
675,827,2.7573
675,775,2.6782
675,713,2.6143
675,1041,2.6056
675,1381,2.5877
675,854,2.2908
675,1009,1.9694
675,1175,1.9667
675,1334,1.7882
675,1080,1.773
675,966,1.7572
675,975,1.7368
675,736,1.7115
887,1010,2.6419
887,1055,2.2498
887,1014,2.2323
887,1177,2.1473
887,909,1.8702
887,1155,1.7836
887,1089,1.7656
887,1056,1.6995
86,151,12.8955
86,672,7.8236
86,759,7.3003
86,514,6.5908
86,1334,6.4776
86,270,5.8888
86,100,5.7946
86,101,5.7484
86,629,5.6953
86,111,5.3928
86,252,5.2283
86,153,5.0571
86,482,5.0568
86,171,5.03
86,236,4.9409
86,99,4.7552
86,144,4.6894
86,533,4.667
86,361,4.6295
86,281,4.5341
86,115,4.485
86,383,4.4628
86,1127,4.4278
86,1073,4.3832
86,656,4.3143
86,532,4.2973
86,245,4.1794
86,596,4.035
86,674,3.9884
86,790,3.965
86,495,3.909
86,1031,3.869
86,132,3.8158
86,614,3.7749
14,236,15.7259
14,53,14.9072
14,253,12.2602
14,25,12.0853
14,187,11.9131
14,386,11.5832
14,232,10.8122
14,286,10.4655
14,21,10.3603
14,45,9.9035
14,66,9.5332
14,161,9.4362
14,207,9.2957
14,543,9.0679
14,514,9.0205
14,750,8.905
14,400,8.8163
14,147,8.7888
14,411,8.7885
14,850,8.6489
14,220,8.5438
14,788,8.4046
14,377,8.2112
14,478,8.1019
14,62,7.816
14,121,7.4871
14,119,7.4573
14,506,7.3713
14,273,7.344
14,396,7.3064
14,498,7.1718
14,733,6.962
14,252,6.9596
14,146,6.8077
14,1237,6.6994
14,152,6.686
14,179,6.6591
14,694,6.6075
14,912,6.5741
14,773,6.5618
14,546,6.5115
14,508,6.5062
14,111,6.4403
14,434,6.381
14,520,6.3397
14,234,6.2096
14,580,6.0622
762,1158,4.4643
762,836,3.9207
762,785,3.653
762,849,3.3816
762,993,3.0716
762,854,2.8715
762,1258,2.639
762,1065,2.5712
762,904,2.5246
762,868,2.3934
762,901,2.1423
762,950,2.1338
762,955,2.0572
171,454,14.5041
171,342,12.6899
171,193,10.3948
171,427,8.6946
171,369,7.9165
171,310,7.4579
171,1280,7.054
171,269,6.8641
171,674,6.0539
171,336,5.7497
171,445,5.729
171,635,5.662
171,755,5.6369
171,257,5.3546
171,748,5.3348
171,471,5.3135
171,337,5.2543
171,683,5.1858
171,631,5.1076
171,344,5.095
171,492,5.083
171,256,4.9841
171,684,4.9759
171,598,4.9332
171,429,4.8788
171,623,4.8587
171,392,4.7478
860,931,3.6233
860,983,3.0091
860,915,2.2092
867,1270,2.6396
867,1147,1.7921
867,1172,1.7892
867,1254,1.6007
867,1048,1.5196
755,827,4.604
755,855,4.1548
755,784,3.9306
755,1179,3.0483
755,1182,3.036
755,1268,2.9782
755,994,2.9277
602,714,3.574
602,693,2.9009
602,1210,2.671
602,832,2.6589
602,742,2.5894
602,1207,2.5512
602,1136,2.5482
864,1072,4.8727
864,1157,4.601
864,1049,1.8905
864,1307,1.89
864,1086,1.7904
864,982,1.665
864,1170,1.3216
633,693,3.9645
633,679,3.3253
633,672,3.1202
633,1150,2.9214
633,754,2.5953
633,1012,2.3678
633,731,2.364
633,770,2.242
633,1030,2.2034
269,725,5.9652
269,1345,5.9595
269,559,4.9766
269,392,4.6298
269,1343,4.4803
269,419,4.3366
269,922,4.0833
269,789,4.0391
269,833,3.8203
269,623,3.8193
269,752,3.7224
269,550,3.6784
269,454,3.6256
269,415,3.5757
269,747,3.5004
269,520,3.2829
269,607,3.2596
269,722,3.0839
269,1070,3.0333
269,1076,2.9505
269,492,2.8909
269,560,2.8776
269,488,2.8003
576,785,7.3253
576,1185,6.8523
576,1194,6.8077
576,592,5.0716
576,762,2.6287
576,1361,2.5227
576,859,2.4525
576,692,2.3754
576,1051,2.2904
576,936,2.1304
576,790,2.0709
576,973,1.9636
576,1077,1.9633
192,451,23.2248
192,236,17.915
192,810,13.2014
192,207,10.4039
192,486,7.7732
192,1105,7.3272
192,478,7.2986
192,1146,7.051
192,711,6.7657
192,391,5.8812
192,295,5.6195
192,514,5.3691
192,220,5.1058
192,337,5.0022
192,281,4.979
192,322,4.9549
192,364,4.8486
192,386,4.8254
192,687,4.7944
192,316,4.7425
192,672,4.7236
192,1272,4.6702
192,411,4.5946
192,583,4.5262
192,196,4.4491
192,352,4.3907
192,473,4.2705
192,518,4.2184
192,546,4.1956
192,415,4.192
192,646,4.013
192,439,3.9662
192,267,3.9571
448,619,5.8653
448,557,5.4205
448,626,5.045
448,755,4.5837
448,454,3.3382
448,449,3.0312
448,1250,2.7753
448,522,2.7363
448,495,2.4785
448,656,2.3524
448,679,2.3439
448,580,2.2431
112,782,26.3464
112,174,18.7253
112,122,14.57
112,501,13.1549
112,611,10.5178
112,346,9.2635
112,327,7.8401
112,1234,7.732
112,132,7.6375
112,539,6.9728
112,282,6.9699
112,168,6.7817
112,666,6.6875
112,442,6.5734
112,595,6.5019
112,222,6.1358
112,394,5.9505
112,266,5.8165
112,506,5.5589
112,1128,5.4741
112,828,5.2544
112,657,5.1403
112,585,5.0899
112,745,4.9497
112,644,4.7249
112,547,4.6392
112,591,4.6128
112,640,4.5858
112,272,4.486
112,1094,4.4604
112,1115,4.3978
112,357,4.3494
112,352,3.8469
112,737,3.7694
112,808,3.6989
112,523,3.6962
112,341,3.6549
112,727,3.6531
112,580,3.5906
112,701,3.5603
112,271,3.4356
112,637,3.4338
708,857,4.4647
708,919,4.2766
708,990,2.7047
708,1011,2.3122
708,770,2.2391
708,717,2.162
708,1136,1.9489
708,973,1.9428
708,1333,1.8176
708,986,1.8102
793,953,3.3945
793,1295,3.1874
793,1233,3.0135
793,820,2.896
1059,1245,3.9608
1059,1186,2.3117
1059,1298,2.1899
110,631,21.6533
110,372,10.6122
110,1125,10.2603
110,1101,9.4215
110,454,8.8152
110,310,8.7902
110,257,7.6232
110,672,7.5435
110,926,7.204
110,489,7.1844
110,129,6.5588
110,566,6.386
110,171,6.1967
110,674,6.1639
110,967,5.1987
110,210,4.9379
110,339,4.9032
110,166,4.8069
110,208,4.7445
110,1330,4.7386
110,272,4.679
110,172,4.4829
110,1039,4.4282
110,718,4.2955
110,492,4.2319
110,200,4.1851
110,1210,4.1277
110,125,4.019
110,1098,4.0126
110,360,4.005
110,342,3.8594
110,237,3.8166
110,361,3.7505
110,343,3.737
110,157,3.6236
785,829,2.9725
785,954,2.5532
785,1178,2.1838
785,901,1.9367
785,1103,1.9079
785,924,1.8276
785,1058,1.7926
581,737,6.4801
581,669,5.1826
581,589,4.3272
581,999,4.0973
581,1117,4.0388
581,664,3.8724
581,956,3.7521
581,641,3.6154
581,802,3.5344
581,846,3.4223
1136,1187,2.6159
739,1119,2.271
739,832,2.0533
739,1134,1.9761
739,1153,1.9359
739,1046,1.9108
739,952,1.8923
57,385,38.2714
57,329,23.8222
57,565,18.8686
57,164,17.5015
57,324,15.4681
57,273,15.4033
57,206,14.4842
57,406,13.6398
57,401,11.1275
57,227,10.6957
57,176,9.0031
57,1368,8.9323
57,733,7.8984
57,682,7.7817
57,793,7.5016
57,463,7.4727
57,204,7.2921
57,737,7.1957
57,562,6.9677
57,956,6.8683
57,460,6.6991
57,168,6.6108
57,412,6.5453
57,297,6.5368
57,292,6.4306
57,516,6.4152
57,907,6.4133
57,536,6.225
57,341,6.2059
57,581,6.1677
57,58,6.1239
57,702,5.8177
57,763,5.8026
57,506,5.6701
57,108,5.5372
57,98,5.4317
57,611,5.3994
57,783,5.3931
57,265,5.3754
57,1083,5.3737
57,400,5.1168
57,253,4.8836
57,875,4.8086
1042,1172,2.474
1039,1122,2.3452
1039,1234,1.9839
1039,1262,1.6659
1039,1247,1.5714
390,674,8.4565
390,596,4.7126
390,859,2.7995
390,852,2.7394
390,961,2.5549
390,487,2.2414
390,820,2.2353
390,1211,2.1277
390,399,2.0499
390,608,2.0397
390,571,1.9896
390,445,1.9604
390,649,1.8756
390,1011,1.827
390,414,1.821
390,736,1.81
1108,1248,1.699
454,1111,6.3176
454,706,5.5169
454,489,5.4375
454,566,4.6586
454,631,4.4634
454,683,4.2829
454,755,4.15
454,1191,4.0661
454,756,4.0019
454,938,3.7466
454,1040,3.6587
137,358,11.3801
137,305,6.1386
137,931,5.5931
137,299,5.3463
137,965,5.2567
137,851,4.9274
137,572,4.5246
137,148,4.4535
137,1303,4.3448
137,523,4.1899
137,515,4.1794
137,257,4.0972
137,229,3.9401
137,1162,3.8665
137,654,3.8411
137,384,3.8206
137,162,3.7609
137,1328,3.7556
137,914,3.7125
137,438,3.6444
137,147,3.6403
137,531,3.6117
137,191,3.4306
137,540,3.401
137,156,3.3387
137,207,3.203
137,483,3.186
137,938,3.1693
137,183,3.1283
137,286,3.1091
137,313,3.085
137,1052,3.0508
137,497,3.0321
137,461,2.9682
586,657,7.1462
586,676,5.3586
586,605,5.0004
586,591,4.9024
586,673,4.0644
586,1069,3.8262
586,761,3.6565
586,811,3.4466
586,715,3.3881
586,1242,3.1539
586,812,3.1532
76,270,30.2213
76,480,23.4531
76,562,17.0793
76,751,15.7702
76,1063,13.8538
76,961,12.0675
76,1164,10.9329
76,685,10.0697
76,715,8.4606
76,124,8.325
76,811,7.4288
76,787,7.2657
76,1366,7.0335
76,197,6.778
76,501,6.7716
76,1028,6.5945
76,252,6.5045
76,1245,6.1512
76,1073,5.9713
76,201,5.9628
76,109,5.9403
76,707,5.8959
76,87,5.5585
76,855,5.4434
76,383,5.2783
76,494,5.1865
76,625,5.1495
76,599,4.9263
76,131,4.7885
76,642,4.7668
76,159,4.7096
76,330,4.7037
76,306,4.6246
76,325,4.6182
76,1052,4.6097
76,342,4.5575
76,517,4.3521
76,244,4.3089
76,956,4.2023
76,130,4.1899
76,587,4.1612
76,430,4.0613
108,334,37.2129
108,305,34.8088
108,582,10.6518
108,404,10.2814
108,737,10.2086
108,174,9.5508
108,385,9.356
108,357,9.0337
108,141,8.9018
108,321,8.7164
108,536,8.6618
108,391,8.607
108,329,8.2889
108,406,8.142
108,351,7.9411
108,701,7.9303
108,234,7.8342
108,565,7.7929
108,359,7.4522
108,749,7.34
108,133,7.2864
108,510,7.2162
108,401,7.1266
108,273,7.0557
108,262,6.9142
108,253,6.8743
108,116,6.5221
108,972,6.2346
108,229,6.1063
108,204,6.0839
108,381,6.0487
108,122,5.9429
108,268,5.8599
108,506,5.607
108,259,5.3465
108,194,5.2815
108,282,5.1288
108,591,5.0539
108,548,4.9022
108,233,4.8486
108,341,4.7895
108,297,4.6522
108,362,4.5729
931,1328,5.0186
931,1244,4.6437
931,975,4.0176
931,985,3.7375
931,1007,3.6333
931,1138,3.448
931,955,3.1442
931,1335,2.6853
845,1248,6.5657
845,1000,4.5633
845,1233,4.1945
845,1207,3.867
845,947,3.7484
147,207,13.0016
147,161,10.6643
147,406,9.6053
147,478,7.808
147,411,7.6664
147,189,7.3921
147,451,7.3256
147,807,7.0662
147,525,6.9363
147,396,6.5314
147,520,6.0857
147,514,6.0823
147,836,6.0043
147,172,5.4841
147,273,5.4676
147,646,5.3847
147,868,5.3692
147,292,5.1119
147,364,5.0596
147,202,5.0133
147,220,5.0012
147,924,4.9959
147,498,4.994
147,845,4.857
147,606,4.7538
147,630,4.6481
147,351,4.5941
147,1324,4.5395
147,179,4.4044
147,486,4.3598
147,386,4.3445
147,426,4.2382
1081,1242,3.3181
1081,1363,2.6013
1081,1193,1.8117
1081,1339,1.5767
473,663,6.273
473,654,5.9794
473,946,4.9365
473,730,4.7104
473,775,4.6498
473,526,4.5561
473,990,4.2869
473,1193,4.2016
473,486,4.0637
473,1143,4.0392
473,1332,3.9322
473,1238,3.8153
473,711,3.8083
473,1096,3.74
473,913,3.5695
473,1150,3.4604
473,1022,3.3418
473,1105,2.9859
473,1224,2.8315
473,857,2.7455
473,556,2.738
473,932,2.7179
399,629,4.8721
399,752,4.4764
399,621,4.4378
399,705,4.3518
399,434,3.8588
399,672,3.7744
399,560,3.7313
399,1124,3.6873
399,797,3.6702
399,718,3.6259
399,449,3.5852
399,784,3.5141
399,685,3.449
399,487,3.3737
399,653,3.3315
839,854,4.1232
839,1132,2.4474
839,1033,2.4323
839,1040,2.1816
839,1262,2.1596
839,1048,2.1152
839,901,1.784
744,755,5.3638
744,825,4.2647
744,1149,3.891
744,1217,3.0778
744,1226,2.5355
744,898,2.4855
744,1120,2.4598
744,1046,2.4165
744,821,2.3743
772,905,5.5748
772,1021,4.7415
772,788,3.8966
772,971,3.8107
772,1277,3.2829
772,914,2.9469
772,953,2.7751
772,896,2.5023
65,282,31.2175
65,272,19.0407
65,593,14.8441
65,103,14.6074
65,252,14.1626
65,266,13.6482
65,251,12.4904
65,107,9.2322
65,817,8.4839
65,310,8.2772
65,206,8.2047
65,628,7.2826
65,406,7.1812
65,341,7.1586
65,700,6.9877
65,415,6.3627
65,143,6.2797
65,807,6.1439
65,214,5.951
65,267,5.783
65,168,5.5005
65,898,5.4053
65,433,5.082
65,317,5.0782
65,436,4.9871
65,452,4.9375
65,349,4.9018
65,256,4.847
65,957,4.8355
65,919,4.8138
65,90,4.8111
65,185,4.8072
65,947,4.6573
65,912,4.5648
65,296,4.5243
65,255,4.4595
65,93,4.4448
65,723,4.439
65,1042,4.4162
65,163,4.3479
65,193,4.3478
1324,1343,1.9353
908,928,4.3084
908,1060,2.9194
908,1040,2.3597
908,976,2.1016
908,1000,1.623
908,1127,1.4244
943,1008,2.1905
943,1249,1.6427
943,1031,1.6213
943,960,1.5742
943,1258,1.5174
730,994,7.7605
730,1096,4.2593
730,792,2.85
730,751,2.8361
730,973,2.628
730,1344,2.5956
730,1116,2.5287
730,807,2.3808
335,663,11.823
335,1334,7.2491
335,946,6.4791
335,726,6.0293
335,511,5.1346
335,1022,5.0784
335,775,4.8564
335,1224,4.8482
335,1093,4.8462
335,729,4.2753
335,427,4.0627
335,494,3.937
335,760,3.902
335,531,3.7753
335,865,3.7065
335,677,3.6739
335,656,3.6569
335,1009,3.6244
335,894,3.593
335,414,3.4721
335,793,3.4357
335,1381,3.3336
903,1233,2.9563
903,1075,2.9221
903,1189,2.5578
903,936,2.5529
903,1258,2.3963
903,1000,2.1121
903,1235,2.0183
234,253,25.9757
234,506,23.5506
234,647,13.9039
234,582,11.2444
234,406,10.7756
234,401,10.4084
234,373,10.3401
234,790,9.8825
234,359,9.119
234,469,8.4263
234,436,8.2219
234,807,8.0776
234,306,7.8377
234,468,7.5541
234,783,6.8014
234,282,6.3257
234,737,6.106
234,252,6.0761
234,846,5.9394
234,1123,5.9239
234,268,5.7057
234,357,5.4931
234,900,5.2914
234,712,5.1844
234,367,4.9603
234,549,4.9072
234,819,4.7232
234,267,4.6539
234,279,4.633
234,995,4.5156
234,408,4.4194
234,546,4.4126
1118,1295,2.9945
1118,1184,1.8095
1045,1114,2.8805
1045,1101,2.048
1045,1095,1.8535
1045,1107,1.7992
654,1020,8.1649
654,788,5.0275
654,748,3.8985
654,730,3.6661
654,794,3.6656
654,752,3.6457
654,829,3.6083
654,658,3.5746
654,938,3.3278
654,683,3.1792
654,1280,3.1147
673,722,7.8329
673,999,4.146
673,732,3.4531
926,1046,3.3544
926,1125,3.1624
926,1199,2.1214
926,1044,2.0388
811,1255,3.6581
811,929,2.8307
811,832,2.17
484,825,8.9036
484,553,7.0703
484,828,5.8855
484,613,5.4499
484,577,5.3544
484,734,5.0287
484,601,4.8944
484,915,4.7589
484,958,4.3485
484,485,4.3337
484,603,4.2249
484,719,4.0767
484,1279,3.8506
484,635,3.8263
484,886,3.6204
484,534,3.6182
484,1152,3.4835
484,511,3.3972
695,873,3.2798
695,741,3.246
695,1225,2.9763
695,1337,2.9185
695,724,2.9148
695,840,2.8321
695,1019,2.7225
952,1031,3.2852
952,1014,2.0322
952,1162,1.7383
278,631,8.7788
278,360,7.4779
278,427,6.7858
278,482,6.5102
278,720,6.1482
278,638,6.059
278,847,5.9138
278,382,5.3959
278,890,5.2821
278,1171,5.1246
278,1012,5.0747
278,1021,4.5128
278,437,4.4604
278,434,4.4168
278,714,4.3553
278,337,4.2895
278,310,4.2588
278,1316,4.2565
278,484,4.1491
278,860,4.0815
278,569,4.0247
278,492,3.9497
278,986,3.9477
278,837,3.8347
278,605,3.8043
278,293,3.7963
278,550,3.7499
278,372,3.7088
387,418,11.5154
387,433,7.9893
387,574,7.1938
387,508,7.0953
387,506,6.3097
387,1237,6.1103
387,912,6.0412
387,452,5.6427
387,582,4.6539
387,447,4.5812
387,742,4.5538
387,878,4.1955
387,1201,4.0379
387,727,3.9156
387,1318,3.7762
387,900,3.6535
387,630,3.5715
387,467,3.4326
387,466,3.0252
387,1057,2.9934
387,632,2.95
361,1040,11.2262
361,364,5.8456
361,399,5.36
361,824,4.984
361,693,4.6347
361,598,4.3771
361,656,3.9332
361,631,3.8138
361,963,3.7016
144,276,11.5999
144,336,9.4925
144,1163,7.2242
144,369,6.9143
144,210,6.5412
144,200,6.387
144,296,6.0584
144,166,5.922
144,1304,5.7395
144,469,5.5486
144,1320,5.53
144,436,5.1063
144,445,4.9967
144,380,4.7308
144,355,4.7167
144,676,4.6773
144,956,4.5407
144,1037,4.4911
144,566,4.3642
144,607,4.3061
144,767,4.2279
144,363,4.1022
144,626,4.0223
144,167,3.7111
144,674,3.7064
144,185,3.6935
144,203,3.6312
144,492,3.6087
144,548,3.5833
144,488,3.5813
144,319,3.5251
144,715,3.4531
1096,1241,3.0248
1096,1267,1.9106
1096,1123,1.7616
874,956,1.8315
874,934,1.7043
874,1280,1.5283
62,246,17.6449
62,253,10.6672
62,803,10.0555
62,98,9.9848
62,238,8.42
62,111,8.0244
62,506,7.1082
62,447,6.8643
62,400,6.8349
62,279,6.7986
62,385,6.6797
62,807,6.4939
62,478,6.4537
62,292,6.3266
62,286,6.2659
62,647,6.0228
62,406,5.9707
62,582,5.9416
62,273,5.7244
62,446,5.6443
62,80,5.6004
62,936,5.5289
62,360,5.5193
62,793,5.4774
62,71,5.3484
62,1075,5.1154
62,510,5.0718
62,66,5.043
62,698,5.0201
62,235,4.9424
62,449,4.9329
62,433,4.8776
62,234,4.8739
62,1117,4.8672
62,790,4.7649
754,842,5.9204
754,1253,4.6206
754,1104,3.4533
754,1031,3.3735
754,935,2.9929
754,1205,2.8096
754,1174,2.7986
983,1255,2.0805
438,1007,8.4765
438,975,8.2108
438,820,6.1138
438,931,5.8659
438,729,4.5508
438,494,4.0997
438,948,3.7082
438,818,3.5714
438,533,3.5478
438,1381,3.3676
438,974,3.2607
438,521,3.1527
438,893,3.0723
438,761,3.0531
438,1117,3.0054
438,535,2.9541
438,963,2.7247
438,1181,2.5818
438,1202,2.5371
438,721,2.5151
438,1352,2.3777
438,641,2.2766
438,1130,2.1404
438,888,1.9598
438,832,1.946
495,863,5.7694
495,553,5.5055
495,776,4.5081
495,1046,4.4872
495,541,4.4714
495,672,4.3121
495,615,3.5337
495,938,3.4226
495,759,3.3303
495,1019,3.2818
495,825,3.2697
495,606,3.2
495,824,3.0775
36,460,26.7697
36,273,17.0985
36,108,13.5598
36,118,11.9918
36,565,11.6461
36,385,10.779
36,63,10.5443
36,57,10.4795
36,74,10.1511
36,953,10.1334
36,999,9.8661
36,133,9.7251
36,186,9.5812
36,179,9.4072
36,43,8.7693
36,267,8.131
36,71,7.9828
36,575,7.9511
36,647,7.8954
36,670,7.6872
36,157,7.6703
36,55,7.6494
36,42,7.3251
36,341,7.1667
36,204,6.9949
36,158,6.9083
36,53,6.4164
36,956,6.376
36,190,6.3437
36,338,6.1829
36,104,6.0577
36,506,5.937
36,1177,5.7085
36,80,5.5995
36,40,5.5681
36,845,5.5364
36,1337,5.5055
36,1348,5.3646
36,39,5.322
36,664,5.2863
36,234,5.2554
36,681,5.2151
36,518,5.1933
36,193,5.1652
1098,1226,2.8586
1098,1193,1.4967
1098,1105,1.4348
39,60,22.8039
39,631,11.7316
39,310,11.516
39,792,11.0326
39,99,9.3166
39,110,9.3011
39,214,9.2165
39,352,8.9009
39,107,8.8335
39,456,8.792
39,152,8.0293
39,296,7.1476
39,297,7.0033
39,260,6.9626
39,166,6.738
39,90,6.4994
39,599,6.444
39,193,6.4347
39,764,5.9511
39,41,5.8833
39,711,5.7569
39,86,5.7274
39,367,5.6743
39,128,5.4622
39,700,5.4549
39,360,5.3744
39,612,5.3512
39,372,5.3291
39,148,5.3087
39,49,5.2839
39,684,5.2493
39,79,5.1755
39,47,5.1714
39,61,5.1531
39,342,5.0936
39,740,5.0873
39,361,5.0814
39,583,5.0796
39,94,4.9652
39,504,4.8594
39,1136,4.8305
39,1015,4.824
39,627,4.7766
585,630,4.9503
585,660,4.4989
585,855,3.4097
585,854,3.0659
585,928,3.0503
585,1234,3.0321
585,588,2.9987
585,1002,2.8902
585,1327,2.6502
585,782,2.6378
585,731,2.5505
585,983,2.4929
208,631,5.0169
208,210,4.771
208,291,4.5569
208,946,4.408
208,369,3.991
208,331,3.6933
208,663,3.6103
208,389,3.5757
208,825,3.5376
208,259,3.4551
208,223,3.3363
208,1261,3.2363
208,702,3.1128
208,1312,3.1039
208,566,3.1011
208,472,3.0998
208,764,3.019
208,602,2.9991
208,252,2.9781
208,322,2.8982
208,910,2.846
208,1204,2.795
208,767,2.7885
208,486,2.7847
208,529,2.7412
208,733,2.7249
208,310,2.6635
111,936,18.077
111,382,14.4685
111,273,14.4608
111,253,12.7693
111,944,12.7084
111,396,10.0901
111,286,9.8785
111,268,9.4066
111,478,9.3392
111,291,8.9527
111,147,8.2894
111,281,8.2869
111,790,7.2002
111,1237,7.1832
111,284,7.147
111,220,7.0965
111,1027,7.0818
111,295,7.0448
111,322,6.9304
111,903,6.814
111,152,6.5832
111,514,6.5767
111,546,6.5382
111,232,6.4145
111,1082,6.3587
111,614,6.3302
111,984,6.243
111,764,6.1705
111,460,5.9153
111,158,5.9017
111,245,5.8159
111,868,5.7752
111,278,5.7316
111,583,5.5813
27,111,15.3152
27,105,11.5526
27,299,11.0358
27,124,10.4696
27,663,10.3772
27,119,10.2841
27,42,9.4987
27,49,9.1441
27,38,9.0819
27,335,9.0113
27,71,8.9015
27,656,8.3732
27,39,8.2302
27,212,8.1472
27,946,7.5901
27,56,7.2829
27,30,7.2624
27,278,7.0566
27,380,7.0198
27,33,6.8955
27,298,6.8472
27,204,6.8435
27,391,6.7532
27,164,6.6812
27,206,6.6331
27,63,6.6068
27,36,6.5533
27,399,6.413
27,429,6.3896
27,479,6.3782
27,117,6.1766
27,86,6.1097
27,360,5.8686
27,140,5.7831
27,285,5.7773
27,100,5.7401
27,72,5.7038
27,382,5.6985
27,858,5.6806
27,57,5.6663
27,271,5.6041
27,689,5.4297
27,416,5.3542
787,1252,4.0447
787,961,3.9159
787,1012,3.9092
787,1017,3.8458
787,1366,3.8281
787,1063,3.7555
787,965,3.5238
787,1062,3.1555
787,918,2.9333
787,942,2.6821
787,869,2.4767
787,1213,2.2855
787,857,2.2094
787,847,2.171
140,239,7.1449
140,463,6.2246
140,260,5.8553
140,157,5.7725
140,1054,5.5361
140,460,5.0233
140,914,5.0001
140,247,4.9828
140,159,4.784
140,153,4.367
140,949,4.3236
140,1048,4.2764
140,805,4.2612
140,148,4.2426
140,454,4.1946
140,385,4.0811
140,291,4.0477
140,434,3.9834
140,324,3.8591
140,338,3.7832
140,359,3.3595
140,1316,3.2981
140,479,3.2649
140,210,3.1909
140,722,3.1719
140,858,3.162
140,533,3.118
140,925,3.1022
140,772,3.0969
140,401,3.0882
140,1145,3.0387
140,767,3.0219
140,507,2.9986
140,310,2.9652
140,323,2.9598
140,216,2.9357
140,484,2.9091
48,178,10.6581
48,112,10.5414
48,523,9.7317
48,1232,9.5214
48,676,8.3895
48,616,7.7247
48,1327,7.7194
48,327,7.6448
48,586,7.4325
48,901,6.657
48,110,6.4126
48,1122,6.2965
48,1094,6.2725
48,856,6.2502
48,351,6.147
48,119,6.1383
48,363,6.0683
48,1080,6.0424
48,207,5.994
48,319,5.9409
48,1134,5.7941
48,225,5.7804
48,515,5.7266
48,1258,5.7099
48,362,5.6432
48,630,5.6349
48,391,5.6289
48,855,5.5665
48,95,5.5086
48,315,5.4783
48,782,5.4714
48,229,5.4211
48,928,5.2281
48,220,5.1873
48,64,5.0785
48,54,5.0302
48,56,4.9452
48,585,4.9353
48,389,4.8869
48,111,4.8721
48,854,4.8225
48,240,4.7591
48,411,4.757
7,163,13.4412
7,120,11.7398
7,715,11.1052
7,643,10.5763
7,9,9.8763
7,76,9.4785
7,107,8.5932
7,673,8.5794
7,544,8.5168
7,340,8.2979
7,221,8.1009
7,127,7.9056
7,128,7.8422
7,470,7.7235
7,198,7.5986
7,33,7.4536
7,114,7.4014
7,513,7.3316
7,572,7.2128
7,409,7.1482
7,100,7.1457
7,487,6.994
7,752,6.8222
7,242,6.7827
7,722,6.758
7,671,6.7459
7,378,6.7079
7,458,6.5015
7,249,6.291
7,210,6.1657
7,214,6.0427
7,12,5.977
7,491,5.9417
7,81,5.8893
7,747,5.8336
7,1170,5.7877
7,441,5.7767
7,598,5.7476
7,985,5.732
7,1360,5.6947
7,749,5.6567
7,257,5.6089
7,125,5.5718
7,136,5.4854
7,480,5.4465
7,191,5.3031
7,676,5.3024
7,443,5.1407
128,754,13.4173
128,439,11.4428
128,432,8.6274
128,344,8.0242
128,146,7.7378
128,169,6.8605
128,204,6.8448
128,267,6.8228
128,312,6.3232
128,237,6.1763
128,242,6.103
128,187,5.9604
128,427,5.6758
128,129,5.6305
128,300,5.4703
128,513,5.4527
128,679,5.4251
128,718,5.4118
128,143,5.3067
128,448,5.2284
128,163,5.1966
128,137,5.1268
128,1104,5.1229
128,136,5.0867
128,1040,5.0745
128,753,5.0686
128,420,4.8583
128,528,4.8084
128,935,4.7879
128,161,4.7106
128,361,4.687
128,375,4.6772
128,214,4.6748
128,487,4.6067
128,228,4.5883
128,384,4.5416
128,238,4.5276
128,191,4.464
128,572,4.4215
1026,1036,2.4936
672,680,11.7824
672,787,11.7525
672,685,9.6591
672,1012,9.0165
672,1062,8.0416
672,797,6.724
672,961,6.4876
672,1063,5.9648
672,731,5.6534
672,1098,5.0286
672,918,4.669
672,1366,4.199
672,1017,3.8506
672,786,3.7895
672,1042,3.7262
672,697,3.5596
672,852,3.4312
621,709,4.9751
621,732,4.7091
621,762,3.3577
621,699,2.9268
621,815,2.8607
621,791,2.8428
621,856,2.7459
621,755,2.3047
621,824,2.2457
656,1264,6.1655
656,659,5.1921
656,956,4.7205
656,1100,4.4608
656,859,4.4155
656,689,3.9325
656,946,3.7862
656,1127,3.645
656,1025,3.3148
656,800,3.227
656,1082,2.8928
114,221,11.166
114,778,10.1595
114,1050,10.1471
114,843,8.9788
114,1174,8.4107
114,161,8.152
114,129,7.8286
114,1038,7.5379
114,443,7.4983
114,214,7.2678
114,829,6.8593
114,313,6.7535
114,548,6.7362
114,277,6.7035
114,127,6.4134
114,216,6.1315
114,552,5.7169
114,285,5.5045
114,307,5.3841
114,163,5.28
114,397,5.0429
114,736,4.7689
114,287,4.7666
114,315,4.7412
114,826,4.7043
114,118,4.6368
114,164,4.5818
114,414,4.4124
114,1348,4.3411
114,768,4.3409
114,904,4.3358
114,989,4.305
114,124,4.3047
114,120,4.2517
114,249,4.224
114,1048,4.1608
114,642,4.0123
104,670,15.8815
104,349,15.148
104,144,13.3517
104,647,12.2463
104,956,10.3876
104,1308,10.3804
104,133,8.5516
104,1098,7.264
104,113,6.7582
104,511,6.6111
104,664,6.5892
104,1163,6.5534
104,469,6.2627
104,168,6.1473
104,548,5.3832
104,115,5.379
104,1113,5.3467
104,153,5.3408
104,1076,5.0161
104,436,4.9695
104,420,4.8493
104,1106,4.7859
104,581,4.6606
104,464,4.6347
104,462,4.5225
104,737,4.3318
104,564,4.2146
104,1262,4.1486
104,529,4.1391
104,267,4.0052
104,187,3.965
104,1008,3.6432
104,773,3.5836
104,233,3.5284
104,858,3.5135
104,1032,3.4667
104,828,3.4389
104,871,3.4272
104,273,3.4203
104,118,3.3164
104,598,3.3093
38,46,38.475
38,100,27.8447
38,218,21.5348
38,44,15.6864
38,986,13.763
38,594,13.6257
38,1014,12.4959
38,156,12.0856
38,250,11.4887
38,251,9.4539
38,40,9.3124
38,354,8.8325
38,1187,8.7581
38,1126,8.699
38,1222,8.2228
38,132,8.0613
38,817,7.2858
38,1244,7.2751
38,106,7.1574
38,533,7.0503
38,101,6.8544
38,267,6.8072
38,61,6.6524
38,96,6.6179
38,729,6.4325
38,1130,6.3214
38,439,6.0277
38,306,5.9301
38,65,5.9169
38,463,5.9146
38,538,5.8537
38,112,5.8469
38,315,5.8408
38,1073,5.6483
38,159,5.5283
38,688,5.4292
38,200,5.4145
38,204,5.4126
38,245,5.3375
38,310,5.2338
38,820,5.1837
38,906,5.1714
38,530,5.0327
38,270,4.7407
38,129,4.6541
932,1058,2.5476
932,1350,2.2678
932,1055,2.2318
790,823,7.4046
790,819,6.3044
790,807,4.1244
790,1227,3.4969
790,814,3.4283
790,936,3.1706
790,1031,2.8751
790,1044,2.7127
385,737,14.3151
385,593,11.9847
385,565,10.9821
385,682,8.9716
385,562,7.8594
385,581,7.23
385,415,7.0058
385,516,6.7376
385,1083,6.5273
385,401,6.527
385,406,6.5033
385,463,6.4809
385,460,5.9915
385,536,5.95
385,604,5.7031
385,506,5.6145
385,885,5.5019
385,491,5.3137
385,504,4.9327
385,572,4.9215
385,474,4.9031
385,589,4.8888
415,518,16.4576
415,1289,10.7029
415,821,10.3221
415,810,9.3085
415,728,8.3965
415,473,4.6091
415,965,4.1084
415,794,4.0281
415,486,4.0207
415,903,4.0115
415,655,4.0041
415,890,3.9971
415,451,3.9126
415,443,3.8311
415,711,3.7694
415,504,3.6211
415,523,3.5825
415,565,3.5723
415,562,3.49
415,583,3.4352
415,598,3.3834
415,1165,3.3683
415,424,3.317
415,1018,3.2988
415,519,3.1648
415,605,3.1515
415,1065,3.1423
415,789,3.0747
415,705,3.0726
1160,1220,1.693
214,1144,11.5546
214,843,9.6687
214,826,9.5443
214,775,7.8551
214,1348,7.8166
214,1220,6.5865
214,533,6.5513
214,443,6.5322
214,538,6.5117
214,460,6.426
214,456,6.1918
214,377,6.1569
214,338,5.6099
214,1181,5.5717
214,454,5.1995
214,269,4.8722
214,725,4.8334
214,858,4.7373
214,820,4.719
214,252,4.6766
214,565,4.6382
214,361,4.5438
214,1244,4.4779
214,463,4.4671
214,949,4.4493
214,283,4.4132
214,1340,4.3268
214,1316,4.1221
214,861,4.0458
214,432,3.9811
957,1270,6.8111
957,1243,3.9873
957,1092,2.0607
957,1251,2.0606
957,1019,1.7443
957,1232,1.7151
957,1370,1.678
957,1258,1.466
910,949,3.4489
910,1235,3.2302
910,1113,2.7032
910,1073,2.5834
910,1347,1.9644
910,1187,1.9487
910,1063,1.7653
910,1138,1.7642
247,387,10.8917
247,407,8.3039
247,840,7.1435
247,403,6.1611
247,433,6.0837
247,1014,5.8827
247,305,5.1518
247,789,5.1138
247,517,4.9933
247,841,4.956
247,508,4.7779
247,715,4.5689
247,558,4.373
247,302,4.156
247,316,3.9737
247,1219,3.967
247,519,3.9352
247,753,3.8862
247,743,3.4171
247,370,3.352
247,741,3.3048
247,360,3.2276
247,447,3.1424
247,816,3.1364
247,905,2.9022
247,384,2.7383
247,597,2.6726
247,983,2.6066
481,1243,4.849
481,742,4.5965
481,795,3.9323
481,1245,3.3877
481,972,3.313
481,776,2.9257
481,915,2.9244
481,736,2.6239
481,524,2.6155
481,723,2.3714
481,580,2.2677
481,577,2.1301
481,1240,2.1246
936,1237,4.7193
936,944,3.3007
936,1027,2.8478
936,1235,2.4161
652,1361,4.3398
652,941,3.7736
652,785,3.239
652,1172,2.6192
652,705,2.4503
652,793,2.3995
652,725,2.3889
652,721,2.3361
652,849,2.2049
652,916,2.2033
652,826,2.1367
652,824,2.0357
652,925,2.0087
652,1116,1.9216
652,1019,1.916
1070,1377,1.7985
159,352,10.1181
159,328,9.164
159,692,8.7316
159,209,7.8876
159,533,7.1178
159,312,7.0966
159,184,6.973
159,261,6.5281
159,638,5.8608
159,284,5.8044
159,751,5.3744
159,291,5.2738
159,863,5.166
159,574,5.0982
159,997,5.0551
159,363,4.9575
159,226,4.936
159,804,4.3626
159,495,4.3483
159,1340,4.218
159,479,4.1866
159,283,4.0863
159,493,3.9387
159,1171,3.9196
159,586,3.909
159,192,3.8326
159,952,3.7846
159,502,3.766
159,428,3.7449
159,306,3.7406
159,245,3.7192
159,228,3.6965
159,447,3.6707
159,587,3.6382
159,332,3.5843
159,211,3.5678
159,1046,3.513
1069,1080,1.5215
1069,1173,1.4681
1069,1073,1.3987
1129,1359,3.3088
1129,1264,3.1674
1129,1289,1.8667
1129,1248,1.6424
100,306,24.2391
100,132,18.9676
100,986,14.1485
100,159,10.6499
100,343,10.1477
100,533,8.4998
100,335,7.9622
100,438,7.7075
100,1130,7.5263
100,1014,7.0328
100,245,6.5754
100,352,6.5318
100,122,6.2324
100,535,6.0806
100,1271,5.949
100,729,5.7248
100,759,5.6664
100,130,5.5168
100,641,5.3565
100,714,5.1836
100,1093,5.0997
100,115,5.0951
100,355,5.0911
100,1202,5.0857
100,260,5.0312
100,1175,4.971
100,1187,4.9533
100,250,4.9064
100,106,4.7232
100,283,4.6611
100,312,4.6057
100,1022,4.5485
100,1010,4.546
100,310,4.4531
100,663,4.4211
100,414,4.378
100,257,4.3767
100,120,4.3226
100,924,4.2738
750,819,5.1354
750,1208,4.5402
750,860,3.9685
750,845,3.8495
750,903,3.7686
750,790,3.4965
1196,1243,2.0156
1196,1293,1.3225
575,1308,5.17
575,893,4.4979
575,1106,4.2809
575,950,3.9882
575,669,3.8907
575,647,3.5119
575,666,3.1795
575,976,3.0322
575,993,2.9855
575,889,2.678
575,1169,2.5305
575,700,2.4912
575,737,2.4334
575,670,2.1245
575,1312,2.1204
575,673,1.8341
575,581,1.7904
715,812,5.3806
715,1304,3.7528
715,749,3.5865
715,1031,3.4568
715,1111,3.215
715,1141,2.9976
715,1198,2.9885
715,722,2.9474
715,985,2.8579
715,1075,2.7301
715,960,2.6945
991,1323,3.3782
991,1017,2.1064
991,1192,1.8939
991,1252,1.88
991,1315,1.6599
991,1284,0.9833
674,770,3.2119
674,819,3.135
674,961,2.7974
674,1101,2.6769
971,1374,4.1613
971,1356,3.7067
971,1242,3.687
971,1256,3.6329
971,1269,3.4773
971,1301,2.982
971,1114,2.7561
971,1210,2.5287
663,1022,8.7938
663,838,4.3457
663,1334,4.2336
663,1052,4.2237
663,946,4.1723
663,726,4.124
663,1003,3.8824
663,942,3.6899
663,997,3.5416
663,793,3.4799
663,959,3.3947
663,990,3.0224
663,1175,2.9003
663,1051,2.8388
663,1238,2.8285
690,707,6.5861
690,723,3.0066
690,1119,2.748
690,1188,2.6095
690,909,2.603
690,952,2.5677
690,1036,2.349
690,1365,2.1822
690,828,2.1021
690,830,1.9303
690,976,1.8503
690,693,1.8024
1007,1328,7.9449
1007,1156,4.3259
1007,1116,3.799
1007,1180,1.8242
527,701,5.2792
527,972,3.8076
527,1069,3.2126
527,1032,3.2
527,1028,2.7795
527,824,2.676
527,657,2.628
527,822,2.628
527,706,2.5312
527,741,2.5298
527,550,2.4787
527,1248,2.3316
527,1019,2.3168
527,673,2.2174
955,1258,2.8409
955,1286,2.5321
955,1134,2.0326
1004,1157,2.5503
678,1053,3.3528
678,759,2.6768
678,841,2.4979
678,933,2.4629
678,1258,2.3993
678,859,2.2365
678,779,2.1881
180,654,15.7562
180,362,11.0329
180,467,8.186
180,333,6.9572
180,928,6.7454
180,660,6.1746
180,630,5.87
180,377,5.8075
180,1029,5.626
180,196,5.5455
180,291,5.2373
180,391,5.077
180,678,4.6287
180,603,4.5565
180,534,4.5545
180,492,4.3857
180,612,4.3383
180,522,4.0425
180,389,3.9898
180,779,3.7609
180,351,3.7093
180,1209,3.6382
180,1107,3.6149
180,1002,3.5728
180,517,3.5443
180,1319,3.4687
180,609,3.3935
180,1028,3.3781
180,1231,3.354
180,772,3.3275
180,1060,3.2655
180,348,3.2505
180,1148,3.1491
180,1235,3.1141
317,832,5.7283
317,1106,5.0989
317,719,4.9175
317,723,4.4904
317,333,4.2363
317,735,3.8866
317,870,3.8333
317,742,3.7139
317,661,3.6457
317,590,3.4159
317,666,3.3024
317,497,3.1631
317,358,3.1603
317,705,2.9227
317,502,2.8812
317,570,2.8619
317,433,2.8109
317,467,2.7976
317,734,2.7056
317,322,2.5083
317,840,2.4804
659,904,4.3952
659,1045,4.1119
659,1214,3.8352
659,1241,3.3206
659,1082,3.0789
659,768,2.9507
659,759,2.8773
659,1064,2.5813
659,1017,2.5697
659,920,2.3811
659,665,2.3457
199,571,9.5372
199,729,9.0129
199,283,8.6602
199,352,6.6331
199,290,5.5139
199,769,5.0826
199,1332,5.0487
199,902,4.8788
199,1171,4.7773
199,816,4.7577
199,229,4.6735
199,429,4.6714
199,659,4.5827
199,574,4.3935
199,827,4.3718
199,555,4.1407
199,482,4.0318
199,407,4.0308
199,535,3.9536
199,1021,3.907
199,569,3.8521
199,412,3.721
199,279,3.6363
199,278,3.5714
199,428,3.3114
199,233,3.2829
199,416,3.2232
199,820,3.2226
199,237,3.0951
199,664,2.9606
323,371,22.4075
323,756,10.6435
323,547,9.6653
323,1152,9.0878
323,664,8.7019
323,554,6.9707
323,1090,6.0187
323,581,5.4519
323,1008,5.2054
323,956,5.1598
323,388,4.886
323,341,4.7129
323,562,4.5665
323,385,4.3437
323,726,4.1947
323,382,3.9855
323,1266,3.827
323,877,3.7588
323,484,3.633
323,1146,3.5665
323,419,3.5517
323,401,3.5498
323,858,3.5432
323,1326,3.3913
323,670,3.2428
375,588,7.061
375,642,6.4147
375,420,5.9905
375,1173,5.2937
375,524,4.9053
375,661,4.8452
375,463,4.8315
375,470,4.4402
375,1150,4.333
375,736,4.3278
375,502,4.2823
375,832,4.1138
375,808,4.0785
375,1056,3.9241
375,491,3.9106
375,441,3.6875
375,580,3.5273
375,971,3.478
375,979,3.3046
375,517,2.9868
375,982,2.8692
375,641,2.863
375,718,2.8614
375,931,2.7937
706,812,5.2672
706,1111,4.1835
706,715,4.1704
706,770,4.1001
706,916,3.5879
706,1047,3.0866
706,736,2.8535
64,317,22.1965
64,103,14.267
64,251,14.2556
64,591,12.9206
64,272,12.8221
64,177,12.3043
64,122,10.9599
64,93,10.1805
64,65,10.0666
64,362,9.5596
64,418,8.9043
64,719,8.7254
64,351,8.5392
64,180,7.1213
64,870,7.0134
64,155,6.9244
64,1069,6.7254
64,185,6.7025
64,1035,6.7005
64,452,6.605
64,333,6.3765
64,391,6.3321
64,742,6.1878
64,540,6.0221
64,201,5.9019
64,467,5.8629
64,585,5.8571
64,280,5.7255
64,267,5.6929
64,387,5.6927
64,856,5.6657
64,160,5.5545
64,723,5.4906
64,148,5.4566
64,230,5.3104
64,727,5.2749
64,464,5.1976
64,229,5.1939
64,130,5.1907
64,433,5.1618
64,512,5.0
64,258,4.9866
64,302,4.9659
64,174,4.8968
64,90,4.8662
64,331,4.8553
232,268,11.4083
232,808,10.7971
232,819,10.0295
232,845,8.6562
232,243,7.8087
232,490,7.6111
232,755,7.4394
232,281,7.2782
232,322,6.757
232,821,6.1447
232,789,5.7372
232,360,5.5984
232,767,5.5606
232,514,5.5035
232,1313,5.3766
232,396,4.91
232,1000,4.7324
232,253,4.7307
232,646,4.6813
232,308,4.5374
232,410,4.3996
232,1108,4.3488
232,616,4.3142
232,750,4.2572
232,286,4.2526
232,271,4.1842
232,361,4.142
232,1134,4.113
232,1248,3.9832
232,273,3.9743
232,454,3.8173
232,790,3.8004
195,487,21.1574
195,249,11.1901
195,339,9.8598
195,770,9.0327
195,759,8.2506
195,229,6.8255
195,1073,5.2939
195,609,5.0186
195,274,5.0004
195,969,4.8852
195,397,4.5289
195,357,4.0537
195,315,3.8558
195,464,3.8185
195,855,3.746
195,330,3.728
195,474,3.7002
195,1127,3.4815
195,369,3.4792
195,246,3.4212
195,811,3.3522
195,928,3.1692
195,1286,3.154
195,317,3.1267
195,786,3.0905
195,1327,3.0245
195,197,2.9733
195,1233,2.9467
195,1077,2.8652
195,490,2.8247
195,402,2.7899
195,351,2.7603
195,362,2.7391
195,1012,2.7124
195,547,2.6411
195,1135,2.6015
532,643,12.1068
532,672,7.8632
532,1131,7.0187
532,580,3.8744
532,787,3.8505
532,572,3.518
532,1273,3.4443
532,680,3.1948
532,1062,3.1874
532,1114,2.9046
532,656,2.8667
532,1030,2.7048
532,671,2.6712
532,754,2.595
532,600,2.4181
992,1140,2.8965
992,1235,2.54
992,1147,2.3085
992,1091,2.2757
992,1075,2.1282
286,992,13.5259
286,364,11.5429
286,1235,10.015
286,410,9.0576
286,478,8.6073
286,1293,8.3643
286,322,7.8074
286,514,7.673
286,750,6.4234
286,1079,6.1137
286,360,6.0246
286,764,5.9864
286,451,5.7908
286,823,5.7341
286,702,5.4848
286,473,5.4161
286,453,5.2037
286,936,4.6956
286,757,4.5618
286,1075,4.4612
286,396,4.2891
286,388,4.2179
286,773,4.1204
846,1213,5.9312
846,964,3.5508
846,956,3.1627
846,1146,2.8749
846,940,2.7103
846,1308,2.6873
846,1067,2.4539
846,1117,2.4206
899,1094,2.3142
899,1002,2.0273
899,1158,1.8035
202,505,23.9463
202,364,13.3044
202,992,10.4058
202,823,10.3929
202,831,10.1103
202,721,9.1963
202,694,8.538
202,478,8.4972
202,830,8.2691
202,286,7.8925
202,453,7.8681
202,980,7.4426
202,570,6.3604
202,1219,5.687
202,240,5.4782
202,597,5.1781
202,974,4.9868
202,775,4.9374
202,545,4.7517
202,705,4.6834
202,607,4.3674
202,440,4.2164
202,945,4.1973
202,402,4.0833
202,352,4.0207
202,764,3.9769
202,652,3.9413
202,319,3.8991
202,468,3.7411
202,345,3.5464
202,740,3.5294
202,437,3.5037
202,287,3.4891
737,783,6.8809
737,885,5.5199
737,1013,5.4992
737,830,3.8061
737,956,3.6174
737,780,3.5697
737,1018,3.5098
737,1213,3.4865
737,1113,3.2166
1013,1337,6.0981
1013,1024,2.6063
381,1131,10.3652
381,1061,7.9342
381,1006,6.9729
381,532,5.2625
381,995,4.4646
381,427,4.1071
381,459,3.864
381,709,3.7758
381,643,3.6782
381,527,3.6276
381,508,3.4667
381,582,3.3777
381,557,3.3088
381,640,3.291
381,442,2.9716
381,385,2.9442
381,929,2.8537
381,404,2.7829
468,508,6.5371
468,539,5.7595
468,790,5.2256
468,506,5.1022
468,478,4.393
468,799,3.9265
468,694,3.8513
468,647,3.4844
468,486,3.35
468,582,3.3087
468,983,3.0609
468,614,3.0065
468,936,2.9676
468,1337,2.9416
468,546,2.8574
468,578,2.7702
468,551,2.6726
468,807,2.4819
468,534,2.4371
468,1007,2.4055
468,909,2.3625
779,856,4.2076
779,1122,4.1063
779,831,3.8062
779,825,3.694
779,896,2.921
779,1234,2.6969
779,950,2.3506
327,840,17.2465
327,553,11.8929
327,402,11.0492
327,782,10.4612
327,741,9.4306
327,394,7.1044
327,1247,6.7198
327,825,6.6264
327,561,6.2497
327,595,6.1648
327,1190,5.758
327,365,5.6879
327,612,5.5413
327,886,5.0316
327,539,4.8895
327,1351,4.6797
327,807,4.5607
327,582,4.5453
327,1139,4.5151
327,534,4.2645
327,912,4.1897
327,744,4.0556
327,959,4.0481
327,567,3.8816
327,410,3.8386
327,405,3.7936
327,899,3.6627
327,1288,3.5818
327,1154,3.5796
327,892,3.4329
327,719,3.367
327,502,3.3472
327,1115,3.3088
327,409,3.2211
646,845,8.7578
646,711,6.9014
646,1000,6.2218
646,821,5.3964
646,808,4.4369
646,1143,3.768
646,750,3.5191
646,810,3.4743
646,789,3.4407
646,767,2.9805
646,951,2.9119
185,307,21.6766
185,319,16.9337
185,618,13.3121
185,723,9.411
185,337,7.9534
185,963,7.5098
185,757,7.4872
185,497,6.9376
185,370,6.92
185,361,6.5403
185,878,6.2803
185,742,6.2631
185,366,6.2494
185,1195,6.2267
185,251,6.1785
185,695,6.0522
185,483,5.9717
185,715,5.9585
185,976,5.4746
185,699,5.1427
185,724,5.112
185,662,4.8431
185,502,4.6986
185,230,4.6759
185,750,4.3976
185,716,4.222
185,499,4.1435
185,770,3.971
185,475,3.9592
185,879,3.9114
185,414,3.8675
185,1155,3.8542
185,545,3.8431
185,573,3.6948
185,924,3.6504
185,524,3.5492
185,1242,3.4534
950,1158,3.5191
570,835,5.4365
570,831,5.1119
570,694,4.1708
570,1219,4.0726
570,779,3.6667
570,1024,3.2049
570,638,3.0593
570,645,2.9214
570,945,2.7245
570,912,2.6159
570,721,2.3649
570,1145,2.3591
570,1025,2.1799
570,968,2.0378
446,447,11.6042
446,510,8.0522
446,478,5.7927
446,1148,4.8947
446,1075,4.7899
446,1106,4.7497
446,737,4.4179
446,1337,4.3758
446,539,4.3109
446,780,4.2917
446,803,4.2873
446,451,4.2496
446,1019,4.209
446,978,4.0057
446,769,3.909
446,582,3.8613
446,1147,3.7796
446,885,3.7587
446,669,3.6787
446,561,3.6243
446,966,3.602
821,1289,6.2778
821,1221,4.3424
821,1143,2.8865
821,1129,2.8483
821,883,2.4925
1105,1146,2.506
1105,1264,1.893
287,1038,7.0659
287,323,4.9792
287,900,4.812
287,401,4.1384
287,829,4.0899
287,349,3.8394
287,338,3.76
287,717,3.6672
287,313,3.634
287,992,3.5398
287,1243,3.1452
287,831,3.1005
287,828,3.0465
287,843,3.0445
287,325,2.9878
287,402,2.8572
287,470,2.7886
287,766,2.6644
287,725,2.6118
287,442,2.6091
287,537,2.5717
287,511,2.5604
287,380,2.5592
287,460,2.4942
287,316,2.4357
287,358,2.4286
287,464,2.4247
287,567,2.3801
287,372,2.2951
287,1018,2.2808
287,810,2.2655
906,1136,2.762
906,992,2.1164
906,1221,1.8069
906,1037,1.7372
906,1307,1.5258
906,947,1.524
906,1042,1.4935
906,1247,1.4737
395,545,13.8178
395,828,13.0501
395,404,12.8277
395,613,12.5127
395,724,9.4483
395,503,8.0093
395,497,7.8642
395,601,7.5044
395,464,7.4953
395,723,6.853
395,553,6.6867
395,484,6.1506
395,699,6.117
395,475,5.4755
395,735,5.2288
395,958,5.1947
395,502,4.3317
395,719,4.2912
395,887,3.9731
395,402,3.7571
395,856,3.5049
395,595,3.4452
395,825,3.2582
395,742,3.1716
395,1140,2.8122
395,1115,2.6925
395,757,2.5864
395,1178,2.5773
395,512,2.4941
395,1039,2.4495
447,1148,7.4333
447,478,7.2836
447,803,6.8736
447,870,6.8057
447,574,6.6001
447,510,6.3258
447,567,5.5745
447,561,5.3281
447,1225,5.1527
447,850,4.9273
447,1024,4.8687
447,701,4.849
447,937,4.7341
447,695,4.6518
447,712,4.0549
447,647,3.996
447,966,3.9042
447,452,3.8945
447,506,3.8491
447,539,3.6264
694,831,9.5717
694,992,9.4431
694,1075,5.5678
694,870,4.3724
694,779,3.9377
694,981,3.3368
694,1208,2.738
694,950,2.7123
694,1270,2.4692
727,1158,3.5323
727,1023,3.3212
727,793,2.5809
727,955,2.4388
727,894,2.3529
727,762,2.3523
727,1258,2.2997
567,694,5.8927
567,1240,4.9827
567,611,4.2208
567,824,4.1501
567,898,3.9182
567,644,3.6967
567,965,3.5279
567,1128,3.4153
567,992,3.1749
567,1090,3.1685
567,1083,2.9175
567,807,2.7597
567,746,2.6543
567,668,2.6222
567,1155,2.6004
453,694,5.1123
453,827,4.5119
453,456,4.2646
453,992,3.2804
453,567,3.1527
453,1266,3.1468
453,764,3.0869
453,523,2.9238
453,779,2.7695
453,539,2.5586
453,721,2.3758
453,1168,2.3757
1050,1174,7.3626
1050,1124,4.1592
1050,1348,3.14
1050,1377,2.1888
1050,1269,2.1649
810,1001,4.2512
810,821,4.2292
810,845,4.1902
810,968,3.4065
810,1272,3.3578
810,879,2.9132
810,1117,2.7831
810,1143,2.6023
810,868,2.5807
357,359,24.5248
357,1006,15.2268
357,1061,12.8863
357,1032,11.9095
357,381,10.0967
357,527,10.024
357,362,9.8211
357,597,9.2042
357,701,9.1657
357,885,8.354
357,972,8.1395
357,1318,7.666
357,645,7.39
357,586,6.8322
357,948,6.6689
357,732,6.5869
357,466,6.2387
357,508,6.1193
357,1008,5.8528
357,500,5.6725
357,750,5.5536
357,1237,5.5317
357,582,5.504
357,646,5.3917
307,319,7.6137
307,502,5.7502
307,662,5.6776
307,533,5.4753
307,618,5.092
307,492,4.7296
307,564,4.0229
307,316,3.8587
307,536,3.6157
307,878,3.5562
307,343,3.5147
307,776,3.4202
307,1241,3.3933
307,605,3.2775
307,497,3.1901
307,464,3.1019
307,1209,3.0405
307,1144,3.0384
307,1074,3.0191
307,819,2.996
307,742,2.98
307,538,2.8224
307,724,2.5757
307,390,2.5079
307,716,2.4912
307,748,2.3868
307,773,2.3788
307,517,2.2894
307,895,2.2358
505,570,6.6267
505,980,6.3729
505,1219,6.125
505,992,5.9811
505,890,5.0011
505,766,4.9504
505,976,4.7523
505,567,3.6777
505,721,3.6516
505,823,3.5575
505,1075,2.8026
505,687,2.5629
505,912,2.3817
505,968,2.3446
505,1079,2.1268
505,541,2.1262
505,1085,2.103
505,1160,2.0733
505,819,2.0411
505,584,2.0366
505,508,1.9761
768,829,3.9978
768,1252,3.5932
768,1377,3.1653
768,974,3.0528
768,1214,2.5496
768,1026,2.4326
768,828,2.2177
768,787,2.1672
768,1346,2.1202
768,1209,2.0543
768,1038,2.0345
768,997,2.0287
768,782,1.8791
768,826,1.8456
1232,1318,1.7549
321,463,9.6417
321,345,8.8547
321,432,8.5004
321,442,8.3549
321,1331,7.1659
321,798,6.824
321,523,5.9441
321,342,5.6098
321,1084,5.6089
321,972,5.4289
321,440,4.9164
321,657,4.8379
321,358,4.2238
321,382,4.0904
321,731,3.9657
321,1199,3.9039
321,610,3.5606
321,831,3.372
321,1179,3.2685
321,687,3.1982
321,1102,3.1431
321,571,3.0711
321,388,2.9699
321,348,2.9385
321,591,2.8701
321,787,2.8675
321,456,2.7596
321,713,2.6509
321,1233,2.5836
341,581,14.0704
341,357,11.0368
341,737,9.7438
341,406,9.5083
341,385,9.4945
341,1147,9.2157
341,802,9.0545
341,412,8.4205
341,469,6.6099
341,1213,6.5749
341,664,6.4374
341,401,5.984
341,359,5.1924
341,1106,5.0185
341,463,4.9963
341,670,4.9624
341,562,4.9435
341,677,4.7343
341,669,4.7111
341,506,4.375
341,1013,4.3656
341,846,4.2693
341,589,4.2371
341,1224,4.1471
878,887,2.4732
878,900,2.4183
878,882,2.2004
878,1259,2.1428
878,1356,1.9303
878,1116,1.8981
878,938,1.7783
878,885,1.7446
547,1216,5.1465
547,597,4.9773
547,552,4.2578
547,756,3.8569
547,627,3.5907
547,637,3.3221
547,1286,3.2435
547,744,3.2229
547,725,3.0758
547,848,3.0219
547,827,2.8216
547,796,2.7266
547,1301,2.6197
547,696,2.546
309,634,22.6173
309,661,18.968
309,524,13.7842
309,435,12.9883
309,420,8.5925
309,600,8.0973
309,673,8.0875
309,834,8.0404
309,771,6.0208
309,590,5.6042
309,378,5.5318
309,542,5.4871
309,375,5.3563
309,491,5.1996
309,1170,5.175
309,722,5.0363
309,982,5.0008
309,1298,4.7228
309,623,4.685
309,320,4.6086
309,911,4.4744
309,993,4.1998
309,374,3.7934
309,331,3.7683
309,454,3.7085
309,671,3.6681
309,818,3.6456
536,807,4.1446
536,858,3.9203
536,985,3.571
536,752,3.4294
536,1177,3.403
536,815,3.3779
536,643,3.2561
536,682,3.2481
536,726,2.6632
536,1140,2.6152
536,581,2.5025
536,1347,2.3482
536,1343,2.3112
536,624,2.271
536,1213,2.2405
391,928,10.3366
391,591,9.8603
391,855,9.0303
391,523,8.4897
391,630,6.2516
391,880,6.2449
391,739,5.6291
391,583,5.6013
391,467,5.5179
391,1080,5.1336
391,657,4.8208
391,1253,4.8035
391,820,4.6559
391,420,4.5561
391,810,4.4861
391,543,4.3663
391,990,4.3262
391,626,4.1968
391,501,4.1504
391,801,3.9895
391,432,3.9028
391,1059,3.8806
391,979,3.7395
529,885,5.8099
529,644,5.801
529,581,4.5794
529,664,4.0494
529,554,3.8853
529,611,3.7987
529,835,3.4641
529,802,3.2387
529,1236,3.219
529,1339,3.1838
529,1154,3.1693
529,567,2.9683
529,999,2.9588
529,898,2.9383
529,1095,2.92
529,737,2.8137
969,1209,2.4498
969,1263,2.2637
969,1052,2.2189
969,1232,1.8572
969,1099,1.7825
969,1017,1.6346
969,986,1.6152
1075,1103,2.5897
799,1075,4.573
799,1028,3.3298
799,1361,3.2638
799,1337,2.5896
799,913,2.4711
799,1258,2.4122
799,903,2.2022
799,939,1.9962
799,841,1.9959
229,466,14.1352
229,815,13.7955
229,305,12.4993
229,407,10.0688
229,241,9.4456
229,856,9.0363
229,753,8.8004
229,1189,8.0785
229,315,8.0029
229,915,7.9099
229,909,7.1903
229,334,7.0893
229,557,7.0343
229,517,6.8713
229,777,6.7786
229,356,6.7784
229,534,6.535
229,1173,6.4887
229,231,6.2979
229,243,6.2578
229,467,6.1713
229,1058,6.1085
229,1150,6.0415
229,901,5.9903
229,955,5.9036
229,262,5.7693
229,247,5.7467
229,1023,5.63
229,512,5.5293
229,716,5.5099
229,464,5.4766
523,657,8.6646
523,1232,7.1412
523,994,5.4335
523,824,5.3037
523,1271,4.7687
523,1090,4.7393
523,830,4.5476
523,992,3.7398
523,567,3.6901
523,1331,3.6846
523,586,3.6312
523,855,3.5979
523,862,3.3486
523,614,3.2566
523,760,3.2277
523,822,3.2063
523,792,3.1178
523,1080,3.111
523,732,3.0092
1122,1234,2.4776
1122,1149,1.6791
1122,1263,1.6614
116,123,21.5746
116,350,15.2154
116,846,11.0952
116,401,10.7291
116,227,10.4688
116,168,10.323
116,133,7.5404
116,176,7.3909
116,150,7.3834
116,189,7.0172
116,255,7.0115
116,188,6.906
116,206,6.7748
116,664,6.5621
116,670,6.3102
116,158,6.2019
116,1083,5.9832
116,323,5.9398
116,1146,5.7944
116,326,5.7412
116,292,5.1912
116,1213,5.0391
116,391,4.9917
116,780,4.9584
116,385,4.952
116,737,4.8993
116,1018,4.7503
116,333,4.6696
116,357,4.2947
116,446,4.2613
116,341,4.2252
116,798,4.02
116,126,3.9332
253,506,15.9107
253,790,15.8199
253,406,8.6511
253,281,7.356
253,357,7.1044
253,582,6.7082
253,359,6.6767
253,446,6.5846
253,750,6.3557
253,478,5.9965
253,819,5.8758
253,807,5.7261
253,468,5.5897
253,284,5.4268
253,656,5.0972
253,351,4.9583
253,400,4.8536
253,546,4.6937
253,489,4.5743
253,903,4.5563
253,912,4.5499
253,744,4.5428
253,367,4.5213
253,433,4.4571
253,927,4.3335
28,272,35.2836
28,103,28.4915
28,65,23.503
28,266,16.9748
28,54,16.8218
28,174,16.5832
28,282,14.2799
28,158,12.2049
28,447,10.4596
28,301,9.7028
28,840,9.6831
28,1305,9.4867
28,267,9.1996
28,424,9.0088
28,64,8.977
28,611,8.5647
28,1254,8.534
28,143,8.2816
28,1309,8.1283
28,452,8.0932
28,353,8.0344
28,120,7.9182
28,1024,7.8717
28,668,7.7181
28,794,7.5958
28,443,7.2125
28,181,7.2037
28,870,6.9181
28,464,6.5847
28,899,6.5692
28,112,6.3615
28,317,6.3441
28,122,6.3422
28,188,6.0735
28,294,6.0698
28,382,5.9363
28,822,5.9147
28,932,5.8445
28,206,5.8125
28,433,5.8106
28,105,5.7639
28,147,5.7468
28,581,5.6289
28,168,5.5966
28,432,5.4821
28,177,5.4224
28,1075,5.4183
28,700,5.3366
945,1027,3.3397
945,1154,2.6654
945,1090,1.9634
945,1101,1.6342
1099,1210,2.1608
1099,1292,1.6521
1099,1353,1.616
1099,1201,1.6031
1099,1225,1.5849
349,647,17.0454
349,669,10.006
349,401,8.1193
349,1109,7.2987
349,611,6.7752
349,738,6.0609
349,845,4.8147
349,668,4.6186
349,700,4.579
349,693,4.248
349,1008,3.7676
349,581,3.7661
349,1066,3.7235
349,406,3.1818
349,737,3.1498
349,670,3.0749
349,826,2.8276
349,921,2.8038
349,598,2.7643
349,740,2.7357
349,1017,2.6545
349,717,2.6447
349,641,2.5838
349,415,2.5796
349,550,2.5368
349,789,2.4517
349,567,2.34
349,446,2.3223
349,950,2.2922
349,1128,2.2861
349,966,2.2758
349,591,2.2679
349,1154,2.2611
1235,1293,2.4251
1235,1237,2.2674
664,956,5.3364
664,1146,4.8576
664,981,4.7311
664,1200,4.4963
664,859,4.3842
664,1251,3.9901
664,858,3.7571
664,999,3.5892
664,780,3.4994
664,682,3.3325
664,828,3.2824
664,1326,3.2413
664,802,3.097
170,175,10.016
170,332,8.4632
170,1026,7.6437
170,221,7.2902
170,444,6.0657
170,998,5.2429
170,556,4.9065
170,342,4.8338
170,305,4.8004
170,190,4.5112
170,1028,4.0709
170,492,4.0089
170,992,4.0072
170,515,3.7748
170,307,3.6826
170,397,3.5458
170,185,3.5408
170,348,3.4678
170,198,3.3248
170,683,3.3241
170,1121,3.1311
170,694,3.1145
170,674,3.0957
170,488,3.0341
170,772,2.9779
170,236,2.9762
170,193,2.9423
170,607,2.9157
170,658,2.907
170,960,2.8856
170,692,2.7523
170,676,2.7508
170,196,2.7362
170,598,2.6265
170,1186,2.6224
275,732,20.5107
275,828,12.9041
275,956,7.248
275,960,7.0502
275,314,6.901
275,405,6.4615
275,613,5.5896
275,869,5.2453
275,338,5.0576
275,973,4.9888
275,604,4.7949
275,496,4.5652
275,357,4.4613
275,1071,4.3958
275,500,4.3034
275,371,4.139
275,404,4.104
275,502,4.0465
275,370,3.908
275,298,3.801
275,663,3.5518
275,350,3.3084
275,413,3.1562
275,655,3.0977
275,485,2.9966
275,584,2.9575
275,577,2.9171
275,401,2.8338
275,950,2.7603
275,497,2.76
405,1329,12.5031
405,782,10.6242
405,485,7.626
405,769,5.6247
405,1240,5.3349
405,828,5.1894
405,793,4.8187
405,475,4.1138
405,466,4.0302
405,578,3.5184
405,1122,3.4444
405,1064,3.4363
405,421,3.434
405,944,3.4269
405,613,3.4107
405,1094,3.2655
405,719,3.2417
405,932,3.19
405,779,3.1418
405,658,3.0635
405,958,3.0589
405,802,3.0498
405,644,2.9961
786,1012,2.7837
786,1062,2.6103
786,794,1.8504
786,1134,1.6071
786,801,1.601
786,1098,1.5118
786,1115,1.492
786,892,1.4656
786,1017,1.429
895,987,2.3117
895,1071,1.7741
895,1133,1.7382
823,992,6.6074
823,974,4.6316
823,1083,2.5643
823,1091,2.504
823,1324,2.1777
823,1068,2.0635
823,1199,2.0109
823,917,1.9846
134,588,9.2353
134,229,8.9177
134,178,8.4784
134,146,7.8234
134,512,7.3357
134,161,7.1003
134,151,7.0759
134,160,6.9735
134,293,6.7933
134,426,6.7478
134,242,6.7409
134,243,6.2281
134,187,6.0228
134,1189,6.0037
134,1059,5.498
134,251,5.3616
134,1030,5.257
134,333,5.0951
134,630,5.0896
134,470,5.0579
134,624,5.0138
134,640,4.9102
134,343,4.8115
134,595,4.7553
134,467,4.6482
134,633,4.5799
134,305,4.5593
134,886,4.5062
134,662,4.4316
134,679,4.4302
134,150,4.4238
134,177,4.3681
134,220,4.2731
134,449,4.2082
134,776,4.1444
1213,1231,2.214
106,202,21.8783
106,395,7.2871
106,709,6.733
106,388,6.2476
106,138,5.575
106,273,5.5236
106,875,4.9687
106,599,4.9197
106,694,4.5055
106,232,4.3873
106,115,4.1843
106,505,4.1542
106,328,4.0832
106,638,4.0657
106,240,4.0471
106,551,4.0309
106,342,3.9328
106,164,3.8721
106,986,3.8636
106,607,3.8633
106,267,3.7405
106,980,3.7117
106,364,3.7028
106,349,3.4601
106,111,3.3937
106,1229,3.2942
106,255,3.2941
106,284,3.2497
106,136,3.1595
106,721,3.1524
106,365,3.1449
106,361,3.0691
106,597,2.9968
106,730,2.9852
106,478,2.966
106,129,2.9467
106,107,2.9341
106,723,2.9089
451,486,11.8023
451,711,9.4307
451,810,7.9107
451,1105,5.9069
451,554,5.0216
451,664,4.9704
451,748,4.7397
451,583,4.4575
451,473,4.3985
451,764,4.0023
451,557,3.7826
451,678,3.6609
451,646,3.5865
451,1257,3.5492
451,934,3.5317
451,821,3.5131
451,1146,3.4645
451,981,3.4155
451,529,3.2231
912,1237,2.8608
912,917,2.2781
912,1270,2.2352
912,1216,2.0963
912,1227,1.9907
831,945,7.2489
831,1219,3.1814
831,1243,3.1672
831,835,2.8749
831,1136,2.5363
831,1189,2.447
831,1154,2.2225
834,1119,2.5013
834,1028,2.1324
834,1150,2.0454
101,820,19.1396
101,291,12.5389
101,335,11.4833
101,975,10.9175
101,1244,10.584
101,858,8.4024
101,843,7.8847
101,156,7.8015
101,533,7.799
101,214,7.0208
101,736,6.92
101,1334,6.8535
101,521,6.5234
101,417,6.3067
101,216,6.267
101,704,6.1328
101,308,5.8799
101,974,5.8773
101,979,5.6475
101,438,5.5586
101,729,5.5228
101,571,5.2324
101,494,5.1518
101,248,5.0019
101,153,4.9761
101,656,4.6997
101,775,4.6671
101,629,4.5819
101,1328,4.4649
101,1335,4.3988
101,409,4.2831
101,245,4.2767
101,726,4.1899
101,760,4.1631
101,437,4.1171
101,361,3.995
101,1009,3.9665
101,257,3.8917
655,657,6.4678
655,1331,5.7147
655,1002,3.8299
655,676,2.7683
655,855,2.3226
655,1193,2.3169
655,909,2.2207
655,1177,2.1903
655,822,2.1718
655,696,2.0534
589,1254,5.2738
589,711,3.426
589,701,2.9571
589,890,2.5935
589,792,2.2405
589,810,2.2345
589,1117,2.2322
589,845,2.2115
589,657,2.1485
589,1289,2.1071
589,1275,2.0856
589,1105,2.0786
246,343,12.9756
246,1041,8.5639
246,255,8.4188
246,464,7.3099
246,252,6.3753
246,1146,6.2291
246,858,6.2057
246,406,5.9983
246,581,5.7241
246,414,5.6166
246,440,5.5439
246,875,5.4521
246,267,5.4145
246,670,5.4125
246,328,4.9937
246,783,4.7268
246,446,4.4886
246,656,4.3074
246,518,4.2159
246,711,4.1236
246,471,4.0585
246,287,3.8661
246,562,3.7178
246,658,3.5509
246,824,3.4971
246,474,3.468
246,738,3.4581
416,1021,6.2524
416,472,5.3383
416,574,5.0344
416,532,4.5736
416,504,4.4681
416,531,4.3024
416,433,3.7645
416,756,3.2701
416,484,3.1937
416,643,2.5515
416,571,2.5239
416,891,2.4995
416,599,2.3353
416,429,2.3223
416,1117,2.2635
416,941,2.2293
416,1332,2.1161
909,1188,7.1251
909,955,5.851
909,1055,4.2597
909,1327,3.2499
909,1333,3.1339
909,1057,3.089
909,1032,2.7214
1091,1121,2.0378
1091,1147,1.5873
711,810,7.6257
711,744,4.658
711,845,4.3263
711,821,3.6895
711,789,3.4331
711,1105,2.6517
711,966,2.6169
460,565,7.4367
460,989,6.8798
460,1136,4.8903
460,518,4.5059
460,646,3.9577
460,529,3.9195
460,546,3.8741
460,999,3.7912
460,651,3.5045
460,495,3.4562
460,893,3.0635
460,572,2.9945
763,1211,2.9766
763,893,2.5672
763,790,2.553
763,827,2.2331
262,356,12.3555
262,365,6.4035
262,334,6.13
262,850,5.8438
262,305,5.5798
262,960,5.4094
262,279,4.9955
262,699,4.4174
262,348,4.2123
262,267,4.1739
262,351,4.0055
262,510,3.8254
262,576,3.8234
262,402,3.8181
262,485,3.734
262,517,3.6714
262,621,3.5073
262,873,3.3879
262,357,3.3853
262,426,3.2978
262,361,3.255
262,631,3.2168
262,695,3.1602
262,449,3.0742
113,133,26.9262
113,124,24.16
113,343,16.6152
113,981,16.6103
113,419,15.0427
113,604,12.9237
113,121,10.3515
113,1337,8.8084
113,698,8.3008
113,537,8.2561
113,664,7.8239
113,123,6.8614
113,182,6.5896
113,562,6.5827
113,666,6.4397
113,436,5.7825
113,548,5.6095
113,451,5.4318
113,350,5.421
113,783,5.2365
113,114,5.2172
113,255,5.2111
113,289,5.1825
113,850,5.0352
113,956,4.9984
113,238,4.832
113,456,4.806
113,673,4.7124
113,1178,4.5278
113,273,4.3818
113,920,4.3738
113,732,4.2874
113,677,4.1204
113,252,4.0391
113,703,4.0233
113,695,4.0031
113,1314,3.9516
113,1308,3.9031
113,446,3.8239
113,780,3.7905
740,947,3.9982
740,882,2.2312
740,764,2.2119
740,802,2.1245
740,930,2.0381
740,964,2.0058
510,1225,7.5358
510,1019,7.4217
510,803,6.8624
510,1106,6.0274
510,780,4.9817
510,554,4.4157
510,978,4.2455
510,1148,4.0
510,546,3.8002
510,902,3.7911
510,712,3.7467
510,850,3.3966
510,737,3.381
510,766,3.3578
510,562,3.2953
835,1247,5.4545
835,1032,4.4008
835,844,2.82
835,1205,2.8186
835,892,2.451
835,885,2.3431
835,909,2.3056
835,993,2.2059
743,957,4.3454
743,1043,2.5641
743,822,2.4132
743,1270,2.401
743,793,2.3703
743,938,2.3512
743,1080,2.2884
743,1153,2.2707
743,1036,2.1811
73,255,21.5528
73,604,20.5149
73,450,17.8031
73,123,17.4516
73,113,12.9292
73,497,11.4455
73,1081,11.2468
73,370,10.7025
73,644,9.9985
73,206,7.9464
73,957,7.7527
73,539,7.5874
73,124,7.3292
73,613,7.2824
73,850,7.0236
73,141,6.9476
73,554,6.8739
73,509,6.8364
73,862,6.3666
73,964,6.3285
73,498,6.2358
73,419,6.0871
73,221,5.6714
73,835,5.5599
73,529,5.5468
73,561,5.5128
73,168,5.4525
73,475,5.356
73,239,5.3503
73,828,5.3383
73,452,5.1293
73,397,4.9532
73,438,4.9203
73,176,4.8868
73,567,4.8545
73,782,4.7196
73,666,4.4873
73,464,4.3317
73,981,4.3026
73,534,4.2903
73,577,4.2412
73,1010,4.1837
73,314,4.0772
73,1242,4.0532
981,1262,2.034
981,1151,1.9663
981,1174,1.9068
543,857,9.5704
543,934,8.5231
543,665,7.9539
543,1158,7.1291
543,624,6.3107
543,1017,6.0682
543,933,5.6937
543,771,5.2656
543,1178,5.2183
543,596,4.5908
543,727,4.476
543,904,4.436
543,720,4.4316
543,836,4.378
543,1255,4.235
543,762,4.1414
543,852,3.6815
543,1103,3.5543
543,676,3.5537
281,514,14.0156
281,478,10.2879
281,425,6.6057
281,286,6.4134
281,1044,6.1785
281,437,6.1111
281,1248,5.9843
281,498,5.6429
281,291,5.4
281,790,5.2231
281,819,5.2012
281,646,4.8812
281,361,4.8439
281,750,4.7998
281,486,4.6221
281,1293,4.5524
281,656,4.1948
281,397,4.1886
281,451,3.9527
281,360,3.9278
281,1027,3.8639
281,936,3.8195
281,1082,3.7863
281,574,3.7456
281,347,3.7279
281,845,3.7248
281,377,3.6288
281,946,3.5606
537,1021,6.9016
537,604,4.867
537,722,4.204
537,826,3.7805
537,1243,3.766
537,1371,3.3432
537,950,3.1469
537,1314,3.1344
537,1171,3.1273
537,785,3.1074
537,858,3.0539
537,780,3.0383
537,1070,3.0
537,869,2.865
537,976,2.7061
537,853,2.6296
537,547,2.4313
870,1075,3.0732
870,932,2.154
433,447,8.8848
433,574,7.3091
433,452,6.849
433,446,6.3245
433,741,5.7404
433,846,5.1471
433,442,4.6946
433,722,4.3053
433,478,4.2793
433,628,4.1024
433,1128,3.9634
433,1201,3.9206
433,611,3.7876
875,1140,2.4336
875,1090,2.1112
368,493,10.7613
368,848,5.1666
368,635,5.1394
368,792,5.0702
368,650,4.739
368,1031,4.327
368,709,4.1072
368,384,3.7338
368,513,3.3413
368,554,3.3016
368,440,3.2993
368,750,3.1776
368,692,3.0529
368,722,2.8733
368,495,2.832
368,611,2.6587
368,380,2.6468
368,580,2.6106
368,673,2.6022
368,1361,2.5531
368,683,2.5447
368,531,2.5321
368,583,2.5008
368,451,2.4984
368,775,2.4934
368,586,2.4795
852,1157,4.3692
852,864,4.343
852,1045,4.3425
852,1086,2.996
852,1012,2.6587
852,1072,2.5696
852,1164,2.3679
852,1017,2.2735
203,363,8.329
203,360,7.5964
203,239,5.7349
203,357,5.4081
203,303,5.0178
203,359,4.6519
203,274,4.6386
203,750,4.3339
203,345,4.1649
203,328,4.1644
203,576,3.7638
203,246,3.572
203,236,3.5343
203,322,3.5233
203,398,3.4765
203,268,3.3755
203,569,3.3342
203,785,3.3199
203,1238,3.2275
203,1194,3.1814
203,537,3.1419
203,330,3.1101
203,341,3.0959
203,1096,3.0718
203,763,3.0659
203,1085,3.0198
203,326,2.9894
1014,1130,3.3293
1014,1109,2.9886
1014,1126,2.6474
1014,1077,2.5613
1014,1187,2.4802
1014,1048,2.2468
44,213,17.563
44,306,13.0442
44,46,11.4272
44,218,9.5952
44,1130,9.3532
44,414,7.9654
44,533,7.6823
44,956,7.0308
44,923,7.0181
44,700,6.5536
44,250,6.3909
44,1126,6.3107
44,443,6.2169
44,172,6.2036
44,95,6.0391
44,156,5.8822
44,436,5.7851
44,143,5.305
44,382,5.0611
44,794,4.6236
44,440,4.457
44,1180,4.4515
44,64,4.3809
44,148,4.3123
44,168,4.2287
44,746,4.2253
44,282,4.0748
44,631,4.0142
44,990,3.9723
44,270,3.8863
44,993,3.8464
44,931,3.8179
44,76,3.8106
44,668,3.776
44,101,3.7498
44,251,3.637
44,1065,3.5292
44,65,3.5063
44,265,3.4927
44,965,3.4869
44,301,3.4856
44,267,3.4746
44,824,3.3557
44,623,3.3416
44,1156,3.313
44,562,3.2561
44,354,3.2488
1216,1259,1.5019
164,412,21.585
164,401,12.8838
164,385,11.9518
164,363,8.5756
164,388,8.5068
164,737,8.0519
164,291,8.0063
164,227,7.787
164,818,7.6691
164,560,7.3691
164,206,7.3635
164,329,7.292
164,494,7.2378
164,511,7.1476
164,202,6.7237
164,956,6.0813
164,502,5.0627
164,491,4.9695
164,562,4.9056
164,827,4.6559
164,239,4.4443
164,510,4.4422
164,482,4.4226
164,810,4.3928
164,1021,4.3667
164,775,4.3595
164,846,4.3049
164,978,4.2306
164,722,4.1932
164,477,4.1287
164,234,4.0686
164,176,4.0576
164,171,4.0352
21,62,27.8921
21,133,15.4159
21,850,13.9117
21,24,13.8563
21,219,13.8221
21,108,12.4907
21,188,11.5125
21,506,11.5086
21,1225,10.9424
21,253,10.332
21,262,10.2259
21,25,9.9707
21,53,9.9318
21,164,9.5841
21,406,9.1659
21,737,9.1038
21,57,8.7854
21,1337,8.7563
21,289,8.5647
21,446,8.4985
21,695,8.4058
21,80,8.3776
21,357,8.0877
21,246,7.4932
21,36,7.1662
21,37,7.1123
21,462,6.9423
21,292,6.88
21,385,6.8415
21,234,6.7755
21,1013,6.3681
21,67,6.288
21,98,6.1484
21,55,6.1453
21,647,6.1232
21,192,6.0959
21,510,6.0695
21,161,6.0566
21,146,6.0362
21,267,5.9312
21,27,5.9236
21,1106,5.6905
21,793,5.6105
21,302,5.5758
21,449,5.4518
21,116,5.3638
21,698,5.3123
980,1134,3.0758
980,992,1.961
980,1237,1.8818
980,1143,1.6632
273,565,12.4304
273,281,11.4588
273,664,9.6006
273,385,9.5392
273,519,8.1784
273,737,7.9135
273,474,7.8699
273,514,7.8144
273,425,7.6559
273,460,6.6976
273,473,6.2562
273,451,6.1851
273,498,5.7289
273,936,5.6379
273,593,5.5405
273,1027,5.4168
273,656,5.2402
273,496,5.1428
273,1066,5.1055
273,406,4.9482
273,647,4.8626
273,463,4.8606
273,297,4.8528
273,711,4.8394
273,546,4.7926
266,282,11.9986
266,746,7.2536
266,436,6.8396
266,353,6.3147
266,701,6.1712
266,341,6.1067
266,290,5.7306
266,406,5.4187
266,1128,5.207
266,703,5.0789
266,807,5.0699
266,301,4.9374
266,611,4.8513
266,1254,4.5904
266,357,4.1617
266,581,3.9578
266,272,3.9434
266,319,3.7247
266,310,3.6108
266,552,3.4241
266,412,3.3529
266,1276,3.3442
266,693,3.166
266,267,3.1013
266,527,3.0733
266,1203,3.006
266,539,2.8742
266,574,2.8305
266,433,2.704
266,737,2.6481
266,468,2.6189
266,978,2.6147
94,279,20.4387
94,235,16.6676
94,182,14.2119
94,365,10.3087
94,327,10.1854
94,840,9.8431
94,484,8.9561
94,553,8.9365
94,612,8.3436
94,348,8.25
94,394,7.2304
94,99,7.0911
94,988,6.9771
94,769,6.887
94,825,6.4505
94,954,6.0508
94,1247,5.4259
94,398,5.3502
94,601,5.2554
94,423,5.145
94,293,5.1
94,402,5.0849
94,103,4.9645
94,364,4.8976
94,107,4.7687
94,241,4.7152
94,361,4.7093
94,485,4.6968
94,342,4.5656
94,168,4.5058
94,1317,4.4583
94,590,4.453
94,238,4.4284
94,860,4.3164
94,136,4.1931
94,426,4.1854
94,337,4.1569
94,1132,4.0728
94,249,4.0289
94,321,3.9382
595,630,3.8053
595,758,3.5727
595,896,3.2972
595,831,3.099
595,690,2.8007
595,741,2.7581
595,601,2.548
595,791,2.5284
595,683,2.4729
595,635,2.3977
595,790,2.3343
595,735,2.3316
1318,1371,1.9418
1079,1351,2.6301
1079,1149,1.5506
1079,1293,1.5384
1079,1306,1.4689
474,488,5.84
474,1022,4.8945
474,527,3.8944
474,1034,3.6458
474,523,3.6278
474,605,3.5149
474,557,3.3411
474,581,3.3257
474,506,3.1718
474,589,2.9901
474,676,2.9737
474,1153,2.9526
474,489,2.9381
474,846,2.9011
1024,1027,2.0316
1024,1196,1.8269
1024,1258,1.5455
154,418,14.8001
154,387,13.6678
154,231,12.5772
154,443,8.4549
154,188,8.3517
154,303,6.4372
154,219,6.1624
154,433,5.7827
154,1052,5.6376
154,793,5.5081
154,1005,5.095
154,302,4.532
154,216,4.3796
154,624,4.3441
154,174,4.1087
154,319,4.071
154,452,3.9316
154,999,3.9187
154,826,3.7742
154,1237,3.5408
154,406,3.3433
154,1348,3.1979
154,949,3.1735
154,742,3.1709
154,936,2.9251
154,508,2.8645
154,380,2.804
154,625,2.7874
154,712,2.7417
154,339,2.6932
154,900,2.6338
154,357,2.6095
154,392,2.5989
154,177,2.5987
444,654,12.5724
444,482,8.5096
444,748,5.4715
444,780,5.3256
444,1026,4.2605
444,1020,4.2424
444,767,3.6142
444,586,3.4045
444,1055,3.0053
444,511,2.8691
444,684,2.8689
444,734,2.8079
444,1370,2.803
444,685,2.6325
444,520,2.5145
444,683,2.502
444,996,2.4661
444,526,2.394
444,1111,2.3555
444,492,2.333
259,270,10.9694
259,332,10.6184
259,515,10.1035
259,356,9.1587
259,404,9.0942
259,672,8.6765
259,872,7.7289
259,466,7.5282
259,340,6.0698
259,557,5.9629
259,1327,5.8557
259,572,5.8522
259,357,5.8314
259,787,5.7955
259,488,5.0401
259,456,4.653
259,1045,4.5147
259,726,4.4429
259,562,4.1838
259,812,4.179
259,839,3.9684
259,474,3.9281
259,1123,3.9085
259,510,3.9053
259,532,3.8188
259,676,3.7347
259,316,3.7145
259,381,3.6823
1179,1268,1.7709
132,759,13.283
132,306,7.0294
132,986,6.9268
132,644,6.1477
132,343,5.974
132,714,5.5239
132,317,5.1506
132,717,5.1237
132,355,4.9389
132,1221,4.227
132,511,4.1416
132,533,4.0995
132,460,3.9144
132,234,3.7719
132,367,3.6987
132,535,3.6759
132,278,3.673
132,310,3.3079
132,1187,3.2722
132,616,3.2104
132,322,3.1999
132,257,3.0917
132,858,2.9974
132,159,2.9499
132,383,2.9267
132,232,2.864
132,397,2.8226
132,758,2.8194
132,1046,2.816
132,497,2.7848
132,143,2.7587
442,611,11.6097
442,641,6.834
442,443,6.3775
442,637,6.3558
442,768,5.6017
442,782,5.4461
442,470,5.2608
442,663,5.1132
442,826,4.4264
442,956,4.2288
442,610,4.1272
442,1216,4.0888
442,506,4.036
442,829,3.9481
442,745,3.9182
442,1106,3.8349
55,446,23.2102
55,447,21.732
55,510,20.6566
55,400,16.8061
55,769,11.9122
55,1225,9.767
55,803,9.4342
55,1148,9.4109
55,780,8.9026
55,350,8.8314
55,133,8.7976
55,433,8.1826
55,116,7.8666
55,1106,7.7466
55,478,7.5477
55,561,7.3685
55,436,6.9934
55,279,6.9673
55,62,6.8971
55,1075,6.8656
55,1019,6.4356
55,694,6.3387
55,978,5.9778
55,966,5.9453
55,846,5.9331
55,408,5.8513
55,220,5.8493
55,670,5.553
55,539,5.547
55,950,5.545
55,1337,5.4229
55,1103,5.2768
55,358,5.198
55,113,5.099
55,889,5.0273
55,402,4.996
55,103,4.9708
55,82,4.9609
55,255,4.865
55,1308,4.8056
968,1101,1.746
968,1054,1.6984
424,702,4.2635
424,822,4.2181
424,847,3.8307
424,950,3.2702
424,1134,2.9816
424,640,2.9676
424,993,2.5586
424,894,2.4595
424,675,2.4378
424,909,2.3465
424,518,2.267
424,854,2.2146
424,657,2.1287
424,955,2.057
424,637,2.0162
424,1289,2.003
424,745,1.981
424,432,1.9406
635,1189,5.1141
635,674,4.0183
635,636,3.569
635,791,3.5013
635,860,3.2559
635,687,3.0365
635,815,2.9949
635,828,2.7051
635,827,2.6533
16,122,13.8208
16,485,13.5119
16,91,11.6636
16,28,11.6365
16,930,10.8723
16,516,9.9229
16,343,9.7224
16,1113,9.5191
16,21,9.0798
16,267,8.3697
16,48,7.9417
16,65,7.6812
16,272,7.2043
16,610,6.7294
16,238,6.5935
16,103,6.3137
16,166,6.2943
16,67,5.9123
16,217,5.7719
16,36,5.7656
16,356,5.7501
16,464,5.6628
16,484,5.6518
16,174,5.6214
16,143,5.6079
16,710,5.6061
16,23,5.5677
16,401,5.4233
16,77,5.3118
16,120,5.234
16,1020,5.2253
16,148,5.1967
16,479,5.1661
16,309,5.1627
16,62,5.1311
16,35,5.0748
16,405,5.0599
16,474,5.0491
16,827,4.9534
16,850,4.9324
16,75,4.8767
16,1095,4.797
16,118,4.7628
16,314,4.761
16,117,4.7555
16,83,4.7427
16,26,4.7364
533,1244,7.9385
533,820,7.7809
533,975,6.929
533,948,6.0033
533,974,5.6616
533,1181,4.9653
533,889,4.3729
533,818,4.2203
533,729,3.9623
533,775,3.7174
533,876,3.608
533,931,3.5607
533,826,3.539
533,986,3.2085
533,1199,3.1698
533,858,3.1098
222,241,27.5196
222,782,12.34
222,405,9.3988
222,1115,7.4152
222,892,7.0615
222,485,6.227
222,500,6.1738
222,699,6.0073
222,238,5.7271
222,561,5.6399
222,1149,5.4353
222,440,5.3569
222,856,5.2124
222,293,5.1394
222,661,4.8356
222,1132,4.7446
222,779,4.5627
222,484,4.1699
222,228,4.1474
222,509,4.0661
222,932,4.0246
222,229,3.8946
222,799,3.824
222,909,3.6801
222,621,3.5943
222,302,3.5427
222,466,3.4933
222,357,3.4555
222,327,3.4501
222,723,3.4257
222,356,3.3808
222,314,3.3802
222,676,3.3697
222,786,3.2451
222,1350,3.1957
1257,1280,1.6892
1257,1293,1.3831
160,242,8.3344
160,470,6.7683
160,285,6.26
160,753,5.8692
160,229,5.8339
160,812,5.6304
160,512,5.5108
160,375,5.3628
160,194,5.2944
160,318,5.1748
160,1110,5.1351
160,316,5.1192
160,754,5.0238
160,854,5.0005
160,277,4.9478
160,399,4.634
160,717,4.5993
160,952,4.3391
160,251,4.2891
160,1218,4.1439
160,632,4.0346
160,169,4.0083
160,268,3.8921
160,641,3.5992
160,588,3.5752
160,621,3.5709
160,315,3.5235
160,1036,3.4886
160,210,3.4338
160,198,3.364
160,693,3.3326
160,528,3.2531
160,997,3.176
160,894,3.1663
194,254,17.7289
194,357,11.4209
194,334,10.7365
194,305,10.0029
194,732,8.2089
194,701,8.1933
194,900,7.2912
194,238,6.9498
194,275,6.7347
194,229,6.3587
194,442,6.2068
194,359,6.1289
194,553,5.7902
194,611,5.6336
194,262,5.4326
194,557,5.3993
194,404,5.3693
194,1115,5.3584
194,314,5.153
194,613,4.9041
194,1186,4.7347
194,1032,4.5752
194,796,4.274
194,828,3.9792
194,241,3.9724
194,996,3.9008
194,433,3.8731
194,496,3.8656
194,206,3.8378
194,741,3.8131
194,640,3.7299
194,1201,3.5428
194,960,3.4481
194,293,3.3151
194,351,3.3145
194,1059,3.3
194,466,3.1952
194,1006,3.191
194,909,3.1287
771,857,5.505
771,1065,2.591
771,1157,2.3355
771,1017,1.8069
771,1158,1.7447
124,981,23.4433
124,482,15.8989
124,419,15.0221
124,376,13.1873
124,537,10.9357
124,164,9.6994
124,323,9.4055
124,325,9.1819
124,668,9.1801
124,219,8.6443
124,289,7.7996
124,1152,7.0911
124,190,6.7694
124,133,6.6343
124,342,6.0107
124,287,5.7717
124,141,5.7581
124,725,5.7456
124,189,5.7214
124,573,5.71
124,620,5.466
124,421,5.237
124,511,5.2042
124,394,5.1978
124,548,5.109
124,780,5.0518
124,710,4.9881
124,130,4.902
124,689,4.8118
124,1184,4.7611
124,292,4.5994
124,722,4.595
124,291,4.4326
124,477,4.3954
124,824,4.3776
124,182,4.3652
1258,1343,2.9085
701,1006,4.7497
701,977,4.5121
701,1155,4.362
701,835,4.1173
701,741,3.9418
701,1128,3.5138
701,727,3.0918
701,972,2.8184
701,900,2.7975
701,973,2.7491
699,723,6.6897
699,779,5.753
699,719,5.5022
699,732,5.1656
699,828,3.886
699,724,2.8883
699,1219,2.8277
699,833,2.6256
872,1025,2.8214
872,1327,2.19
872,928,1.7076
872,1369,1.5905
872,960,1.5563
872,1226,1.3388
348,534,8.0272
348,732,7.8402
348,485,6.1911
348,365,5.3316
348,840,5.3197
348,744,4.8019
348,825,4.6832
348,695,4.603
348,356,3.3962
348,1064,3.3527
348,612,3.3074
348,872,3.2239
348,388,3.2117
348,449,3.186
348,404,3.1123
348,793,3.0572
348,540,3.0516
348,886,2.8323
348,448,2.8285
348,351,2.7826
348,484,2.7553
303,377,7.2129
303,701,5.9459
303,538,5.6505
303,1016,5.1929
303,435,4.8892
303,571,4.6446
303,481,4.2211
303,705,3.938
303,811,3.5695
303,820,3.4839
303,418,3.3834
303,1343,3.3361
303,507,3.2232
303,921,3.0124
303,1038,2.9799
303,1063,2.9185
303,477,2.869
303,567,2.7628
303,373,2.7498
303,1348,2.6743
303,743,2.5817
303,1341,2.5277
303,609,2.5183
303,727,2.416
303,409,2.3949
1250,1311,3.2242
1250,1333,2.263
148,755,27.6339
148,425,22.893
148,639,8.7329
148,319,8.6917
148,994,8.5156
148,432,8.0899
148,157,7.7374
148,1268,7.6876
148,354,7.4427
148,621,7.064
148,881,6.9881
148,218,6.8777
148,1179,6.545
148,1091,6.4584
148,156,6.4522
148,454,6.2806
148,855,5.4077
148,264,5.3167
148,342,5.2207
148,149,5.1888
148,653,5.1583
148,556,5.0591
148,310,4.9932
148,1093,4.9836
148,369,4.8491
148,729,4.8367
148,291,4.6768
148,418,4.6258
148,883,4.561
148,306,4.4261
148,1182,4.3848
148,726,4.2449
148,267,4.223
1243,1344,1.6379
1243,1270,1.2436
591,815,6.3227
591,801,5.6566
591,630,4.7542
591,657,4.3902
591,880,4.3011
591,682,3.7516
591,1080,3.4363
591,855,3.2196
591,928,2.9965
591,822,2.894
891,1254,2.0185
891,1135,1.9405
891,920,1.4547
554,885,5.8678
554,664,5.7723
554,581,4.3932
554,577,4.3206
554,678,4.2467
554,735,3.9998
554,1200,3.9449
554,835,3.7101
554,1083,3.6089
554,1013,3.3876
554,601,3.293
554,1139,3.1005
554,725,3.0173
554,792,2.8646
554,825,2.8627
554,613,2.6477
753,972,5.2148
753,1142,5.1821
753,1087,4.9465
753,1063,4.3398
753,1030,4.2799
753,1173,4.1503
753,854,4.0754
753,901,3.5182
753,777,3.3757
217,827,8.0466
217,337,6.354
217,547,5.5981
217,494,5.5342
217,363,5.4571
217,350,5.2216
217,360,4.8651
217,453,4.4073
217,523,4.2391
217,423,4.0798
217,820,3.9999
217,886,3.983
217,238,3.9451
217,671,3.7758
217,361,3.68
217,783,3.655
217,535,3.622
217,983,3.6127
217,710,3.607
217,767,3.4582
217,394,3.3081
217,382,3.2667
217,729,3.2446
217,225,3.1964
217,426,3.0858
217,1349,3.0745
217,219,3.0548
217,233,3.0233
217,985,3.0037
217,409,2.9739
217,325,2.9223
1065,1232,2.1154
1065,1075,2.0659
1065,1094,1.9567
1056,1242,2.8999
1076,1109,3.6435
1076,1311,2.5806
1076,1104,1.5692
1076,1111,1.5423
1177,1337,2.1518
26,228,19.3605
26,339,11.1771
26,530,10.9923
26,919,10.1015
26,218,9.8181
26,158,9.8148
26,34,8.945
26,382,7.8675
26,1256,7.8541
26,971,7.5129
26,1374,7.4994
26,157,6.9042
26,340,6.6104
26,1269,6.1661
26,651,6.1308
26,941,6.0095
26,79,5.864
26,153,5.8464
26,463,5.6642
26,214,5.5318
26,1073,5.4042
26,834,5.1689
26,429,4.8335
26,1130,4.6604
26,688,4.4203
26,1093,4.3946
26,638,4.3047
26,127,4.2396
26,1025,4.2335
26,230,4.2203
26,544,4.1555
26,75,4.07
26,291,3.9103
26,756,3.8161
26,129,3.813
26,125,3.7607
26,46,3.7341
26,248,3.6948
26,163,3.6198
26,974,3.596
26,227,3.5757
26,360,3.5462
26,1014,3.5456
26,584,3.5096
26,216,3.379
26,57,3.3744
26,188,3.3283
948,975,3.3078
948,1061,3.0731
948,1339,2.5474
948,974,2.2565
538,660,6.1386
538,1038,4.9265
538,1144,4.6658
538,843,4.2113
538,1050,4.2
538,740,3.3743
538,624,3.2895
538,826,3.1618
538,928,3.0726
538,645,3.0097
538,747,2.9888
538,585,2.9835
538,672,2.8529
538,658,2.8399
538,1040,2.8306
538,854,2.7918
538,1174,2.7626
538,609,2.745
538,1127,2.7184
843,1050,7.1893
843,1174,6.2832
843,858,4.4791
843,892,4.3623
843,1038,4.3343
843,1055,4.2681
843,949,3.8752
843,1042,3.551
843,1348,3.3657
843,861,3.0661
843,1144,3.061
843,890,3.0095
843,1048,2.9683
843,880,2.569
593,1368,4.5199
593,1213,4.0082
593,803,2.7098
593,647,2.7072
593,783,2.6997
593,737,2.6212
593,611,2.4983
593,1013,2.4706
593,858,2.0748
593,1247,2.0467
593,826,2.011
732,828,10.799
732,1133,9.2417
732,956,7.5779
732,1140,5.0778
732,960,4.2616
732,948,3.8539
732,1339,3.6027
732,826,3.5557
732,1201,3.1893
732,741,2.9849
218,675,9.9678
218,820,8.6553
218,729,8.2165
218,414,7.5057
218,1130,7.0702
218,571,6.6282
218,417,6.4087
218,521,5.8321
218,1093,5.5833
218,354,5.2851
218,494,4.867
218,1002,4.5869
218,245,4.5058
218,948,4.4577
218,251,4.4304
218,975,4.2463
218,335,4.2148
218,533,4.0501
218,775,3.8929
218,306,3.8848
218,974,3.8641
218,339,3.8569
218,340,3.8503
218,483,3.8406
218,760,3.8036
218,1014,3.7118
218,805,3.6875
218,931,3.6723
218,1138,3.5321
218,994,3.4696
218,463,3.3562
218,689,3.3213
1019,1146,3.5815
1019,1225,3.4854
1019,1325,3.3419
1019,1077,2.704
1019,1320,2.5083
1019,1308,2.4444
477,837,8.6837
477,503,8.6503
477,1242,6.3641
477,1021,5.3618
477,653,4.2581
477,1031,4.2045
477,569,4.0054
477,507,3.9408
477,1019,3.4834
477,832,3.1312
477,819,2.9074
477,914,2.7944
477,1110,2.3848
477,858,2.2893
477,490,2.2301
156,218,24.0862
156,820,17.1562
156,675,16.4579
156,521,16.2111
156,729,15.3391
156,494,14.1056
156,335,12.9179
156,417,12.8024
156,1353,11.4447
156,571,11.2196
156,931,9.7868
156,213,9.7122
156,555,8.8062
156,245,8.7791
156,760,7.7872
156,818,7.089
156,199,7.008
156,414,6.9617
156,1009,5.4105
156,483,5.3748
156,848,5.1736
156,1211,5.1224
156,1138,5.1156
156,438,5.09
156,1130,5.0377
156,975,4.9772
156,303,4.9152
156,533,4.8423
156,948,4.792
156,1328,4.7456
156,217,4.6678
156,1093,4.5876
156,212,4.2243
156,974,4.1729
156,1381,4.0841
156,858,3.8803
156,736,3.6499
156,214,3.4996
452,835,6.068
452,799,5.6614
452,838,5.2245
452,1254,4.1636
452,561,4.1274
452,701,4.0849
452,1350,4.037
452,723,3.9357
452,1019,3.6649
452,514,3.4408
914,1021,3.0349
914,1179,2.499
914,965,2.0383
914,1158,1.9688
914,1035,1.9482
775,1040,6.1877
775,1244,4.3389
775,975,3.8669
775,871,3.5697
775,1105,3.3871
775,1203,2.8602
775,1025,2.742
775,1026,2.6975
775,1194,2.5616
775,815,2.5297
775,1104,2.4011
775,818,2.3908
775,843,2.2954
209,278,16.9945
209,837,10.9753
209,651,7.254
209,319,5.8432
209,638,5.7875
209,382,5.5301
209,784,5.0813
209,1182,4.7058
209,1171,4.638
209,315,4.5976
209,214,4.5963
209,720,4.5555
209,1172,4.5491
209,615,4.1868
209,1364,4.094
209,1147,3.9079
209,886,3.7083
209,239,3.5832
209,228,3.5503
209,776,3.5059
209,847,3.3709
209,375,3.3172
209,548,3.292
209,503,3.2491
209,1012,3.2168
209,343,3.1906
209,997,3.1183
209,1210,2.9838
209,1190,2.877
209,492,2.7971
209,1158,2.7293
209,480,2.7187
209,477,2.7064
209,907,2.6745
209,229,2.6537
209,1314,2.6457
974,1093,2.3872
974,1244,2.2814
974,1381,2.1636
974,975,1.7577
974,1353,1.6677
284,891,9.3443
284,352,5.0393
284,617,5.0161
284,367,4.8166
284,883,4.7011
284,540,4.6978
284,378,3.8507
284,543,3.7241
284,1061,3.7125
284,808,3.6006
284,362,3.5862
284,360,3.5804
284,305,3.4189
284,608,3.4176
284,785,3.3353
284,712,3.2837
284,985,3.2037
284,1111,3.1898
284,580,3.0691
284,452,2.9917
284,447,2.9773
284,995,2.947
284,1182,2.8264
284,333,2.7576
284,788,2.7051
671,880,8.7475
671,1114,4.2078
671,706,3.668
671,963,3.0894
671,1033,2.7342
671,982,2.6043
671,1345,2.4927
521,820,17.6777
521,975,7.7266
521,729,6.6221
521,818,5.9466
521,533,5.8133
521,1009,5.4294
521,1244,5.4266
521,858,4.0958
521,534,4.0763
521,948,3.4946
521,721,3.1249
521,775,3.014
521,917,2.8492
521,871,2.7567
521,713,2.7205
521,675,2.5208
521,1164,2.4069
521,760,2.385
521,1041,2.3206
521,826,2.2173
521,1156,1.8147
521,645,1.785
521,979,1.7745
521,607,1.7437
986,1187,4.0132
986,1014,3.7327
986,1136,3.3967
986,1244,3.3325
986,1256,2.6597
986,1001,1.9338
986,1229,1.7759
986,1181,1.7293
986,1286,1.6306
986,1112,1.6171
729,820,7.3267
729,975,5.7885
729,829,4.5037
729,736,4.4884
729,760,4.1537
729,994,4.1066
729,1244,3.9385
729,818,3.8754
729,1009,3.524
729,848,3.3679
729,1381,3.2462
729,1202,3.0889
729,956,3.0459
729,1130,2.7417
729,931,2.7008
729,1211,2.6983
729,826,2.6899
1353,1381,1.1851
876,949,3.7922
876,1207,3.5428
876,894,1.7191
876,1244,1.6769
876,1014,1.5158
876,953,1.5113
876,1126,1.4925
1187,1211,1.6855
1187,1256,1.5501
820,975,8.2717
820,858,7.8514
820,1244,6.959
820,1009,4.8398
820,871,4.5014
820,979,4.4386
820,1348,4.1212
820,826,3.754
820,1041,3.3007
820,974,3.2346
820,1328,3.124
282,628,11.5009
282,406,8.3137
282,415,6.6594
282,593,6.5122
282,807,6.4359
282,700,5.9323
282,341,5.6841
282,677,5.1711
282,317,4.7551
282,810,4.3837
282,611,4.2351
282,385,4.0431
282,463,3.9151
282,501,3.8832
282,668,3.7721
282,547,3.7098
282,506,3.585
282,401,3.5689
282,508,3.5585
282,840,3.4669
282,452,3.2999
282,565,3.2677
282,442,3.2573
677,827,4.389
677,762,3.641
677,741,3.2452
677,1258,3.1349
677,957,2.691
677,732,2.5704
677,780,2.5245
677,904,2.5224
230,497,7.4166
230,609,7.1043
230,507,6.9171
230,1016,6.7302
230,1055,6.5252
230,924,5.9799
230,333,5.6086
230,616,5.2561
230,580,4.9462
230,477,4.9458
230,1130,4.8844
230,411,4.6298
230,601,4.5755
230,657,4.5357
230,399,4.5103
230,836,4.3295
230,1240,4.2252
230,1258,4.2224
230,1209,4.1849
230,1166,4.0036
230,1158,3.9429
230,901,3.9398
230,556,3.9386
230,354,3.7801
230,717,3.5144
230,801,3.4214
230,303,3.417
230,1242,3.4098
230,356,3.3642
230,310,3.3051
230,418,3.1913
230,343,3.1889
250,776,5.6053
250,738,5.3037
250,267,5.1819
250,728,3.892
250,817,3.6774
250,354,3.415
250,310,3.2909
250,897,3.2466
250,463,3.2104
250,458,3.1283
250,807,3.1005
250,303,3.0627
250,445,2.9349
250,441,2.8802
250,642,2.8315
250,360,2.8092
250,742,2.7492
250,842,2.6632
250,851,2.5686
250,353,2.5099
250,251,2.4919
250,808,2.47
250,315,2.4498
250,798,2.3987
250,349,2.3951
250,741,2.3822
250,795,2.3686
250,590,2.3466
250,271,2.3385
250,1014,2.3041
250,352,2.2316
250,589,2.2179
250,277,2.1787
637,805,8.3953
637,641,4.8021
637,745,4.4856
637,679,4.0581
637,1216,3.9507
637,696,3.4551
637,1346,3.3872
637,796,2.9724
637,689,2.7924
637,1025,2.6889
922,1207,3.1039
922,1021,2.9338
922,1343,2.1566
922,1136,2.0344
922,1077,1.7768
892,1190,3.4384
892,958,3.3122
892,1071,3.2179
892,1115,3.2158
892,911,2.9965
892,1192,2.3791
892,1234,2.3707
892,1039,2.264
892,932,2.1738
892,1139,2.1595
892,909,2.1592
662,723,5.0061
662,742,3.4687
662,755,3.3862
662,718,3.0899
662,1030,3.06
662,1363,2.9563
662,1122,2.274
662,699,2.2145
1114,1292,3.097
1114,1269,3.0467
1114,1165,3.0356
1114,1302,2.3128
274,315,14.4673
274,463,13.1937
274,661,12.055
274,524,10.2213
274,375,10.0218
274,441,8.299
274,971,8.2352
274,642,7.3098
274,1256,6.9888
274,588,6.6043
274,420,6.4422
274,340,6.2698
274,728,5.5156
274,674,5.3228
274,1301,5.2414
274,339,5.1912
274,300,5.1781
274,361,4.6478
274,435,4.5484
274,432,4.4934
274,525,4.2533
274,1173,4.1974
274,482,4.1714
274,720,4.078
274,638,4.0391
274,718,3.9723
274,352,3.8386
274,354,3.81
274,522,3.6188
628,840,6.2634
628,1118,3.5684
628,899,3.4456
628,1105,3.2231
628,700,2.9368
628,1293,2.907
628,1324,2.7688
628,695,2.6173
628,807,2.4744
628,694,2.2504
628,844,2.2296
628,680,2.1738
628,947,2.0994
628,1247,1.9981
628,717,1.9692
628,1128,1.9666
54,64,24.9517
54,391,16.4324
54,362,12.4443
54,333,10.1417
54,181,9.7612
54,585,9.6505
54,683,9.6192
54,177,8.7023
54,467,8.3027
54,586,7.8258
54,386,7.6583
54,1173,7.532
54,1069,7.4991
54,630,7.0713
54,103,6.9239
54,855,6.8679
54,251,6.5508
54,928,6.4007
54,180,6.1757
54,225,6.0868
54,1305,6.0399
54,122,5.8835
54,591,5.8663
54,243,5.7756
54,559,5.713
54,1080,5.5994
54,178,5.3325
54,179,5.1187
54,229,4.8226
54,319,4.7896
54,389,4.6141
54,581,4.609
54,397,4.4971
54,512,4.4194
54,464,4.4172
54,158,4.4019
54,155,4.3868
54,789,4.2499
54,810,4.2192
54,206,4.1566
54,801,4.1395
54,543,4.0681
54,1142,4.0548
54,424,4.0443
54,561,3.9696
54,880,3.9237
919,1153,4.1335
919,1119,2.5752
919,941,2.4932
919,1036,2.1348
919,1180,1.655
919,1105,1.6023
919,995,1.5822
919,1088,1.5566
174,782,15.4211
174,447,10.2374
174,798,10.0354
174,405,10.0
174,932,9.6632
174,452,9.4135
174,1128,9.2286
174,432,7.5762
174,644,7.2622
174,899,6.8965
174,362,6.5997
174,266,6.5988
174,442,6.4213
174,357,5.8245
174,394,5.7787
174,501,5.6391
174,1350,5.4805
174,668,5.41
174,433,5.2579
174,382,5.138
174,491,5.005
174,222,4.9164
174,302,4.8799
174,1203,4.8682
174,190,4.6734
174,289,4.4997
174,238,4.3098
174,333,4.2218
174,586,4.0564
174,611,3.9327
174,892,3.8543
174,346,3.7992
174,869,3.753
270,562,22.8442
270,1063,13.1757
270,1073,12.879
270,672,12.5541
270,787,11.3452
270,685,10.3601
270,751,8.5348
270,956,8.0178
270,482,7.5253
270,707,5.5482
270,1180,5.2667
270,309,4.9929
270,961,4.849
270,480,4.7076
270,1062,4.4112
270,984,4.2865
270,1366,4.2802
270,680,4.1723
270,634,3.8111
270,1026,3.6845
270,910,3.6776
270,590,3.5726
270,340,3.5124
270,515,3.5109
270,385,3.4185
270,548,3.3985
270,1130,3.338
270,277,3.3296
611,668,6.6819
611,826,5.8699
611,782,5.3639
611,828,5.1711
611,902,4.8593
611,956,4.4855
611,846,4.0398
611,1115,3.9259
611,670,3.8332
611,1348,3.732
611,1216,3.5571
588,1087,9.4898
588,1150,7.0255
588,661,6.8052
588,1030,6.0239
588,633,5.6133
588,1173,3.9867
588,901,3.8833
588,634,3.8138
588,753,3.6779
588,1051,3.5971
588,823,3.5764
588,1060,3.4504
588,950,3.3871
588,679,3.1406
588,736,3.1087
1047,1180,3.1725
1047,1276,2.2534
1047,1076,2.0721
528,1080,8.4409
528,542,4.2823
528,605,3.9697
528,671,3.7641
528,1250,3.502
528,657,3.4426
528,812,3.4264
528,1133,3.3442
528,754,2.9636
528,591,2.8477
528,1035,2.8293
528,1061,2.8231
528,862,2.5638
528,586,2.4829
528,1178,2.4116
528,537,2.3589
970,1002,3.1042
970,1054,1.9517
970,1169,1.9475
970,1069,1.8876
970,1036,1.7923
280,300,11.5307
280,661,5.4445
280,420,4.8467
280,679,4.7312
280,580,4.6388
280,309,4.483
280,588,4.4477
280,435,4.0567
280,302,3.6922
280,427,3.5762
280,347,3.5628
280,1161,3.5397
280,448,3.3234
280,619,3.3171
280,912,3.242
280,634,3.2111
280,807,3.0262
280,367,2.9758
280,631,2.9373
280,642,2.9079
280,282,2.8976
280,357,2.8691
338,470,13.5199
338,467,6.3623
338,979,6.345
338,1087,5.9036
338,1002,5.5662
338,442,5.3494
338,1265,5.2212
338,548,5.0775
338,340,4.9522
338,829,4.7689
338,1142,4.7488
338,753,4.5142
338,928,4.4704
338,491,4.3983
338,434,4.3789
338,401,4.3342
338,1281,4.1923
338,846,4.0521
338,768,4.0267
338,611,4.0198
338,925,4.0143
338,350,3.9404
338,1030,3.8745
338,670,3.8534
798,822,3.5645
798,807,2.73
798,801,2.5363
798,880,2.3214
798,887,2.1873
798,1080,2.1465
798,1002,1.9249
798,1158,1.8181
798,932,1.7788
582,782,4.5049
582,790,3.7532
582,909,3.4762
582,669,3.1862
582,1131,3.0422
582,1154,2.8653
582,591,2.8096
366,1060,5.2158
366,369,4.3889
366,557,4.2715
366,908,4.1496
366,754,4.0774
366,706,3.9497
366,483,3.9123
366,499,3.9077
366,522,3.8764
366,566,3.7008
366,411,3.1878
366,660,2.8544
366,605,2.8316
366,1270,2.829
366,914,2.8227
366,1218,2.6665
366,1051,2.6131
366,626,2.473
306,647,7.795
306,436,7.6956
306,345,4.4746
306,817,4.3723
306,829,3.9514
306,501,3.8542
306,987,3.3249
306,781,3.3056
306,492,3.0461
306,1270,3.0104
306,1007,2.9768
306,414,2.894
306,454,2.8749
306,499,2.8702
306,885,2.8522
306,513,2.8012
306,666,2.7125
306,330,2.6864
306,660,2.6855
306,624,2.519
306,738,2.5171
306,417,2.3948
700,844,4.9007
700,740,4.572
700,922,3.2332
700,985,3.2253
700,701,3.1606
700,714,3.0293
700,947,2.9395
700,870,2.6209
700,832,2.6093
700,749,2.3924
700,1136,2.3191
700,993,2.2697
1138,1353,1.7145
1138,1348,1.7046
1138,1244,1.4019
91,156,22.6988
91,820,17.2454
91,391,14.3256
91,218,12.3171
91,675,11.0789
91,417,10.0375
91,494,8.4881
91,521,8.2958
91,153,8.1947
91,729,7.5977
91,299,7.3209
91,389,5.5131
91,101,4.9913
91,362,4.2868
91,973,4.1633
91,212,4.1557
91,216,3.8901
91,333,3.8468
91,568,3.7984
91,217,3.6799
91,96,3.5522
91,148,3.2669
91,483,3.0494
91,975,2.964
91,997,2.8911
91,826,2.8606
91,905,2.8185
91,666,2.7301
91,181,2.6019
91,1381,2.5252
91,515,2.5207
91,516,2.4293
91,248,2.378
91,294,2.2682
91,1117,2.195
91,762,2.1629
91,252,2.0828
91,571,2.0531
91,237,1.9721
91,289,1.9597
91,177,1.9105
710,783,3.5841
710,772,3.2327
710,1037,2.4803
710,858,2.2336
710,1178,2.0615
710,1334,1.9984
710,763,1.9808
710,1130,1.97
710,975,1.9231
710,1092,1.8617
710,846,1.812
710,749,1.7604
723,724,6.1907
723,887,5.1464
723,838,4.894
723,742,4.5895
723,856,3.5618
723,976,3.5358
723,1039,3.5331
723,1195,3.2553
497,613,13.5334
497,561,11.4165
497,724,10.0895
497,1071,9.5505
497,723,6.2598
497,695,5.4956
497,909,5.2047
497,828,5.1054
497,534,4.6929
497,557,4.6782
497,599,4.1458
497,601,4.1438
497,742,3.9893
497,1165,3.8748
497,699,3.8288
497,604,3.7681
497,735,3.7567
497,1115,3.7132
497,782,3.6046
497,958,3.2558
497,545,3.1957
497,957,3.1646
497,887,3.1509
719,742,3.5534
719,723,3.5103
719,1075,3.2604
719,727,3.0859
719,870,3.0827
719,1114,2.9855
719,983,2.943
719,722,2.8936
719,735,2.7926
719,1128,2.67
719,1188,2.5734
719,875,2.4827
719,1254,2.3459
1252,1315,1.6309
915,1039,3.2481
915,932,3.2016
915,1240,2.9131
915,1025,2.6568
915,1254,1.9166
915,937,1.816
915,958,1.6435
915,1120,1.631
915,960,1.5526
915,934,1.5297
506,582,11.8213
506,565,7.6928
506,546,7.2436
506,790,6.6884
506,647,6.3607
506,1131,5.604
506,900,5.5536
506,737,5.0794
506,814,4.775
506,912,4.738
506,709,3.9991
506,510,3.9884
506,549,3.9391
506,705,3.8852
397,965,10.042
397,480,8.9633
397,1028,8.2961
397,498,8.2122
397,659,8.0165
397,934,7.7506
397,693,7.4306
397,890,7.3749
397,644,6.9983
397,956,5.8022
397,602,5.3977
397,765,4.9179
397,560,4.5232
397,752,4.4839
397,430,4.2569
397,581,4.0788
397,834,4.0283
397,598,4.0278
397,877,3.9769
397,643,3.8258
272,282,8.7865
272,723,5.85
272,840,5.7698
272,409,5.6741
272,844,5.3203
272,870,5.2094
272,622,5.2045
272,628,5.1107
272,301,4.8105
272,719,4.7324
272,484,4.4386
272,1249,4.4192
272,447,4.4159
272,433,3.9776
272,1117,3.9693
272,782,3.9247
272,798,3.9022
272,899,3.5673
272,452,3.5645
272,1309,3.5487
272,882,3.5158
272,464,3.5047
272,586,3.3926
272,294,3.3885
272,1195,3.3832
272,689,3.3703
272,1254,3.345
272,898,3.1256
691,731,3.115
691,1114,2.7992
691,965,2.756
691,972,2.7426
691,1255,2.5438
691,917,2.5148
691,751,2.4439
691,1063,2.1792
691,983,2.0741
691,926,1.8775
691,1059,1.7016
691,795,1.6905
691,699,1.6554
502,828,10.7178
502,613,9.9726
502,860,6.4509
502,963,5.555
502,1195,5.024
502,723,3.7493
502,956,3.6585
502,735,3.2576
502,1133,3.0892
502,580,3.0577
502,520,3.0419
502,997,2.9736
502,724,2.7901
502,1122,2.7413
502,694,2.5363
501,655,12.9433
501,657,10.1399
501,1331,9.87
501,723,5.8392
501,798,5.3184
501,832,4.9597
501,586,4.738
501,1197,4.1368
501,1128,3.9586
501,782,3.642
501,757,3.6022
501,1110,3.562
501,731,3.3339
501,1063,3.1625
501,611,2.7899
501,644,2.7635
501,552,2.6422
501,1367,2.613
501,924,2.5088
644,1081,4.5736
644,857,3.3649
644,917,3.2198
644,904,3.2168
644,665,3.0661
644,698,2.7147
644,852,2.7062
644,892,2.5409
644,678,2.527
644,659,2.4539
644,957,2.43
782,1115,6.645
782,1154,5.2843
782,828,4.6498
782,1215,3.0552
782,942,2.7445
782,892,2.6108
1261,1377,4.7394
1261,1338,1.509
1261,1290,1.1137
1197,1242,1.2075
668,829,6.9548
668,1154,5.1139
668,782,4.1897
668,802,3.7488
668,778,3.4857
668,944,3.3285
668,999,3.2982
668,738,3.2395
668,1326,3.204
668,826,3.149
668,1299,3.0792
995,1116,3.9348
995,1050,2.755
995,1242,2.0929
995,1112,1.9154
697,759,2.9988
697,904,2.4747
697,1114,2.4234
697,1188,2.3757
697,721,2.358
697,770,2.3207
697,1063,2.0635
697,854,2.0338
697,793,2.023
697,1315,1.9376
697,1086,1.7606
681,858,3.2999
681,752,2.9986
681,1036,2.8113
681,1206,2.645
681,1013,2.4199
681,897,2.3787
681,926,2.1789
681,913,2.1244
681,1169,2.0716
681,894,1.9632
480,693,6.1662
480,731,5.696
480,965,5.2668
480,1063,5.0412
480,1255,4.9102
480,1245,4.8096
480,811,4.6363
480,617,4.6282
480,691,4.2575
480,562,4.2233
480,685,4.0514
480,1164,3.9242
480,598,3.8725
480,715,3.858
480,1028,3.3478
480,1252,3.2109
480,829,3.0982
480,790,3.0041
480,572,2.9629
480,751,2.9253
480,511,2.9042
480,519,2.8193
480,1359,2.7744
480,752,2.7579
480,1026,2.7201
741,1115,5.1811
741,840,4.8675
741,972,4.3353
741,838,4.002
741,1006,3.2601
741,819,3.1449
741,849,2.973
741,1132,2.7579
410,983,12.3381
410,639,7.0312
410,1139,6.7658
410,1235,5.6402
410,942,4.5297
410,702,4.4623
410,561,4.1395
410,436,3.5189
410,764,3.5066
410,940,3.3255
410,1270,2.9732
410,536,2.8583
410,773,2.8348
410,539,2.7936
410,894,2.7243
410,788,2.5306
410,860,2.5279
410,993,2.3682
410,790,2.3455
410,1313,2.3149
410,610,2.2327
410,807,2.2316
410,446,2.2061
410,882,2.1809
410,628,2.1491
221,397,16.2166
221,323,15.5146
221,1028,12.6453
221,756,12.0033
221,877,9.7926
221,452,9.292
221,956,8.96
221,965,8.8773
221,934,8.1112
221,806,7.6853
221,289,7.6498
221,372,7.0336
221,572,6.9914
221,332,6.3778
221,328,6.2847
221,722,6.2787
221,731,5.9938
221,598,5.8747
221,1165,5.7942
221,890,5.6939
221,480,5.4821
221,527,5.4105
221,1255,5.3978
221,1019,5.346
221,530,5.1087
221,623,5.0289
221,470,4.9801
221,895,4.7348
221,529,4.7216
221,531,4.6794
221,1152,4.6326
221,1084,4.4662
365,769,15.1324
365,612,7.6687
365,886,7.5893
365,1010,5.3101
365,840,5.2863
365,658,4.9934
365,405,4.8546
365,1240,4.6612
365,484,4.4663
365,559,4.328
365,561,4.0804
365,825,4.0716
365,827,3.8171
365,1234,3.76
365,449,3.7019
365,741,3.6536
365,578,3.6168
365,553,3.3853
365,1247,3.3073
365,771,3.1547
365,1101,3.1527
365,1158,3.1392
365,857,3.0479
365,577,3.0222
365,567,2.9405
817,1222,5.5763
817,1076,3.0118
817,1130,2.312
817,923,2.1785
817,1312,1.9285
188,219,30.2052
188,999,10.4494
188,581,10.1914
188,778,9.0573
188,227,8.7342
188,350,8.0945
188,670,8.0026
188,341,7.8692
188,611,7.6899
188,738,7.2033
188,443,6.9592
188,401,5.9536
188,607,5.8993
188,668,5.8383
188,1213,5.7717
188,422,5.6151
188,297,5.4486
188,559,5.3438
188,956,5.3175
188,858,5.2555
188,529,5.2025
188,385,5.0582
188,442,4.9517
188,993,4.866
188,557,4.5928
188,846,4.126
188,1117,4.0779
188,338,3.9846
188,323,3.9165
188,1348,3.7585
188,794,3.7105
188,509,3.6455
188,810,3.5033
188,255,3.47
188,408,3.3262
188,463,3.2601
406,506,12.037
406,807,5.8961
406,793,5.8408
406,582,5.3643
406,546,5.2932
406,927,5.2701
406,567,4.9989
406,574,4.4786
406,478,4.35
406,721,4.0366
406,468,3.8828
406,790,3.8563
406,1109,3.8182
406,903,3.7306
406,611,3.6283
406,1289,3.6195
155,229,23.9528
155,241,16.9546
155,407,15.8087
155,466,15.5243
155,405,13.0542
155,169,10.4891
155,1122,8.6855
155,317,8.5224
155,1240,8.4532
155,365,8.2248
155,534,8.1521
155,233,7.713
155,915,7.3417
155,777,7.096
155,222,6.9089
155,307,6.8875
155,840,6.753
155,497,6.7316
155,262,6.5746
155,719,6.5501
155,561,6.4507
155,825,6.2476
155,247,6.151
155,723,5.7054
155,199,5.4621
155,753,5.3393
155,279,5.2231
155,251,5.1499
155,1234,5.1052
155,327,5.0275
155,1310,4.6883
155,231,4.6541
155,567,4.5346
155,779,4.5151
155,235,4.4838
155,742,4.4033
155,856,4.3414
155,319,4.3147
155,418,4.3147
1127,1263,2.4202
1127,1280,2.0525
1186,1250,5.9644
1186,1360,1.7382
1186,1311,1.3578
351,801,9.1513
351,357,8.565
351,467,7.4303
351,1002,7.2099
351,362,5.9236
351,404,5.3539
351,387,5.2965
351,977,5.2435
351,466,5.1562
351,679,5.1017
351,701,4.7571
351,660,4.6388
351,630,4.5626
351,359,4.5138
351,557,4.1576
351,1109,3.7586
351,671,3.4406
351,591,3.4191
803,1019,4.2749
803,846,3.6744
803,899,2.5888
803,875,2.5629
803,902,2.5464
803,889,2.3814
803,978,2.2117
803,1064,2.1676
803,1106,2.157
844,993,3.1464
844,1223,3.0073
844,940,2.5379
844,1118,2.4869
844,1247,2.1475
844,976,2.0573
844,894,2.0298
432,657,18.3931
432,501,13.7777
432,1331,11.8453
432,822,10.8646
432,523,9.8006
432,586,9.7554
432,655,9.424
432,798,8.4707
432,806,8.0609
432,1197,7.0289
432,994,5.7057
432,760,4.7652
432,1271,4.6581
432,516,4.5848
432,498,4.1832
432,608,4.0184
432,642,3.9227
432,855,3.723
432,725,3.6915
432,535,3.6451
432,794,3.4802
722,1184,4.7409
722,833,3.6447
722,813,3.3976
634,661,22.2166
634,673,10.3496
634,834,4.9102
634,707,4.7006
634,722,4.373
634,1298,4.0348
634,759,4.0335
634,843,3.4151
634,1170,2.7991
634,893,2.6867
498,644,15.7045
498,659,8.2218
498,514,4.4896
498,543,4.3239
498,678,4.2659
498,904,4.2334
498,1081,3.921
498,677,3.7035
498,936,3.0926
498,799,3.0508
498,880,3.0475
498,720,2.7979
498,1241,2.7887
498,657,2.7723
498,981,2.7516
498,620,2.734
1052,1175,5.6836
1052,1256,3.6767
1052,1245,3.0167
553,825,15.3639
553,958,11.6864
553,601,9.9316
553,732,7.2039
553,613,7.1988
553,915,7.1844
553,612,7.1384
553,828,6.4438
553,1247,6.3104
553,1115,6.0566
553,677,4.9582
553,741,4.7708
553,695,4.6208
553,1240,4.1251
553,779,4.0624
553,769,4.0203
553,782,3.8861
553,1039,3.805
553,744,3.6009
553,954,3.5258
553,592,3.2724
553,746,3.1605
553,777,3.1166
553,683,3.0638
1275,1287,1.6232
1275,1293,1.3091
1275,1314,1.0183
930,950,2.8579
930,1220,2.709
930,1230,2.0555
599,909,4.8721
599,626,4.1977
599,816,4.1475
599,691,3.728
599,1221,3.4298
599,774,2.9603
599,1047,2.8808
599,1064,2.6934
599,676,2.6237
599,1199,2.5999
669,893,5.1228
669,1113,4.8919
669,966,4.1731
669,1008,3.7792
669,711,3.5698
669,1337,2.9522
669,670,2.9016
669,858,2.7855
669,739,2.6947
669,999,2.2691
516,737,3.9478
516,657,3.611
516,593,3.4555
516,1255,2.9132
516,787,2.8048
516,621,2.6488
516,1270,2.5593
516,930,2.4758
516,529,2.3
516,999,2.279
516,776,2.1068
516,635,1.8955
516,647,1.8729
516,1102,1.8591
516,828,1.8432
516,689,1.8341
516,604,1.8242
516,956,1.7977
516,1056,1.7845
840,850,5.6273
840,1247,3.8384
840,886,2.9993
840,1159,2.8657
840,1231,2.7016
801,1011,3.6786
801,886,3.0995
801,1110,2.8391
801,858,2.6805
801,1059,2.6512
801,887,2.5301
801,928,2.4113
801,947,2.133
801,856,2.0693
801,847,2.0267
1331,1367,1.5245
264,599,9.6568
264,909,8.878
264,332,7.554
264,557,6.7717
264,363,5.6726
264,955,4.7605
264,371,4.6121
264,276,4.5912
264,559,4.208
264,286,4.1003
264,759,3.7419
264,360,3.5336
264,1156,3.4614
264,319,3.4369
264,1040,3.4357
264,497,3.2115
264,342,3.1784
264,515,3.073
264,523,3.017
264,291,3.005
264,412,2.9409
264,358,2.9314
264,742,2.9088
264,518,2.8928
264,1229,2.8242
264,743,2.7909
264,994,2.7845
264,657,2.7763
264,1064,2.7754
264,336,2.7428
264,458,2.7256
264,438,2.6306
264,437,2.5679
475,497,16.0817
475,724,9.8477
475,723,7.9722
475,485,5.9155
475,887,5.71
475,828,5.2131
475,878,4.8233
475,613,4.6584
475,825,4.3364
475,1301,3.9388
475,950,3.8206
475,639,3.7687
475,1115,3.6755
475,957,3.6366
475,789,3.5949
475,601,3.5272
475,732,3.4103
475,755,3.3018
475,840,3.2011
475,699,3.112
475,896,2.8098
475,958,2.6746
475,570,2.6316
475,626,2.6029
475,484,2.5427
475,960,2.46
475,719,2.4535
475,553,2.3581
475,886,2.0643
475,561,1.985
475,577,1.8585
475,534,1.7673
1285,1343,1.3172
419,846,6.1875
419,981,5.967
419,756,5.6907
419,469,5.6131
419,511,5.0236
419,610,4.2779
419,748,4.0106
419,1047,3.9978
419,1018,3.8295
419,1163,3.7657
419,950,3.7211
419,796,3.6916
419,547,3.4334
419,698,3.3497
419,611,3.2452
1291,1329,1.0024
79,756,16.5662
79,971,15.0444
79,456,14.2806
79,227,14.1393
79,772,11.4939
79,953,11.0604
79,257,9.8055
79,297,8.5888
79,1242,7.9077
79,504,7.843
79,152,7.1745
79,877,6.7265
79,1374,6.5349
79,166,6.1868
79,381,6.0861
79,619,6.0843
79,430,5.8647
79,1356,5.5629
79,905,5.3255
79,490,5.0875
79,1262,5.0417
79,347,5.0267
79,833,5.0258
79,86,4.9041
79,558,4.8148
79,759,4.7893
79,114,4.7724
79,95,4.7418
79,193,4.5753
79,274,4.5533
79,684,4.5494
79,584,4.5492
79,286,4.5133
79,239,4.4529
79,342,4.3976
79,309,4.3582
79,792,4.3561
79,278,4.3256
79,252,4.2397
761,1059,2.916
761,861,2.9076
761,840,2.7242
761,1363,2.086
761,787,1.9778
770,819,3.2948
770,1062,3.2927
770,1012,3.0797
770,797,2.7038
770,1255,2.6081
770,1348,2.5394
770,1042,2.2371
685,751,7.0395
685,1062,6.3102
685,787,4.7531
685,1012,4.3871
685,1026,3.9804
685,797,3.2876
685,707,3.0964
685,1073,2.8827
685,731,2.8177
685,1255,2.8138
685,987,2.7891
685,1042,2.6732
685,1028,2.6136
685,829,2.5906
685,961,2.494
685,1063,2.4644
685,776,2.4427
69,203,27.8621
69,576,22.3017
69,398,20.6239
69,99,12.1459
69,106,11.8736
69,437,10.9537
69,826,9.7494
69,328,9.7069
69,1194,9.0681
69,159,8.665
69,352,8.119
69,763,7.0999
69,694,7.0861
69,363,6.9843
69,83,6.5835
69,614,6.3477
69,1204,6.3374
69,196,6.2789
69,115,6.0751
69,1085,6.0008
69,1361,5.8583
69,216,5.4758
69,206,5.3647
69,1185,5.2745
69,1238,5.2137
69,267,4.9575
69,164,4.5819
69,1050,4.3539
69,692,4.0496
69,261,4.01
69,573,3.9399
69,360,3.9324
69,493,3.917
69,153,3.8507
69,858,3.7272
69,94,3.6501
69,226,3.3127
69,387,3.0849
69,750,3.0848
69,93,3.0107
69,268,2.9931
69,451,2.961
1106,1177,5.191
1106,1225,4.696
1106,1337,3.6865
1106,1222,2.1153
1106,1212,1.8137
850,937,2.3809
850,1235,2.1962
1185,1262,2.091
1185,1361,1.9466
1185,1274,1.1206
1185,1321,0.9755
1185,1288,0.8916
1185,1285,0.8664
1185,1238,0.8559
392,738,8.1508
392,826,6.035
392,460,4.2291
392,504,3.9683
392,989,3.7949
392,491,3.7006
392,443,3.6054
392,1220,3.2392
392,858,3.1656
392,479,3.1241
392,454,3.0474
392,1348,2.9144
392,394,2.9144
392,683,2.8424
392,1136,2.7136
392,651,2.6593
392,1180,2.6116
940,955,2.3408
940,1187,2.317
940,1207,2.0732
940,1014,1.7629
940,1308,1.7438
940,1211,1.6996
940,1343,1.556
940,1093,1.5345
940,1260,1.475
979,1002,2.8888
979,1030,2.7111
979,1281,2.2795
979,1348,2.1679
979,1343,2.1074
1066,1237,1.8183
1066,1255,1.7328
1066,1112,1.5375
1066,1077,1.5037
1103,1137,2.4261
1103,1249,1.6275
1103,1258,1.6015
12,656,32.9255
12,71,26.8536
12,31,24.1061
12,1264,21.4805
12,629,21.1261
12,63,20.5383
12,1100,19.5269
12,1040,18.3284
12,56,14.6241
12,344,14.1089
12,121,13.0301
12,361,11.989
12,41,10.6812
12,245,10.1835
12,136,10.1438
12,456,9.7452
12,572,9.5749
12,16,9.3206
12,58,9.2829
12,494,8.8027
12,1105,8.6097
12,1127,8.5789
12,27,8.5337
12,659,8.5061
12,32,8.4775
12,37,8.4441
12,513,8.3426
12,852,8.0758
12,42,8.0757
12,1098,8.045
12,586,7.9822
12,119,7.8066
12,820,7.6958
12,1025,7.6133
12,342,7.493
12,429,7.4142
12,214,7.3951
12,990,7.2915
12,322,7.2417
12,101,7.1854
12,400,7.0511
12,143,6.9456
12,172,6.885
12,259,6.8069
12,130,6.7675
12,946,6.7663
12,95,6.7477
12,812,6.657
517,815,6.971
517,635,6.5558
517,1092,6.0095
517,613,5.2991
517,534,5.2335
517,1063,4.8948
517,699,4.2955
517,954,4.2697
517,753,4.0682
517,755,4.0174
517,779,4.0054
517,595,3.7463
517,592,3.7187
517,856,3.6794
517,642,3.6516
517,750,3.64
517,525,3.3808
1073,1130,3.291
1073,1227,2.7937
1073,1078,2.4093
1073,1187,1.7946
784,837,5.0089
784,1171,4.5269
784,853,3.8314
784,1064,2.7208
784,1262,2.5626
784,873,2.5257
784,1253,2.4367
784,955,2.3233
784,970,2.1992
784,1137,2.1541
249,487,12.0395
249,749,8.9152
249,558,6.255
249,816,6.0565
249,683,6.0322
249,271,5.612
249,770,5.1196
249,1250,5.0158
249,786,4.6953
249,1153,4.57
249,277,4.4163
249,491,4.0821
249,404,3.9337
249,584,3.8847
249,700,3.8463
249,1116,3.7125
249,377,3.6868
249,832,3.5837
249,331,3.5724
249,771,3.5478
249,392,3.5478
249,254,3.4898
249,397,3.4793
249,361,3.376
249,754,3.3147
249,252,3.2654
29,318,23.0968
29,328,22.9415
29,34,22.3056
29,104,14.0938
29,692,13.2322
29,1361,11.4199
29,493,10.874
29,252,7.2919
29,226,7.0504
29,832,6.5506
29,848,6.4912
29,428,6.4196
29,246,6.2791
29,52,5.9412
29,930,5.666
29,1098,5.6453
29,554,5.4996
29,248,5.4348
29,159,5.3393
29,575,5.3061
29,183,5.0714
29,51,4.8832
29,661,4.7506
29,190,4.6809
29,292,4.6228
29,673,4.4653
29,634,4.4382
29,1025,4.4226
29,262,4.3574
29,74,4.1036
29,826,4.0727
29,49,3.9474
29,667,3.8055
29,552,3.7731
29,56,3.5861
29,309,3.4572
29,548,3.434
29,53,3.3813
29,169,3.3714
29,1077,3.332
29,638,3.2923
29,267,3.2412
29,191,3.1942
29,537,3.1342
29,834,3.0193
29,93,3.0184
29,167,2.9357
603,676,4.6957
603,1248,3.9175
603,1158,3.8384
603,825,3.5646
603,955,3.221
603,756,2.6639
603,1263,2.662
603,604,2.6392
603,1134,2.444
603,950,2.417
603,1238,2.3576
1340,1361,1.8773
175,397,10.1504
175,806,7.0383
175,193,7.027
175,674,5.2375
175,332,4.8127
175,1045,4.2697
175,257,3.8564
175,265,3.8035
175,938,3.8001
175,564,3.7393
175,487,3.6756
175,344,3.6184
175,357,3.6022
175,770,3.532
175,199,3.4441
175,197,3.4316
175,600,3.335
175,492,3.2101
175,339,3.0308
175,815,3.0227
175,1126,3.0062
175,466,2.986
175,444,2.8921
175,404,2.8802
175,445,2.8073
175,1333,2.6783
175,1210,2.6224
175,221,2.5768
175,454,2.5745
175,267,2.529
175,1028,2.4738
175,427,2.47
175,608,2.4434
175,194,2.437
123,255,22.3127
123,529,13.4546
123,666,11.8418
123,846,11.7885
123,539,8.9123
123,168,8.1075
123,835,6.607
123,450,6.5966
123,245,5.4203
123,799,4.4497
123,993,4.1727
123,189,4.1672
123,419,3.9066
123,392,3.8526
123,956,3.6364
123,668,3.5935
123,641,3.5716
123,153,3.5646
123,201,3.4739
123,509,3.4367
123,1147,3.1559
123,1106,3.1489
123,827,3.048
123,398,2.8725
123,182,2.8662
123,894,2.6274
123,826,2.585
123,410,2.5514
123,651,2.5353
123,999,2.4791
123,587,2.4173
123,858,2.4107
123,269,2.4073
123,1034,2.4047
123,1247,2.2875
123,637,2.2787
123,796,2.2073
123,491,2.1944
123,595,2.1773
1044,1248,4.6201
1044,1047,1.8106
946,1022,2.8021
946,950,2.2056
1125,1202,1.7403
1125,1227,1.6476
1125,1284,1.5626
757,779,3.5493
757,790,3.1981
757,1122,2.7633
757,1293,2.167
757,986,2.0663
757,766,1.9462
757,814,1.9195
757,1306,1.8961
757,983,1.8182
757,1226,1.7462
757,878,1.7362
757,992,1.6826
757,1133,1.6518
757,856,1.5777
425,755,17.5243
425,474,7.8216
425,953,5.162
425,455,5.1284
425,1228,4.8805
425,1237,4.1548
425,681,3.9248
425,1021,3.6306
425,581,3.601
425,742,3.3082
425,985,3.2772
425,456,3.1422
425,1257,3.1015
425,855,3.101
425,516,2.9138
425,881,2.8473
425,477,2.7653
425,478,2.527
425,719,2.5166
425,547,2.5081
425,662,2.3148
425,490,2.2475
425,654,2.2219
425,485,2.1311
425,1258,2.1304
425,821,2.0219
1083,1146,3.2681
1083,1228,2.3599
1083,1105,2.1014
1083,1119,1.916
1083,1289,1.7748
427,532,11.9287
427,454,7.5534
427,672,7.4358
427,1031,7.1832
427,854,6.5338
427,445,6.0628
427,643,5.7275
427,894,5.7197
427,487,5.4242
427,608,5.3083
427,1277,5.1382
427,504,5.1178
427,914,5.0045
427,837,4.933
427,590,4.8549
427,674,4.8104
427,513,4.5834
427,1182,4.2249
427,754,4.0233
427,706,4.0128
427,429,4.0085
427,1114,3.9278
455,496,4.9792
455,720,3.6289
455,663,3.4994
455,753,3.2565
455,901,3.0374
455,517,2.8681
455,1251,2.8013
455,463,2.7906
455,525,2.7455
455,1137,2.6106
455,1327,2.5472
455,721,2.3683
455,512,2.2871
455,1048,2.1732
455,1082,2.1218
455,979,2.1163
666,698,5.1195
666,896,3.1746
666,973,2.6653
666,1222,2.6044
666,858,2.4398
666,1326,2.3231
666,987,2.1071
666,993,2.0538
666,951,1.9845
292,494,7.0389
292,385,6.0654
292,308,5.996
292,518,5.6337
292,391,4.3947
292,318,4.3081
292,1083,4.308
292,1012,4.0795
292,997,4.0285
292,429,3.7849
292,737,3.6789
292,350,3.5843
292,437,3.1753
292,672,3.0408
292,1191,2.8435
292,903,2.6534
292,1213,2.6091
292,562,2.5588
292,341,2.5479
292,1018,2.546
788,1301,4.4772
788,1144,3.5533
788,1068,3.164
788,797,3.0956
788,789,2.7581
788,1351,2.7186
788,839,2.6216
788,1092,2.5871
788,959,2.5852
788,1235,2.5598
788,938,2.5406
788,983,2.5146
788,1036,2.3151
921,1019,2.661
921,950,2.5043
921,1177,1.8681
921,1353,1.6564
921,1251,1.5836
888,1181,2.7712
888,1177,2.7473
888,1230,2.4469
888,1002,2.2439
888,1055,1.8534
191,661,10.6518
191,634,9.0176
191,420,8.9917
191,300,7.8687
191,435,7.6385
191,673,6.6196
191,261,5.9801
191,309,5.887
191,588,5.8036
191,228,5.6808
191,834,5.6138
191,198,5.3122
191,243,5.2993
191,662,5.1849
191,474,5.0438
191,543,4.9967
191,671,4.8396
191,506,4.5039
191,386,4.4385
191,375,4.3806
191,1150,4.3299
191,524,4.273
191,744,4.2307
191,193,4.1814
191,491,4.1478
191,463,4.1444
191,200,4.1043
191,427,4.0393
191,397,4.0183
191,220,3.9367
191,346,3.8103
191,196,3.7334
191,206,3.6687
191,832,3.6452
924,1110,2.4523
924,1234,2.3548
924,1187,2.1681
924,1028,1.8355
924,1022,1.6333
924,1093,1.6155
1116,1250,2.4307
1116,1181,2.1246
1116,1141,1.7446
46,817,19.6525
46,218,12.7927
46,1222,9.309
46,1130,9.0204
46,306,8.7198
46,267,7.2906
46,143,6.9379
46,206,6.5965
46,228,6.2072
46,188,5.8459
46,414,5.775
46,250,5.6848
46,114,5.3359
46,95,5.0733
46,105,5.0275
46,638,4.9489
46,1126,4.824
46,219,4.8166
46,1014,4.7377
46,52,4.7277
46,100,4.5906
46,738,4.3938
46,628,4.374
46,530,4.3314
46,252,4.3293
46,1073,4.3267
46,246,4.3253
46,1187,4.2602
46,172,4.2295
46,116,4.2083
46,137,4.1853
46,986,4.1192
46,829,4.0828
46,436,4.0792
46,1328,4.0151
46,500,3.9546
46,204,3.8319
46,200,3.7917
46,392,3.7503
46,313,3.7056
46,132,3.7022
46,443,3.6803
46,780,3.6283
513,837,5.979
513,1031,5.1129
513,754,4.9949
513,1218,3.937
513,1170,3.6997
513,1036,3.6775
513,1338,3.4675
513,952,3.3571
513,752,2.7496
513,1060,2.4978
513,1354,2.4089
513,753,2.3937
513,1040,2.3579
1181,1199,3.4467
1181,1244,1.5901
20,46,29.4459
20,114,21.9407
20,38,15.8301
20,214,14.5084
20,538,13.8344
20,283,13.1921
20,843,10.8925
20,1144,10.8165
20,128,10.7814
20,267,9.4711
20,778,9.1135
20,1050,8.9413
20,343,8.5713
20,342,8.1314
20,27,7.6867
20,826,7.557
20,432,7.3023
20,443,7.2848
20,377,7.2017
20,26,6.9933
20,129,6.9741
20,463,6.7346
20,1348,6.6777
20,530,6.5114
20,949,6.4318
20,303,6.3793
20,127,6.1963
20,339,6.1886
20,216,6.1343
20,95,6.1014
20,140,6.0399
20,163,5.8396
20,470,5.7855
20,161,5.7492
20,380,5.5321
20,602,5.5224
20,861,5.3185
20,436,5.1265
20,157,5.1082
20,876,5.0817
20,230,5.0618
20,82,5.0472
20,352,4.8576
20,1038,4.8222
20,49,4.7812
20,684,4.7054
522,1149,3.1638
522,833,2.8281
522,1272,2.6794
522,1040,2.6405
522,624,2.4824
522,805,2.4554
522,679,2.3002
522,799,2.2967
165,806,22.3996
165,170,19.3058
165,175,10.8853
165,193,8.1047
165,257,7.8118
165,444,7.2321
165,342,6.8757
165,730,6.1198
165,166,5.8202
165,372,5.3798
165,748,5.0623
165,559,4.9534
165,824,4.8347
165,332,4.4636
165,1028,4.4619
165,221,4.4298
165,492,4.0896
165,269,4.0479
165,1026,3.9592
165,429,3.9487
165,752,3.9103
165,207,3.744
165,259,3.7229
165,477,3.7038
165,179,3.6881
165,998,3.6604
165,499,3.6387
165,654,3.6171
165,172,3.5967
165,471,3.531
165,399,3.479
165,437,3.4679
165,265,3.4125
1144,1181,2.6653
1144,1174,2.4711
812,1080,4.4953
812,1223,3.2334
812,1111,3.0909
812,1292,2.9329
812,1271,2.7851
812,1108,2.7227
812,935,2.6129
689,827,3.3352
689,946,3.256
689,832,2.4338
689,820,2.3762
689,744,2.1872
689,775,2.0785
689,1028,1.9014
689,751,1.8177
689,755,1.7819
1071,1147,3.3232
1071,1133,2.6372
1071,1131,2.0978
1071,1196,1.6623
1156,1269,1.5454
601,958,10.2083
601,613,7.7588
601,828,7.52
601,825,7.1259
601,695,5.3708
601,1039,4.9895
601,1279,3.3038
601,732,3.1664
601,677,3.0906
601,1020,2.9209
601,950,2.7935
601,723,2.5967
601,744,2.4309
601,769,2.1197
601,676,2.1019
601,1133,2.0939
601,886,1.9941
601,1178,1.985
212,663,9.1378
212,335,8.641
212,470,7.8251
212,997,6.9695
212,494,6.0137
212,498,5.629
212,449,5.436
212,720,5.3881
212,871,5.2278
212,405,4.9668
212,259,4.3543
212,261,4.3201
212,1168,4.2722
212,298,3.9873
212,802,3.9693
212,252,3.9491
212,436,3.9315
212,417,3.8263
212,456,3.6649
212,466,3.6463
212,735,3.6096
212,288,3.5711
212,607,3.547
212,531,3.5187
212,503,3.4661
212,219,3.4367
212,640,3.2553
960,1064,3.6377
960,972,2.7171
960,1368,2.1495
960,1225,2.0554
960,1162,1.871
960,1059,1.825
978,1159,2.3628
978,981,2.0462
978,1316,1.8728
978,1148,1.6563
978,1106,1.3323
978,1366,1.324
1194,1267,2.0739
859,941,5.9223
859,997,5.8946
859,1102,4.4199
859,880,3.8971
859,1314,3.4672
859,1219,3.0309
859,1204,2.988
859,1010,2.7721
859,1096,2.6232
859,973,2.5627
859,894,2.3744
859,1196,2.368
814,931,2.6607
814,1066,2.4244
814,1269,2.2705
814,894,1.9895
814,862,1.8238
814,970,1.7829
814,1046,1.7132
814,930,1.7016
814,1187,1.6099
814,1199,1.6036
923,1326,1.6842
923,1246,1.6078
923,993,1.5567
923,1299,1.5228
923,1175,1.4674
927,1132,1.4946
328,493,20.8216
328,692,9.9287
328,804,9.1087
328,1361,8.6802
328,368,8.5796
328,428,7.6066
328,650,6.6393
328,576,6.2223
328,652,6.0504
328,722,6.0499
328,574,5.7955
328,554,5.4501
328,813,5.2756
328,1340,5.1293
328,1277,4.3299
328,762,4.3133
328,495,4.286
328,621,4.1936
328,577,4.134
328,1287,4.1227
328,799,4.0247
328,673,3.5109
328,1019,3.4602
328,703,3.3173
587,851,7.552
587,1104,6.1313
587,1020,4.192
587,692,3.9019
587,732,3.5751
587,752,3.1789
587,1063,2.8736
587,754,2.5804
587,925,2.3456
587,793,2.2712
587,776,2.1656
587,749,2.1169
577,859,7.9394
577,640,6.6215
577,825,6.1479
577,827,6.1051
577,849,5.0067
577,952,4.8949
577,578,4.8189
577,723,4.6189
577,621,4.446
577,967,4.1638
577,692,4.0571
577,762,3.8372
577,863,3.6468
577,1361,2.9262
577,612,2.9033
577,862,2.6255
577,820,2.4392
577,956,2.2791
577,620,2.2069
1150,1173,3.5834
1150,1338,2.5229
1150,1292,2.3755
1150,1261,2.3479
231,247,26.343
231,418,19.2893
231,387,16.9028
231,433,11.9227
231,508,10.91
231,302,10.809
231,407,9.8989
231,1201,8.7566
231,841,7.068
231,840,6.7977
231,466,6.5084
231,334,6.1181
231,447,5.3837
231,1043,5.1815
231,305,5.0966
231,352,4.3749
231,1057,4.3246
231,351,4.243
231,254,4.0361
231,574,4.0259
231,373,3.8012
231,741,3.7371
231,878,3.612
231,403,3.5112
231,701,3.4513
231,586,3.4231
231,1023,3.4214
231,723,3.362
231,1014,3.265
231,743,3.2606
231,241,3.2145
231,557,3.1927
231,691,3.1863
231,291,3.1007
231,715,3.0717
825,954,6.4944
825,958,5.3033
825,1247,4.9795
825,896,2.6263
825,828,2.5338
825,915,2.51
1121,1330,2.5256
1121,1198,2.1679
558,829,3.8505
558,616,3.2799
558,955,2.8732
558,824,2.4043
558,909,2.2987
558,851,2.2725
558,1050,2.2166
558,1052,2.1756
558,572,2.0972
558,914,2.0803
431,1255,3.975
431,731,3.7534
431,890,3.6709
431,707,3.6143
431,555,3.3807
431,579,3.355
431,489,3.241
431,852,3.1239
431,480,3.0058
431,1114,2.9856
431,794,2.9298
431,708,2.8795
431,458,2.8786
431,576,2.7895
431,547,2.7793
431,590,2.7594
431,452,2.6927
431,1036,2.6591
431,857,2.6553
431,1025,2.5313
431,776,2.5121
431,479,2.5035
431,797,2.4311
431,855,2.4214
122,174,16.7771
122,357,16.3092
122,464,16.2176
122,133,16.1087
122,177,13.0003
122,362,11.2458
122,359,10.0615
122,229,9.6591
122,334,9.3707
122,932,9.3639
122,782,8.2411
122,1061,7.7065
122,268,7.3446
122,272,7.2922
122,353,6.9085
122,591,6.9084
122,409,6.9045
122,1006,6.7191
122,267,6.5952
122,341,6.4573
122,580,6.444
122,433,6.4351
122,333,6.0089
122,452,5.9396
122,885,5.8503
122,1080,5.85
122,915,5.7571
122,381,5.6506
122,467,5.5747
122,645,5.4764
122,317,5.3981
122,155,5.3673
122,791,5.2431
122,481,5.1113
122,289,4.985
122,194,4.8198
122,508,4.8153
122,447,4.691
966,1006,3.1621
966,1061,1.8697
966,1157,1.8273
769,1225,9.095
769,886,6.9133
769,1010,3.9694
769,902,3.6538
769,1132,3.5349
769,889,3.4952
769,840,2.9163
769,1115,2.8475
769,825,2.4986
769,1329,2.3513
769,773,2.3089
769,803,2.2016
769,958,2.1904
401,669,11.6391
401,412,11.5318
401,506,6.4671
401,611,6.2231
401,442,5.9864
401,510,5.8454
401,668,5.4872
401,670,5.4132
401,647,5.1407
401,581,4.8658
401,536,4.6445
401,803,4.6067
401,1018,4.3313
401,548,4.2756
401,463,4.2583
401,1113,4.1866
401,1008,4.0656
401,858,3.9427
401,469,3.8708
401,995,3.7497
420,661,13.5812
420,588,10.6387
420,524,9.7473
420,901,7.3775
420,634,7.3374
420,1150,6.8748
420,1030,5.8422
420,673,5.6698
420,1087,4.868
420,720,4.7958
420,435,4.5201
420,568,3.899
420,585,3.7285
420,474,3.5314
420,834,3.5131
420,1298,3.3995
420,619,3.3493
420,754,3.3024
420,630,3.149
1202,1210,1.2737
896,1240,2.9752
896,1011,1.8245
896,909,1.7076
407,1055,3.7692
407,561,2.9368
407,433,2.7966
407,466,2.4636
407,1039,2.3701
407,497,2.3673
407,1259,2.2619
407,1023,2.0594
407,447,2.0449
407,816,1.8255
407,652,1.749
407,753,1.7271
407,1122,1.7241
407,841,1.6059
407,578,1.5732
407,542,1.5248
407,520,1.4751
578,664,5.9956
578,746,5.6729
578,769,3.8755
578,984,3.375
578,1117,3.1
578,835,2.7515
578,610,2.5095
578,845,2.4919
578,827,2.4848
578,997,2.4774
578,687,2.4628
31,98,22.1723
31,150,21.7066
31,859,21.0017
31,56,20.8914
31,656,17.1768
31,629,14.157
31,242,13.0182
31,470,10.6349
31,71,9.6676
31,375,9.1979
31,84,8.8241
31,302,8.7872
31,315,8.6665
31,679,8.6355
31,588,8.4831
31,1051,8.3825
31,274,8.3374
31,1300,8.2576
31,858,8.238
31,997,7.9201
31,81,7.7643
31,535,7.5649
31,880,7.487
31,463,7.2411
31,624,7.2292
31,528,6.9527
31,205,6.9234
31,161,6.9096
31,401,6.8758
31,441,6.8092
31,391,6.7598
31,820,6.7234
31,116,6.6663
31,671,6.44
31,177,6.379
31,279,6.3381
31,362,6.3009
31,329,6.091
31,333,6.0854
31,466,5.9062
31,435,5.8573
31,572,5.8506
31,417,5.7949
31,361,5.7823
31,151,5.7371
31,119,5.6835
31,557,5.649
999,1305,2.5612
999,1165,2.3544
999,1177,2.2873
211,574,16.2581
211,295,12.9575
211,799,11.299
211,328,7.6383
211,355,6.493
211,677,4.7512
211,692,3.3782
211,281,2.9999
211,353,2.6661
211,984,2.5814
211,1066,2.5401
211,550,2.4499
211,644,2.2942
211,1361,2.1908
211,1028,2.1665
211,384,2.0697
211,934,1.994
211,1019,1.8567
211,493,1.7232
211,447,1.6371
211,661,1.6227
211,433,1.6221
211,599,1.5515
211,301,1.4513
211,468,1.4228
211,836,1.3325
211,519,1.3181
211,1031,1.3068
211,620,1.2927
211,375,1.2411
211,508,1.2327
211,335,1.2235
211,744,1.2109
211,482,1.1594
211,826,1.1447
211,904,1.0955
211,1082,1.0769
211,1258,1.0065
211,435,0.9981
1317,1329,1.6375
157,953,10.8967
157,460,6.8044
157,214,6.4684
157,463,6.173
157,1093,6.0492
157,354,5.6476
157,216,5.3611
157,185,5.2554
157,755,5.1886
157,218,5.1589
157,1055,4.9667
157,1374,4.6444
157,1348,4.6296
157,319,4.4802
157,374,4.457
157,1181,4.2256
157,267,4.1472
157,338,4.1407
157,228,3.8281
157,315,3.8098
157,209,3.7798
157,287,3.7736
157,210,3.717
157,229,3.7148
157,231,3.7085
157,876,3.6282
157,160,3.5799
157,1144,3.5727
157,274,3.5654
157,225,3.5453
157,1173,3.4962
157,242,3.421
157,1256,3.3792
157,1165,3.3786
157,683,3.2738
687,793,6.7052
687,1017,3.5401
687,813,2.7524
687,902,2.6867
687,776,2.561
687,973,2.3484
687,831,2.2514
687,1179,2.2215
1210,1340,2.8671
1210,1268,2.3248
300,661,20.3671
300,309,18.1558
300,634,14.8383
300,588,14.2176
300,420,14.1562
300,435,12.1225
300,524,9.5387
300,834,7.6116
300,1298,4.768
300,619,4.5463
300,1150,4.4776
300,673,4.3533
300,440,4.1254
300,375,4.1024
300,491,3.9819
300,590,3.9132
300,722,3.8861
300,1170,3.8192
300,977,3.8029
300,374,3.7818
300,350,3.6798
300,1030,3.6009
300,600,3.5853
300,463,3.528
300,1186,3.3936
300,671,3.2192
300,842,3.1192
300,467,2.9901
300,633,2.8628
300,499,2.8525
300,679,2.752
300,868,2.7193
300,1087,2.5669
613,828,15.9083
613,958,11.2968
613,732,10.1108
613,1115,7.9415
613,1071,7.6867
613,724,7.0648
613,735,5.6006
613,1039,5.5819
613,699,5.1662
613,723,5.114
613,769,5.0927
613,856,4.65
613,892,4.5114
613,1133,4.1808
613,796,4.1708
613,635,3.5694
613,895,3.4709
627,702,4.1348
627,860,2.9018
627,637,2.874
627,633,2.6202
627,903,2.5026
627,894,2.4402
627,1235,2.1714
627,672,2.166
627,896,2.0677
627,647,2.0376
627,695,1.9201
627,792,1.9178
933,1158,2.2962
933,1327,2.0977
933,1178,2.0549
933,1134,1.9158
933,1258,1.8796
964,1276,2.111
964,1132,1.9211
964,1129,1.7229
964,1266,1.6001
228,274,18.2206
228,661,17.8492
228,524,14.9151
228,309,10.9897
228,420,10.3701
228,375,10.0579
228,435,9.7134
228,634,9.4429
228,315,8.7854
228,834,8.2307
228,300,7.9328
228,463,7.6844
228,673,7.2083
228,343,7.1377
228,530,7.1268
228,427,6.7092
228,638,6.1878
228,339,5.5976
228,1374,5.3512
228,1150,5.2899
228,352,5.2273
228,1292,5.1302
228,1256,5.1042
228,982,4.9606
228,277,4.7061
228,742,4.5524
228,340,4.5155
228,378,4.4674
228,671,4.3187
228,768,4.199
228,374,4.0678
228,741,3.9958
228,722,3.9874
228,1377,3.9114
184,355,25.1334
184,837,9.3066
184,493,9.2926
184,328,6.2014
184,295,5.2927
184,544,4.7062
184,709,4.4995
184,513,4.4053
184,223,4.0316
184,226,3.659
184,495,3.5764
184,345,3.5639
184,1012,3.3958
184,1325,3.2773
184,579,3.2479
184,542,2.9192
184,1031,2.8965
184,636,2.8733
184,969,2.7143
184,224,2.714
184,1046,2.6756
184,1361,2.6211
184,602,2.6039
184,1153,2.5866
184,606,2.4318
184,428,2.41
184,271,2.2725
184,310,2.1723
184,772,2.1364
184,339,2.1255
184,797,2.1218
184,211,2.0992
184,195,2.0957
184,351,2.0582
184,1130,2.0194
1254,1288,1.675
1254,1309,1.6287
571,820,10.3232
571,729,5.8533
571,975,3.0848
571,1381,2.936
571,830,2.6847
571,687,2.185
571,675,2.1783
571,889,2.1114
571,1211,1.932
571,974,1.9074
571,1159,1.8818
571,979,1.8395
571,736,1.752
571,1171,1.7039
571,801,1.6626
571,1274,1.6193
571,705,1.606
235,279,15.4982
235,612,14.3016
235,365,7.812
235,850,6.9224
235,840,6.4616
235,485,6.2052
235,988,6.138
235,348,5.9669
235,327,5.4677
235,827,5.3611
235,238,4.4794
235,484,4.2031
235,1240,4.1345
235,1059,4.0942
235,394,4.0367
235,440,3.8953
235,886,3.8227
235,578,3.6592
235,323,3.631
235,553,3.3703
235,879,3.3684
235,577,3.3151
235,267,3.2648
235,409,3.2536
235,769,3.2392
235,282,3.185
235,676,3.134
235,341,3.1059
1100,1264,3.7505
1100,1294,1.6308
1100,1283,1.5674
1100,1248,1.5444
1100,1317,1.5295
1131,1250,2.6928
1131,1299,2.2965
1131,1221,2.2044
1234,1310,1.5942
972,1061,3.5895
972,1150,3.5805
972,1006,3.391
972,1087,2.7928
1238,1352,3.2877
886,930,3.9055
886,954,2.3997
1147,1352,2.3689
279,769,14.8545
279,510,13.4056
279,1225,7.7976
279,840,6.7051
279,447,6.3074
279,394,6.2379
279,703,6.0547
279,978,6.0219
279,612,5.996
279,988,5.3637
279,365,5.3357
279,902,5.1434
279,1019,5.0798
279,553,4.99
279,314,4.7225
279,290,4.4691
279,879,4.3916
279,722,4.1782
279,803,3.9612
279,506,3.7754
279,866,3.7174
279,1013,3.7117
279,900,3.6004
279,401,3.5048
279,287,3.4807
279,780,3.4276
279,446,3.4249
279,1091,3.3918
239,323,10.2559
239,297,10.0291
239,258,9.1898
239,781,8.2481
239,371,6.958
239,298,6.7541
239,496,6.5089
239,756,6.2038
239,1021,5.3953
239,275,5.2837
239,1048,5.2816
239,291,4.6455
239,1152,4.4103
239,837,4.3775
239,1081,4.2833
239,484,4.2176
239,1284,3.9972
239,477,3.8268
239,240,3.7257
239,252,3.6967
239,359,3.6234
239,1371,3.5332
239,853,3.5253
239,260,3.4444
239,746,3.3901
239,732,3.3499
239,503,3.3139
239,548,3.3136
837,1031,9.2629
837,1074,3.476
837,1171,2.9916
837,943,2.5122
837,1321,2.3836
837,914,2.1492
837,997,2.0888
837,910,2.0159
682,956,3.0407
682,737,2.4226
682,1346,2.3852
682,686,2.2418
682,732,2.0944
682,1117,2.0188
1172,1220,1.8058
1172,1184,1.4615
450,835,13.1481
450,554,6.7448
450,858,4.267
450,570,4.2534
450,529,3.69
450,539,3.6143
450,577,3.0175
450,567,2.9275
450,846,2.8138
450,1200,2.7018
450,1139,2.5576
450,828,2.4293
450,644,2.3067
450,1115,2.2976
450,673,2.0502
450,783,2.021
450,509,1.9531
450,1005,1.9167
450,956,1.8362
450,792,1.7487
949,1050,3.7575
949,1144,3.5336
949,1174,3.1687
949,1054,3.1671
949,1052,2.1099
949,975,1.9982
949,1038,1.9764
949,1124,1.9116
949,1346,1.8566
546,565,3.8248
546,825,3.5642
546,653,3.4853
546,840,3.4238
546,1011,3.045
546,970,2.9012
546,750,2.8795
869,1015,2.7964
869,1100,2.0571
869,1081,1.8564
869,956,1.6389
456,792,8.9246
456,793,8.0797
456,756,6.0234
456,1022,5.4163
456,531,4.8723
456,539,4.8691
456,735,4.6886
456,1020,4.6525
456,1235,4.4907
456,526,4.4804
456,956,4.2573
456,810,4.2556
456,473,4.1293
456,658,4.073
456,673,3.923
456,1158,3.9059
456,987,3.8917
456,619,3.6455
456,1226,3.5964
176,664,18.0687
176,732,14.1848
176,562,11.8572
176,189,11.8427
176,221,10.6901
176,385,10.4029
176,270,9.6039
176,1133,9.1338
176,766,9.0799
176,581,8.809
176,397,8.7833
176,956,8.6981
176,828,8.4779
176,227,8.0217
176,682,7.9317
176,188,7.6317
176,206,7.6217
176,496,6.9888
176,207,6.7847
176,806,6.7796
176,965,6.6379
176,565,6.6226
176,275,6.3064
176,297,6.1244
176,314,5.4733
176,831,5.3318
176,516,5.2865
176,578,5.2836
176,997,5.2161
176,259,5.2039
176,818,5.1288
176,298,5.1231
176,554,4.9623
176,1348,4.95
176,371,4.7554
176,291,4.7183
647,669,8.2992
647,956,5.7397
647,737,5.6365
647,822,4.1355
647,867,3.6769
647,1024,3.503
647,893,3.487
647,1168,3.3877
647,783,3.2513
647,746,3.1331
647,750,2.9511
647,828,2.851
647,790,2.6881
129,392,16.3762
129,651,8.9655
129,271,7.6363
129,843,7.0871
129,1050,6.9319
129,269,6.4786
129,454,6.2583
129,361,6.1958
129,257,6.1087
129,210,5.297
129,296,5.2324
129,1040,5.2155
129,171,5.1049
129,491,5.0657
129,738,5.0207
129,268,4.9881
129,487,4.8242
129,249,4.8209
129,337,4.8059
129,157,4.7537
129,252,4.7429
129,312,4.6348
129,342,4.5119
129,197,4.4392
129,463,4.4219
129,538,4.3868
129,367,4.3
129,722,4.2881
129,218,4.2239
129,143,4.1634
129,214,4.1059
129,437,4.0754
283,1251,5.8697
283,1170,4.1153
283,367,3.5949
283,1181,3.294
283,448,3.2062
283,697,3.2021
283,386,3.1956
283,1328,3.1708
283,608,3.0587
283,310,3.0349
283,590,2.9343
283,495,2.9171
283,457,2.8158
283,533,2.7962
283,503,2.6884
283,397,2.6659
283,322,2.6501
283,876,2.6378
283,816,2.5362
283,499,2.5348
283,634,2.5247
283,1130,2.5074
283,339,2.3669
283,564,2.3016
911,1116,4.2972
911,1218,2.0311
911,1129,1.8393
889,975,4.3337
889,906,2.3386
889,1211,2.1613
889,1136,1.8274
889,1225,1.8115
889,1020,1.7545
1022,1190,4.4492
1022,1269,2.7651
1022,1175,2.5836
1022,1052,2.1556
1022,1196,1.8952
404,828,15.6837
404,958,14.9802
404,613,11.7864
404,749,7.9109
404,553,7.5706
404,732,7.4573
404,1115,6.5327
404,557,6.4511
404,572,6.2794
404,497,5.7433
404,909,5.5038
404,1250,5.4691
404,545,5.433
404,580,5.4146
404,626,5.347
404,515,5.152
404,496,5.1394
404,428,4.2611
404,466,4.1895
404,839,4.1656
404,405,4.1631
404,474,4.0516
404,1057,3.976
404,485,3.9045
404,442,3.857
404,548,3.6905
491,528,9.2071
491,591,5.8779
491,731,5.608
491,500,5.561
491,671,4.6142
491,655,4.3564
491,641,4.1052
491,1076,3.7182
491,1250,3.6644
491,1255,3.6249
879,1337,3.904
879,885,2.8962
879,903,2.0828
879,1205,1.8371
879,1317,1.7316
879,1233,1.6599
879,1173,1.6305
941,1167,1.722
941,1099,1.7204
890,934,4.5968
890,965,3.7367
890,903,2.1891
1308,1337,2.4298
1080,1345,1.5906
661,673,12.6754
661,834,6.7384
661,1150,6.2275
661,1298,6.1994
661,722,5.6468
661,948,4.5129
661,707,4.1261
661,832,3.3945
661,1170,3.2352
661,741,3.0758
661,1184,3.0226
661,982,2.887
849,954,2.7864
849,854,2.0496
849,863,1.8103
350,670,12.7807
350,1018,12.2102
350,610,10.6899
350,611,9.0407
350,1008,8.6243
350,846,8.4325
350,436,7.0214
350,408,6.5591
350,557,6.0356
350,419,5.9688
350,950,5.9403
350,401,5.5287
350,581,4.9821
350,710,4.9619
350,446,4.9075
350,1178,4.8774
350,1213,4.8678
350,810,4.2613
350,451,4.0833
350,826,3.9074
350,946,3.88
350,696,3.6378
350,400,3.6302
350,669,3.4223
350,386,3.3844
920,1354,2.7634
920,1117,2.1585
920,1063,1.5973
242,274,19.3577
242,441,17.9798
242,470,14.4003
242,315,14.2605
242,1087,10.2926
242,1218,9.6787
242,736,8.1357
242,753,7.9651
242,728,7.7443
242,375,7.6696
242,285,7.4464
242,1060,7.4084
242,588,7.0479
242,1261,6.9597
242,443,6.9547
242,717,6.708
242,1354,6.6403
242,354,6.5494
242,911,6.205
242,1302,6.1054
242,1053,5.9755
242,268,5.9447
242,642,5.917
242,463,5.5825
242,243,5.5416
242,302,5.4933
242,1336,5.2048
242,459,5.1993
242,641,5.1788
242,338,5.1047
242,920,4.9928
242,417,4.955
561,892,6.4385
561,769,5.5227
561,1071,4.8697
561,1115,4.6756
561,782,4.0179
561,886,3.7885
561,613,3.4274
561,900,3.3871
561,1139,3.3651
561,780,3.243
561,957,2.6178
561,1024,2.5788
561,1234,2.5682
1338,1380,1.8543
503,545,19.4714
503,837,10.5338
503,1158,7.6821
503,724,5.0523
503,690,4.3605
503,979,3.9398
503,732,3.7456
503,543,3.3183
503,1074,3.3087
503,662,3.3062
503,634,3.2749
503,723,3.2047
503,624,3.1879
503,727,3.0511
503,1182,2.8962
503,914,2.8124
503,604,2.7858
503,584,2.7416
503,572,2.5397
503,790,2.5086
503,601,2.4746
1248,1289,3.1529
1248,1339,2.2503
736,753,5.2406
736,765,4.8584
736,997,4.6784
736,838,4.656
736,1114,4.5255
736,818,4.5166
736,1016,4.3761
736,1338,4.1022
736,820,4.0054
736,1030,3.6449
736,795,3.577
736,979,3.3339
736,1142,3.22
1030,1189,5.8353
1030,1173,3.9745
1030,1087,3.2461
1030,1338,3.0294
1030,1135,2.6229
545,724,8.5167
545,613,5.3437
545,904,5.1944
545,828,4.8888
545,601,4.3626
545,825,4.0678
545,690,3.8062
545,757,3.7947
545,1039,3.6335
545,976,3.5673
545,723,3.4837
545,979,3.3569
545,901,3.1063
545,720,3.0888
545,695,3.083
545,1070,3.0601
545,699,3.0334
545,1057,3.0141
545,1165,2.9891
545,956,2.7364
545,1210,2.4194
545,662,2.4085
545,1161,2.3771
285,470,14.3189
285,313,9.1987
285,704,7.5421
285,1354,7.5313
285,338,7.1299
285,717,6.4048
285,287,5.7576
285,494,5.403
285,343,4.9844
285,736,4.8048
285,768,4.7924
285,1377,4.5415
285,312,4.4252
285,1124,4.3408
285,442,4.22
285,363,4.1074
285,765,4.0988
285,942,3.9212
285,843,3.5357
285,1299,3.535
285,592,3.4452
285,640,3.4022
285,459,3.392
285,1218,3.2234
285,1035,3.2014
285,778,3.1504
285,1302,3.0991
285,539,3.0102
285,485,2.8938
285,842,2.8636
285,1301,2.8526
1040,1127,3.1779
1217,1288,1.6994
1111,1223,2.5753
1111,1125,2.147
1111,1345,2.108
1111,1210,1.9217
396,808,7.9901
396,819,6.3478
396,1150,4.5728
396,430,4.5581
396,1248,4.5389
396,1000,4.5138
396,633,4.4101
396,1131,4.3016
396,646,4.2045
396,1235,4.0808
396,845,4.0073
396,868,3.5973
396,1233,3.4285
396,1237,3.2902
396,840,3.0247
396,765,3.0157
396,736,2.992
396,1184,2.9509
396,434,2.9371
396,1228,2.8464
396,750,2.8056
961,1063,4.0008
961,1076,3.281
961,1255,3.0976
961,1062,2.9687
961,1017,2.4768
441,491,11.2461
441,528,10.5386
441,470,9.5906
441,671,7.5904
441,1345,7.3972
441,500,6.8533
441,1354,5.6149
441,1053,5.5871
441,1080,5.5724
441,676,5.2368
441,1051,4.5971
441,1302,4.3922
441,619,3.762
441,598,3.6506
441,1063,3.5322
441,1186,3.522
441,584,3.5008
441,1060,3.4544
1155,1184,1.6417
816,855,3.1612
816,1343,2.4264
816,1201,2.4212
816,1046,2.2325
1088,1119,3.7303
1088,1120,2.5931
1088,1343,2.5324
1088,1209,1.8029
1088,1245,1.3886
973,1036,7.9295
973,1254,2.8405
973,1026,2.6536
973,997,2.6216
973,1255,2.2033
98,233,47.6153
98,150,38.6616
98,401,21.5083
98,238,14.7281
98,108,12.5288
98,902,11.6941
98,356,10.2555
98,510,10.0671
98,668,9.757
98,624,9.2725
98,506,8.7093
98,1051,8.5801
98,357,8.3312
98,588,8.231
98,463,7.7406
98,302,7.6722
98,146,7.6184
98,234,7.5665
98,262,7.363
98,155,7.008
98,412,6.9394
98,253,6.8444
98,116,6.727
98,701,6.7131
98,274,6.3393
98,1183,6.2234
98,113,6.0516
98,679,6.0513
98,441,5.8991
98,242,5.8752
98,191,5.6704
98,548,5.6029
98,669,5.5912
98,466,5.2641
98,279,5.1454
98,1060,5.0675
98,435,4.9713
98,1117,4.9454
98,404,4.8694
98,446,4.5971
98,229,4.4601
1212,1225,1.9068
1212,1293,1.8963
1212,1238,1.6564
1212,1233,1.3692
653,1048,6.3556
653,755,5.1379
653,1051,4.7189
653,894,4.3512
653,723,3.6432
653,860,3.6329
653,1087,3.119
653,1273,3.0772
653,837,2.6305
653,813,2.5809
1321,1340,1.4276
1321,1348,1.3423
688,790,3.9533
688,919,2.7463
688,1063,2.706
688,1118,2.4955
688,824,2.2716
688,934,2.2619
688,703,2.2106
688,936,2.0802
688,1234,2.0482
688,1237,1.8155
549,578,2.9917
549,1035,2.9488
549,582,2.8083
549,1032,2.6247
549,574,2.4155
549,1006,2.3976
549,746,2.1863
549,631,1.7699
549,1351,1.7071
549,972,1.5918
549,888,1.5401
549,615,1.4904
549,832,1.476
549,1320,1.4067
549,1235,1.2842
549,1027,1.2796
346,641,17.6699
346,443,11.5473
346,959,11.4817
346,696,10.3269
346,663,8.1837
346,1052,7.6932
346,637,6.4444
346,470,6.3834
346,442,6.0778
346,1175,5.3792
346,1282,5.1932
346,1003,4.6045
346,509,4.2869
346,1022,4.219
346,410,3.8445
346,655,3.8189
346,358,3.8163
346,705,3.8152
346,976,3.6569
346,678,3.5402
346,737,3.3361
346,829,3.3354
130,355,13.2311
130,331,8.4178
130,184,8.2936
130,209,7.1431
130,141,5.9892
130,540,5.9522
130,759,5.9043
130,511,5.7744
130,556,5.6982
130,145,5.5557
130,572,5.3877
130,316,5.3176
130,271,5.0439
130,301,5.0423
130,542,4.7175
130,152,4.6775
130,354,4.6732
130,859,4.6681
130,837,4.6449
130,1045,4.6245
130,975,4.5023
130,749,4.4344
130,286,4.3827
130,1306,4.3823
130,289,4.3639
130,438,4.3165
130,170,4.162
130,273,4.1612
130,1341,4.1011
130,512,4.0707
130,708,4.0573
130,335,3.9661
130,1019,3.9483
130,330,3.937
130,221,3.9017
130,752,3.8531
130,158,3.8368
942,991,2.4226
942,1323,2.2389
942,983,1.78
942,962,1.713
942,1081,1.7102
942,1163,1.6114
942,952,1.5282
802,1190,5.4672
802,1117,4.0179
802,892,3.3773
802,1278,3.2849
802,827,3.1269
802,1091,3.0312
802,829,2.5824
802,1127,2.4616
802,988,2.3119
802,1147,2.2592
299,736,8.7674
299,713,4.857
299,820,3.9243
299,729,3.5087
299,412,3.2904
299,335,3.1238
299,494,2.858
299,818,2.7561
299,417,2.5078
299,911,2.4633
299,463,2.3571
299,1265,2.1837
299,760,2.1756
299,399,2.1351
299,533,2.0687
299,459,1.8806
299,1028,1.8642
299,894,1.8492
299,470,1.7604
299,602,1.7603
299,1088,1.6505
299,693,1.6163
299,521,1.6125
299,458,1.6033
466,557,9.0552
466,825,8.581
466,909,7.8025
466,534,7.3673
466,753,6.2849
466,958,6.195
466,497,5.5524
466,1333,5.5315
466,960,4.1719
466,915,4.1225
466,701,4.0629
466,582,3.868
466,496,3.7039
466,655,3.5649
466,1122,3.3726
466,715,3.1912
466,937,3.0814
466,515,3.0278
466,1310,2.9453
412,978,15.5436
412,506,6.6831
412,444,5.0704
412,482,4.8695
412,419,4.1322
412,623,3.7057
412,599,3.687
412,429,3.511
412,664,3.3743
412,787,3.2958
412,1145,3.256
412,711,3.1198
412,460,3.116
412,749,3.0097
412,578,2.962
412,684,2.9578
412,737,2.7847
412,1159,2.7068
24,105,33.5345
24,666,16.1189
24,698,13.1074
24,113,10.3664
24,116,9.3773
24,401,8.6906
24,562,8.6585
24,670,8.6478
24,950,8.267
24,798,7.8466
24,255,7.5088
24,432,7.4678
24,174,7.354
24,112,7.0689
24,510,6.9012
24,29,6.4672
24,737,5.9485
24,446,5.8001
24,237,5.694
24,156,5.6205
24,1308,5.6021
24,332,5.5545
24,292,5.471
24,267,5.2923
24,33,5.2617
24,158,5.2578
24,133,5.1333
24,40,5.1043
24,289,5.0879
24,36,5.0756
24,164,4.995
24,62,4.9579
24,143,4.898
24,766,4.8206
24,350,4.7746
24,846,4.729
24,246,4.7226
24,55,4.6888
24,342,4.6207
24,773,4.6109
24,73,4.5346
24,981,4.5338
24,803,4.4913
24,419,4.2943
24,1331,4.2222
24,28,4.2009
24,360,3.9461
24,530,3.8844
384,543,9.5308
384,1158,6.0542
384,762,6.0292
384,599,5.6962
384,901,5.5948
384,393,5.3227
384,386,5.263
384,411,4.4024
384,400,4.3372
384,470,4.0465
384,1264,3.9733
384,753,3.6054
384,552,3.2788
384,665,3.0979
384,510,2.894
384,727,2.8714
384,456,2.8621
384,836,2.6786
384,1060,2.6637
756,877,8.4264
756,905,7.9495
756,1152,4.9593
756,1019,4.8289
756,901,4.6289
756,1262,3.492
756,772,3.19
756,1049,2.9941
756,1077,2.8739
756,971,2.5586
78,244,22.6269
78,579,12.4665
78,649,11.3092
78,1109,9.2949
78,145,8.5144
78,84,7.3885
78,465,5.8816
78,759,5.3053
78,357,4.7729
78,504,4.5667
78,1177,3.5349
78,108,3.3237
78,665,3.2423
78,1097,3.2288
78,80,3.2049
78,397,3.0738
78,305,3.0301
78,921,2.8053
78,351,2.8046
78,391,2.7916
78,341,2.6755
78,345,2.6606
78,864,2.5768
78,383,2.5568
78,1006,2.5517
78,557,2.3585
78,359,2.3312
78,589,2.3283
78,644,2.2734
78,334,2.075
78,653,2.0684
78,1032,2.0486
78,143,2.0152
78,387,1.9649
78,131,1.9382
78,140,1.9328
78,88,1.9268
78,192,1.9194
78,687,1.9005
78,381,1.8246
78,1204,1.808
78,194,1.7836
873,1133,3.3987
873,1240,2.7143
873,1197,2.5709
873,1242,1.9296
873,1055,1.6881
873,1363,1.5579
873,1178,1.453
1205,1288,2.1839
1246,1341,1.9349
1246,1304,1.0454
1078,1203,2.7475
1078,1104,1.5567
1078,1114,1.5172
1200,1235,2.3618
1200,1259,1.45
917,980,2.5169
917,1083,2.1697
917,940,2.1618
496,1133,10.9677
496,732,9.9629
496,515,9.0876
496,1140,6.996
496,613,6.537
496,828,5.7579
496,693,5.2102
496,548,4.8143
496,1242,4.328
496,958,3.9111
496,553,3.6229
496,601,3.5941
496,1048,3.4964
496,746,3.3334
496,915,3.0144
496,1056,2.9886
496,572,2.8482
496,557,2.7731
496,837,2.7184
496,633,2.7045
496,1123,2.5675
496,1090,2.5101
813,1341,3.6474
813,1181,3.1638
813,1170,3.0701
813,1203,2.465
813,1021,1.6777
813,1127,1.5491
813,1077,1.4315
813,831,1.4017
597,831,6.5597
597,1229,3.4673
597,627,3.1376
597,706,2.7857
597,736,2.687
597,1263,2.6179
597,1110,2.6032
597,765,2.5384
597,848,2.4522
597,1219,2.3026
597,1034,2.2369
597,728,2.1373
597,828,2.1178
597,796,2.0686
597,1230,1.8901
597,1084,1.8739
597,1197,1.8609
597,1078,1.8225
1008,1116,2.9655
1008,1223,2.5649
1008,1236,2.4583
1008,1231,2.4494
1008,1034,2.2084
848,885,2.1381
848,899,1.862
848,905,1.8353
316,348,17.3806
316,732,8.3945
316,448,5.7124
316,1253,5.4303
316,512,5.1924
316,319,4.1234
316,366,4.0335
316,808,3.9945
316,621,3.9804
316,449,3.8444
316,404,3.7938
316,517,3.5995
316,719,3.295
316,679,3.2368
316,638,3.2277
316,485,3.1882
316,483,3.1332
316,540,3.0481
316,360,2.9938
85,512,10.1455
85,169,9.7959
85,314,8.4841
85,141,7.269
85,683,6.1267
85,285,5.2496
85,293,4.9584
85,640,4.8764
85,470,4.8607
85,117,4.8163
85,842,4.6984
85,134,4.6651
85,415,4.6321
85,613,4.2796
85,443,4.2733
85,126,4.2498
85,839,4.2459
85,592,4.2215
85,336,4.2209
85,587,4.1639
85,723,4.1265
85,629,4.0843
85,243,4.0825
85,193,4.019
85,696,3.9949
85,238,3.9947
85,97,3.8957
85,242,3.8635
85,377,3.8118
85,296,3.7941
85,828,3.7171
85,413,3.7141
85,248,3.7097
85,210,3.6939
85,252,3.6701
85,732,3.6599
85,676,3.6458
85,724,3.6208
85,873,3.5924
85,531,3.5853
85,805,3.5845
916,1329,1.7752
916,1056,1.7535
916,1317,1.7091
916,1011,1.6438
916,1111,1.5284
916,1047,1.4425
1057,1201,2.8079
1057,1226,2.0034
1057,1075,1.3311
1134,1232,3.868
1134,1248,1.9637
1356,1374,1.2877
745,824,3.1714
745,1010,2.6879
745,1141,2.6365
745,812,2.607
745,782,2.5795
745,1216,2.5525
745,1160,2.0712
1300,1329,1.7686
1142,1251,3.407
1142,1327,2.6742
1142,1380,1.7296
1142,1302,1.5751
1142,1338,1.4469
1143,1193,2.0832
1143,1289,1.3828
1048,1050,3.3406
1048,1144,2.3612
1048,1058,2.3388
1048,1285,2.0395
963,1068,2.6609
963,1039,1.7689
963,1079,1.7664
963,1278,1.6182
963,1195,1.612
963,983,1.5934
963,1234,1.4816
51,781,25.4324
51,227,17.9952
51,385,12.0898
51,401,11.4437
51,236,10.817
51,292,10.0425
51,981,9.437
51,1047,8.9686
51,116,8.6651
51,234,8.3076
51,506,8.0891
51,84,8.0713
51,86,7.3955
51,1214,7.1832
51,670,7.0688
51,341,7.0505
51,1276,7.0269
51,350,6.2797
51,61,6.2598
51,253,6.1095
51,494,6.0831
51,419,5.983
51,55,5.8909
51,1113,5.5641
51,136,5.477
51,817,5.3844
51,443,5.2424
51,999,5.1093
51,956,5.0844
51,153,5.0084
51,803,4.9029
51,1081,4.8594
51,72,4.8571
51,669,4.8415
51,611,4.8265
51,1018,4.8086
51,493,4.686
51,105,4.6149
51,413,4.6023
51,578,4.5515
51,343,4.4017
51,637,4.3315
51,752,4.2454
51,451,4.2358
51,323,4.1817
592,640,10.1378
592,748,2.546
592,793,2.2925
592,976,2.2189
592,1046,2.0344
592,860,2.0033
592,816,1.9016
592,755,1.8943
398,827,5.4434
398,576,4.8178
398,410,4.2576
398,993,3.6043
398,858,3.5684
398,1340,3.4257
398,740,3.2459
398,692,3.1247
398,445,3.074
398,577,2.8389
398,764,2.7535
398,826,2.7521
398,702,2.4597
398,1052,2.3864
398,508,2.2425
398,631,2.1777
398,537,2.1337
398,1361,2.1201
1018,1213,3.4863
1018,1194,2.4545
1018,1276,2.0898
1018,1289,1.8895
1018,1047,1.7964
1123,1349,1.8583
1123,1205,1.6343
233,238,20.167
233,258,7.5827
233,669,7.4805
233,466,6.7374
233,902,6.3635
233,557,6.1822
233,828,5.7581
233,831,5.1508
233,356,4.8449
233,359,4.6342
233,1057,4.3209
233,388,4.1625
233,357,3.8629
233,885,3.8591
233,624,3.8068
233,463,3.7285
233,496,3.6553
233,909,3.6531
233,401,3.5047
233,279,3.454
233,404,3.4383
233,766,3.3953
233,252,3.3026
233,1113,3.2517
233,285,3.2508
233,325,3.2285
233,1056,2.9831
233,670,2.978
233,774,2.8893
726,804,3.6917
726,851,3.5139
726,755,3.1787
726,1048,3.1727
726,1154,3.091
726,736,2.4583
1097,1219,1.2192
712,803,7.9254
712,1019,3.2693
712,723,3.1067
712,900,2.3261
712,769,2.2954
712,1016,1.8683
712,880,1.8525
712,1374,1.6774
712,1049,1.6608
712,1092,1.6578
423,479,8.165
423,1198,5.1015
423,504,4.5058
423,559,4.4142
423,988,4.2467
423,714,3.9428
423,426,3.442
423,484,3.3387
423,582,3.091
423,752,2.6079
423,460,2.5091
423,1266,2.4556
423,846,2.4256
423,695,2.3586
423,776,2.2239
423,577,2.1877
423,683,2.1635
423,1249,2.127
423,434,2.1248
423,1021,2.1137
423,445,2.08
423,612,2.0754
583,764,13.8403
583,1015,5.0718
583,774,4.84
583,763,3.6071
583,801,3.3172
583,814,3.144
583,759,2.9726
583,947,2.9697
583,591,2.8614
583,1263,2.807
583,1001,2.7809
583,1243,2.7171
583,1131,2.6611
583,875,2.5306
583,847,2.5227
583,1221,2.5216
354,540,7.9852
354,481,6.2926
354,1058,6.1676
354,1245,5.9073
354,556,5.7737
354,1029,4.893
354,1231,4.614
354,817,4.2958
354,1055,4.252
354,802,4.0625
354,839,3.9827
354,653,3.8817
354,501,3.8676
354,463,3.6819
354,882,3.3378
354,432,3.319
354,755,3.1062
354,757,3.0141
354,541,3.0091
354,742,3.0049
354,480,2.9013
354,924,2.7027
1031,1263,2.8228
1031,1262,2.8215
1031,1109,2.0452
403,470,6.6263
403,829,4.5289
403,531,4.2789
403,778,4.141
403,800,3.3604
403,548,3.1566
403,1349,2.9876
403,574,2.8631
403,491,2.8611
403,697,2.7084
403,888,2.6355
403,956,2.5301
403,789,2.4386
403,509,2.3374
403,828,2.2351
403,1299,2.2257
403,437,2.2106
403,713,2.1799
403,557,2.1606
670,1008,6.9711
670,1018,6.6098
670,950,5.8811
670,989,4.3238
670,737,3.4755
670,821,3.385
670,902,3.1869
670,780,3.1551
670,1308,3.0409
670,956,3.0146
670,1233,2.7174
294,346,14.1013
294,959,9.8385
294,443,9.7731
294,641,7.6044
294,663,6.5266
294,442,5.4545
294,391,5.3766
294,382,5.1577
294,611,4.7809
294,362,4.6146
294,537,4.4221
294,1175,4.146
294,908,3.4201
294,301,3.2274
294,856,3.1125
294,696,3.0624
294,668,3.0209
294,333,2.7844
294,1282,2.7527
294,602,2.6584
294,737,2.6096
294,582,2.496
294,359,2.3804
294,826,2.3673
294,1052,2.2983
294,369,2.2807
294,1041,2.1744
294,894,2.1647
294,585,2.0628
294,808,2.0031
618,1039,3.1613
618,639,3.1301
618,715,3.1222
618,873,3.0573
618,1277,2.7223
618,1187,2.5371
618,878,2.2843
618,986,1.9692
618,1029,1.9193
618,940,1.7454
618,953,1.7049
618,1076,1.636
618,1014,1.4483
1259,1351,1.4847
311,501,5.7341
311,662,5.2577
311,837,4.9087
311,369,4.2863
311,893,4.2726
311,503,3.9169
311,802,3.8913
311,728,3.4171
311,1110,3.3287
311,784,2.6652
311,723,2.6632
311,432,2.4211
311,690,2.2656
311,497,2.2156
311,674,2.1657
311,463,2.1519
311,575,2.0919
311,743,2.0563
311,449,1.9503
311,557,1.9341
311,319,1.9007
311,481,1.9001
311,352,1.8825
311,345,1.799
311,971,1.7917
311,792,1.7744
17,98,20.0784
17,1019,19.2332
17,130,18.851
17,196,14.4411
17,238,13.2316
17,37,11.2747
17,363,11.1869
17,401,10.9938
17,546,9.6881
17,332,9.4683
17,184,9.0146
17,83,8.9302
17,371,8.8421
17,495,8.4797
17,56,8.2655
17,572,8.2225
17,1107,8.0149
17,1064,7.5769
17,656,7.5495
17,233,7.4226
17,515,7.0199
17,1049,6.5739
17,695,6.3177
17,119,6.2923
17,629,6.2393
17,453,6.0493
17,62,6.0483
17,547,5.8047
17,875,5.8015
17,239,5.7558
17,259,5.7463
17,384,5.6981
17,361,5.6868
17,496,5.5886
17,774,5.5529
17,1095,5.3101
17,356,5.3099
17,204,5.159
17,1045,4.8436
17,31,4.8151
17,456,4.7143
17,316,4.6985
17,1165,4.6616
17,404,4.6136
17,548,4.611
17,556,4.5193
17,517,4.4846
17,954,4.16
17,286,4.1053
1033,1171,2.4347
1033,1097,2.0337
1033,1145,1.9398
1033,1372,1.9161
519,693,6.3637
519,581,4.4351
519,728,3.6239
519,1147,3.4425
519,711,3.227
519,890,3.0566
519,590,2.8257
519,956,2.7988
519,1339,2.7415
519,731,2.6811
519,905,2.6364
519,783,2.5793
519,669,2.5173
519,1044,2.4512
519,527,2.129
226,328,24.1882
226,493,16.2441
226,428,12.266
226,312,11.7504
226,291,11.0371
226,1361,9.1041
226,692,8.2663
226,487,7.0798
226,721,6.2294
226,804,5.402
226,652,4.8831
226,342,4.8108
226,848,4.601
226,1104,4.04
226,661,4.0316
226,683,4.0075
226,260,3.9506
226,388,3.8811
226,744,3.5962
226,495,3.5961
226,726,3.4128
226,893,3.3977
226,547,3.366
226,295,3.3039
226,793,3.2551
226,722,3.1825
226,1049,3.1091
226,947,3.0043
226,548,2.9818
226,1325,2.9006
226,251,2.8938
226,703,2.8289
226,1277,2.7509
226,664,2.7466
226,772,2.7296
226,423,2.7075
226,767,2.6831
962,993,3.5339
962,1087,1.8012
962,1321,1.7408
962,1210,1.7018
962,1271,1.6726
962,1152,1.5865
962,1352,1.5479
959,1052,3.2185
959,1221,2.6676
959,1048,2.4322
959,1235,1.9291
959,1294,1.7736
861,1038,5.6248
861,1144,3.5395
861,1050,3.3346
861,1174,2.5209
861,949,2.3713
861,1210,2.2839
861,1017,2.2355
861,1215,1.908
861,1058,1.791
861,1261,1.7223
900,1059,4.4623
900,909,3.2656
900,960,2.321
900,998,2.2903
900,1240,2.1674
900,1188,2.1668
815,1002,7.304
815,915,6.4296
815,1297,4.1595
815,1090,4.0796
815,1189,3.4979
815,1115,2.8345
815,1262,2.5289
1112,1173,2.1974
1112,1155,1.6275
1112,1315,1.1966
1112,1149,1.1137
1274,1338,0.957
1107,1149,2.5334
1107,1150,2.2285
1107,1264,2.1614
1107,1297,1.6946
1038,1050,6.1162
1038,1058,4.9038
1038,1144,3.3692
1038,1348,3.3532
1038,1174,2.3895
1038,1377,1.9934
308,661,5.9007
308,524,4.9963
308,420,4.4079
308,673,3.9734
308,309,3.6745
308,406,3.2726
308,820,3.1314
308,1247,3.0233
308,494,2.9821
308,840,2.8667
308,722,2.838
308,435,2.784
308,729,2.7333
308,491,2.7125
308,335,2.7109
308,634,2.6606
308,1348,2.5757
308,442,2.4562
308,1352,2.4106
308,644,2.2844
308,1150,2.2784
308,631,2.2637
308,741,2.2503
308,1078,2.2257
308,1177,2.2239
862,1308,1.7279
1357,1375,0.8819
1139,1207,1.8828
1139,1235,1.4599
728,754,3.2455
728,823,2.5184
728,951,2.5175
728,848,2.3285
728,1218,2.1926
728,731,2.0859
728,965,2.0746
728,962,1.8446
728,1345,1.8047
728,738,1.7058
838,1245,3.4702
838,1122,3.0603
838,982,2.1831
838,1336,2.1313
838,1210,2.0099
1032,1186,4.1323
1032,1061,2.7196
1087,1173,2.1634
1087,1380,2.0986
1087,1354,2.0092
1087,1338,1.8795
1087,1215,1.6736
1087,1239,1.5512
1087,1302,1.5248
23,40,46.3005
23,350,38.2742
23,105,32.9747
23,846,27.83
23,326,17.0249
23,611,16.5663
23,1018,16.2682
23,670,15.9766
23,401,14.3154
23,803,12.9912
23,610,12.6897
23,116,12.5228
23,51,11.4207
23,408,11.3227
23,234,11.2471
23,55,9.7564
23,1008,9.6631
23,236,9.2897
23,302,8.8983
23,581,8.2469
23,1213,8.2156
23,338,8.0586
23,113,8.0395
23,436,8.0154
23,807,7.318
23,669,7.2216
23,74,6.9714
23,62,6.9662
23,826,6.8893
23,557,6.809
23,292,6.5658
23,781,6.247
23,406,6.1856
23,442,5.9854
23,593,5.9161
23,959,5.8132
23,253,5.6334
23,419,5.4064
23,346,5.296
23,47,5.0864
23,933,5.0518
23,1348,4.9277
23,206,4.8531
23,1147,4.8354
23,501,4.8138
23,946,4.8063
23,163,4.7414
23,53,4.692
1222,1225,1.9371
1222,1287,1.8594
1222,1381,1.2
1256,1374,2.6868
1256,1356,1.6438
997,1314,2.5453
997,1012,2.3005
997,1028,2.2982
1302,1354,2.9278
1302,1338,1.5872
359,381,22.8395
359,442,13.7595
359,1061,11.1889
359,506,9.6206
359,1006,8.1865
359,709,7.2977
359,582,6.8202
359,459,6.0055
359,404,5.83
359,1131,5.8228
359,362,5.6197
359,1216,5.6171
359,527,5.6135
359,508,5.3885
359,1032,5.0795
359,885,4.8875
359,645,4.5884
359,1318,4.4094
359,737,4.408
359,537,4.3821
359,528,4.3516
359,474,4.3176
359,972,4.2742
359,956,4.1069
692,804,5.7768
692,1340,4.6704
692,826,3.4128
692,848,3.3058
692,723,3.2384
692,995,3.1307
692,930,3.0386
692,1361,2.6469
692,1168,2.3737
692,721,2.2746
692,1019,2.2557
692,1325,2.2256
692,726,2.0446
692,914,1.9365
1223,1239,1.616
638,997,5.5277
638,1256,3.6233
638,1290,3.5836
638,910,3.5361
638,784,3.4608
638,734,3.3733
638,1089,3.3628
638,930,3.3511
638,1374,3.1046
638,856,2.934
638,697,2.8678
638,668,2.8638
638,739,2.7584
638,642,2.7372
638,1317,2.6855
638,1327,2.5897
638,992,2.5054
638,1313,2.3399
507,827,4.9033
507,1216,4.0607
507,744,3.5945
507,631,3.4801
507,814,3.2215
507,1055,2.996
507,646,2.9573
507,1132,2.6924
507,829,2.6201
507,790,2.5448
507,750,2.5243
507,586,2.4653
507,743,2.3829
507,832,2.353
260,304,33.6839
260,667,8.6438
260,858,7.8036
260,884,7.5157
260,805,7.2843
260,993,7.0251
260,918,6.7964
260,826,5.4023
260,853,4.9479
260,496,4.851
260,454,4.6736
260,346,4.4811
260,829,4.4287
260,952,4.2879
260,548,4.2373
260,894,4.0918
260,1073,4.0729
260,863,4.0686
260,877,3.9198
260,1191,3.632
260,1263,3.4292
260,1054,3.333
260,504,3.2303
260,397,3.126
260,756,3.0917
260,808,3.064
260,1111,3.0397
260,377,3.0374
260,443,2.9223
465,1341,4.7573
465,1035,3.4503
465,1311,3.3109
465,1114,3.2877
465,645,3.1867
465,530,3.136
465,478,2.8872
465,648,2.5363
465,1336,2.4408
465,467,2.3246
465,758,2.2528
465,600,2.1452
465,560,2.1386
465,470,2.0718
465,637,2.0698
486,656,4.8361
486,764,4.2101
486,518,3.8276
486,1146,3.542
486,646,3.1941
486,1293,2.8828
486,487,2.8325
486,507,2.607
486,748,2.5567
486,1280,2.457
486,747,2.4302
486,527,2.3908
486,520,2.3261
486,523,2.3234
486,945,2.2556
486,629,2.2348
486,823,2.2347
486,821,2.2152
842,1177,3.6775
842,1124,2.9286
842,972,2.4608
842,952,1.9795
544,650,3.4291
544,1028,3.104
544,1031,2.9944
544,641,2.8917
544,958,2.7776
544,643,2.6499
544,837,2.5294
544,599,2.5032
544,1300,2.4582
544,579,2.3842
544,783,2.3605
544,665,2.3275
544,616,2.2009
1249,1254,4.2514
1249,1354,2.2496
1218,1354,6.5987
1218,1265,3.4554
1218,1245,2.4667
1218,1283,1.7445
1218,1249,1.7152
1082,1137,2.2081
1082,1150,1.787
953,971,4.4321
953,1374,2.5791
953,1242,2.2875
953,1345,2.2173
953,1277,2.0115
1001,1101,1.7473
1001,1053,1.6726
1001,1272,1.6433
1001,1153,1.6382
1001,1078,1.4498
1001,1036,1.4373
1130,1175,2.6698
1130,1244,1.9749
485,1115,10.9703
485,828,10.2382
485,732,9.577
485,719,9.1353
485,612,9.0786
485,699,8.416
485,621,8.3217
485,553,7.2984
485,516,6.4515
485,517,5.0162
485,601,4.8613
485,613,4.2603
485,542,4.1644
485,509,4.0719
485,777,3.8641
485,958,3.8457
485,557,3.7546
485,695,3.1389
709,739,3.2843
709,1006,3.0352
709,1259,2.8872
709,848,1.9266
709,1115,1.9128
709,1061,1.8717
1115,1250,2.6038
1115,1186,2.5223
1115,1154,2.5151
1115,1192,2.3931
965,1165,5.5779
965,1083,3.7314
965,987,3.6767
965,1359,3.596
965,1274,2.3716
965,1280,2.3571
557,909,10.9374
557,558,5.5382
557,670,5.3633
557,955,4.817
557,690,4.4209
557,1188,4.4117
557,599,4.0834
557,1250,3.7693
557,616,3.767
557,753,3.2563
557,581,3.1447
557,933,3.0709
612,695,7.6718
612,825,4.3871
612,1064,3.3187
612,777,3.0834
612,741,3.0501
612,1115,3.0013
612,782,2.6995
612,1030,2.6947
612,886,2.6943
612,676,2.4701
612,927,2.3021
612,1198,2.2375
612,668,2.1938
819,1313,4.4372
819,903,3.7013
819,1237,3.5466
819,1044,3.508
819,971,2.9763
1167,1337,3.8458
1167,1226,1.6277
1244,1328,1.7686
1244,1381,1.7191
1244,1314,1.5641
645,778,4.7081
645,1061,4.0751
645,951,3.8256
645,858,3.3642
645,1179,3.2398
645,1210,3.1281
645,993,3.1109
645,1170,3.0699
645,1006,2.9225
645,1242,2.7748
645,942,2.7447
645,843,2.6816
645,885,2.622
877,965,5.6629
877,1326,3.4757
877,1021,3.4749
877,1175,2.9316
877,1226,2.8316
877,905,2.7366
877,921,2.7142
877,1102,2.6868
877,986,2.6724
877,1152,2.5525
877,1015,2.4758
733,953,4.1732
733,750,3.9336
733,748,3.8984
733,1168,3.6209
733,1100,3.6138
733,872,3.0447
733,1013,2.4727
733,885,2.2603
261,717,12.7012
261,493,10.5306
261,494,9.3948
261,813,9.1499
261,328,7.6855
261,707,5.0841
261,1022,5.0184
261,718,4.8909
261,687,4.7421
261,696,4.699
261,995,4.5309
261,1085,4.3835
261,765,4.3238
261,524,4.3026
261,621,4.1477
261,785,4.0832
261,437,3.7732
261,511,3.6594
261,430,3.6215
261,945,3.1093
261,333,2.9974
261,455,2.6071
261,397,2.5242
261,592,2.5025
261,893,2.4611
261,752,2.4432
261,537,2.4409
261,956,2.3829
261,374,2.3722
261,797,2.3692
261,274,2.3355
261,941,2.2964
261,1361,2.284
261,358,2.2282
261,643,2.2178
958,1115,10.1531
958,1039,1.9029
133,343,22.3893
133,357,15.3067
133,359,11.145
133,575,10.5373
133,581,10.1301
133,341,9.7708
133,666,9.7379
133,446,9.2015
133,1106,9.1167
133,737,8.9977
133,670,8.4947
133,782,8.3381
133,334,7.9401
133,268,7.6283
133,362,7.2825
133,1061,7.2366
133,1308,7.1562
133,436,6.9919
133,562,6.4494
133,385,6.2384
133,1006,6.0707
133,950,6.0235
133,1169,5.5479
133,419,5.5099
133,698,5.4639
133,394,5.4252
133,317,5.4147
133,885,5.3945
133,381,5.2348
133,1067,5.2259
133,270,5.1987
133,189,5.1968
133,645,5.0954
133,221,4.9931
133,253,4.8205
133,176,4.6694
133,591,4.5915
133,234,4.4873
866,1064,2.3305
866,1347,2.0854
866,906,1.6181
866,1130,1.5937
866,1117,1.5497
866,1289,1.5006
866,1019,1.456
866,950,1.4536
866,1337,1.432
907,1171,1.9907
907,1272,1.8642
907,1002,1.8428
907,1131,1.6552
907,919,1.6485
907,1374,1.5685
1104,1202,2.3897
1104,1118,1.8894
1104,1232,1.4152
1104,1304,1.3593
1093,1138,4.4995
1093,1353,3.4046
1093,1187,2.9376
1093,1256,2.7673
1093,1335,2.4761
1093,1113,1.8582
1093,1202,1.7759
1093,1130,1.6823
1093,1381,1.5048
105,350,26.3016
105,116,13.8791
105,174,11.5071
105,442,10.6403
105,610,8.8076
105,113,8.7766
105,1008,8.7625
105,289,8.7018
105,611,8.4998
105,326,8.1308
105,946,8.0048
105,1018,7.8729
105,846,7.8114
105,158,6.7567
105,432,6.4099
105,163,6.3212
105,408,6.1011
105,143,5.9637
105,436,5.7802
105,725,5.4927
105,1034,5.3079
105,668,5.1548
105,586,5.1182
105,670,5.0801
105,419,5.0264
105,273,4.7148
105,135,4.7013
105,781,4.6842
105,623,4.6296
105,822,4.2579
105,292,4.1497
105,474,4.0461
105,124,3.9203
105,950,3.8154
105,518,3.7577
105,1047,3.7527
105,655,3.708
105,153,3.6415
105,1116,3.5974
105,249,3.4476
1017,1063,3.3511
1017,1045,1.9586
1017,1121,1.9543
1017,1372,1.9262
698,737,4.4871
698,748,4.3251
698,1106,2.6642
698,763,2.3732
698,828,2.3618
698,987,2.2227
698,778,2.213
698,1225,2.1887
994,1344,3.3236
994,1353,1.9411
994,1075,1.7131
994,1169,1.6487
994,1091,1.5925
1306,1331,1.4195
213,414,20.1153
213,931,8.0022
213,443,6.9947
213,729,6.0908
213,1007,5.624
213,1328,5.441
213,306,4.7789
213,826,3.9833
213,442,3.9451
213,645,3.8452
213,436,3.5479
213,326,3.2731
213,641,3.2295
213,438,3.1737
213,923,3.1454
213,218,3.0694
213,592,3.0125
213,1381,2.9925
213,975,2.9237
213,245,2.8704
213,470,2.8154
213,294,2.727
213,1180,2.4491
213,911,2.4394
213,590,2.2949
213,335,2.2081
213,1130,2.1768
213,440,2.1376
213,956,2.1131
213,1138,2.1072
213,1003,2.0778
213,432,2.0293
213,499,1.9436
213,722,1.9162
213,417,1.8371
1220,1264,1.6253
1220,1280,1.5626
318,430,5.3896
318,328,4.4108
318,743,3.5873
318,1077,3.2956
318,323,3.084
318,437,2.9081
318,956,2.6932
318,987,2.3783
318,997,2.3621
318,562,2.2639
318,858,2.1754
318,537,2.1058
318,692,2.0695
318,1110,1.9911
318,818,1.9904
318,793,1.8682
318,829,1.8672
318,453,1.768
318,685,1.7675
318,789,1.7383
318,673,1.7213
318,321,1.6615
318,736,1.6394
702,1235,6.0168
702,936,4.473
702,788,4.2851
702,773,3.3205
702,764,3.2477
702,1351,3.0843
702,767,2.3321
702,1240,2.1389
702,824,2.1179
702,1199,2.113
702,970,1.8139
96,156,26.5729
96,101,18.6923
96,820,18.3911
96,218,17.4985
96,729,15.7597
96,299,15.2431
96,214,14.8785
96,571,13.6886
96,675,10.4913
96,303,10.0998
96,533,9.7104
96,1244,9.5177
96,555,9.4764
96,818,9.0684
96,521,7.8995
96,153,7.7697
96,335,6.4868
96,412,6.4047
96,1353,6.321
96,443,6.1485
96,414,6.115
96,1348,5.8923
96,417,5.6638
96,1009,5.6135
96,431,5.3014
96,686,5.236
96,216,5.2052
96,150,4.7825
96,442,4.7232
96,975,4.6896
96,1381,4.6761
96,100,4.639
96,641,4.5921
96,645,4.5569
96,775,4.5079
96,248,4.447
96,843,4.4442
96,1175,4.44
96,199,4.4328
96,826,4.0563
96,1138,3.8806
96,778,3.8775
96,206,3.8547
96,217,3.8122
96,725,3.8022
96,494,3.7656
376,946,5.5806
376,579,5.0411
376,573,4.7418
376,663,4.6752
376,981,4.2601
376,428,4.2034
376,429,3.908
376,636,3.7745
376,562,3.6503
376,568,3.4978
376,763,3.4617
376,721,3.4211
376,649,3.0588
376,482,2.9571
376,1202,2.8132
376,809,2.6633
376,473,2.5861
376,419,2.5519
376,1022,2.526
376,420,2.5228
376,1074,2.4961
376,1016,2.3465
1165,1191,3.0516
1287,1356,1.4914
1287,1361,1.1551
1287,1335,0.8652
989,1018,3.8675
989,1050,2.2079
989,1015,2.1487
989,1354,2.0699
989,1218,1.7608
989,1161,1.684
989,1185,1.5931
989,1013,1.5405
989,1136,1.5262
989,1316,1.4919
1041,1244,3.7184
1041,1256,3.6703
610,638,6.8205
610,611,5.9232
610,1168,4.5657
610,1348,4.2339
610,637,3.9304
610,807,2.9134
610,987,2.6849
610,659,2.6246
610,1214,2.5338
610,695,2.517
610,846,2.4805
610,1266,2.4343
610,1216,2.2898
610,787,2.223
343,436,21.0533
343,714,13.9217
343,924,12.3028
343,1022,10.5262
343,463,10.2042
343,470,10.0828
343,642,8.5699
343,374,8.5634
343,819,7.9823
343,1234,7.348
343,500,7.0086
343,1246,6.4439
343,704,6.3986
343,1008,6.3841
343,1124,6.1198
343,406,6.0957
343,530,6.0947
343,918,5.9986
343,1204,5.9797
343,668,5.7462
343,1041,5.732
343,680,5.5449
343,1119,5.5249
343,798,5.372
343,832,5.3413
343,1367,5.1032
343,480,5.0584
343,972,4.9879
343,420,4.9717
760,1009,3.6324
760,994,3.4333
760,775,3.2101
760,858,2.1412
760,1138,2.0436
760,880,1.9888
760,1381,1.8485
760,930,1.6627
760,820,1.6232
760,1244,1.5229
760,1127,1.4522
760,1271,1.3831
760,903,1.3791
760,794,1.3295
760,1323,1.307
760,1133,1.3012
760,812,1.2309
760,1246,1.1907
760,1331,1.1847
939,1270,4.4665
939,1308,1.2677
939,1065,1.0787
939,1088,1.047
939,1141,0.9437
84,86,15.3379
84,156,12.9104
84,1334,11.138
84,153,10.5884
84,399,10.2874
84,212,9.9496
84,675,9.8782
84,629,9.5215
84,729,9.2135
84,101,8.5883
84,100,8.4296
84,442,8.3268
84,204,7.7499
84,218,7.7111
84,96,7.2558
84,997,7.0948
84,913,7.0019
84,291,6.5624
84,299,6.1933
84,470,5.9552
84,869,5.9222
84,693,5.8808
84,743,5.4841
84,1236,5.24
84,417,5.2188
84,710,5.1842
84,151,5.0847
84,611,5.0693
84,602,4.8216
84,494,4.2685
84,1006,4.2137
84,1381,4.1848
84,641,4.0709
84,205,4.0096
84,160,3.8234
84,409,3.7996
84,252,3.703
84,335,3.6538
84,820,3.4829
84,116,3.4359
84,1008,3.4068
777,830,4.0251
777,955,3.0373
777,907,2.4207
777,1199,2.0832
777,825,2.0175
777,909,1.9038
777,1290,1.8163
1077,1145,2.2154
1015,1027,3.4764
1015,1154,2.1514
1015,1021,2.0429
853,913,2.6763
853,1021,2.3244
853,1314,2.1346
853,857,2.0617
853,1137,2.0346
853,878,1.9936
853,856,1.9292
853,875,1.8814
1188,1329,3.2478
1188,1207,2.4482
1188,1316,1.7525
902,1225,3.0672
902,1250,1.7754
902,919,1.718
902,1057,1.6757
902,1149,1.3241
902,1186,1.2361
902,1199,1.1899
902,1354,1.1765
996,1059,2.2399
996,1116,1.6031
1102,1144,1.7149
1102,1269,1.4567
1102,1197,1.4051
935,1109,2.3719
935,1007,1.6434
935,1026,1.6176
935,1260,1.4515
935,1075,1.3977
935,1178,1.3675
749,1116,4.1502
749,1250,3.8328
749,1218,3.4548
749,1290,3.2113
749,1220,2.2207
749,1136,2.0222
749,782,2.0053
749,909,1.9686
749,838,1.8768
686,1009,5.3039
686,820,2.1605
686,975,1.972
686,1239,1.8865
686,1093,1.8754
686,1149,1.8713
686,956,1.7319
686,1155,1.6442
686,841,1.5987
686,743,1.5695
686,889,1.515
241,828,10.9634
241,466,9.3268
241,782,9.1803
241,960,8.8941
241,485,8.5151
241,1115,7.6159
241,892,7.5795
241,405,7.3415
241,915,7.2012
241,404,7.1707
241,365,7.1566
241,275,6.9306
241,262,6.548
241,561,6.0879
241,655,5.759
241,507,5.5835
241,327,5.5383
241,534,5.4645
241,1132,5.1553
241,909,5.1071
241,314,5.0218
241,695,4.6871
241,407,4.6342
241,613,4.4087
241,502,4.2821
241,597,4.1623
241,753,3.9253
241,925,3.7131
241,247,3.7006
241,553,3.6823
241,779,3.4836
241,346,3.4464
241,395,3.4463
241,432,3.3926
241,475,3.3486
241,481,3.3403
241,334,3.248
241,741,3.195
329,385,12.798
329,406,12.3326
329,565,9.8899
329,858,6.2911
329,721,5.0426
329,506,4.9141
329,546,4.2807
329,859,4.0472
329,562,3.6986
329,1207,3.5916
329,656,3.4411
329,348,3.3998
329,447,3.3412
329,767,3.1829
329,826,3.0887
329,793,2.9832
329,463,2.9336
329,931,2.8663
329,780,2.8534
329,611,2.8279
329,460,2.7548
329,1289,2.6891
329,960,2.5299
329,956,2.4856
329,437,2.4553
329,456,2.4465
329,350,2.4242
329,1129,2.2312
329,737,2.0906
329,367,2.0808
329,1328,2.0798
1141,1180,2.22
1141,1253,1.583
1141,1201,1.4289
954,1115,2.2992
954,958,1.7421
954,1071,1.7346
954,1078,1.7051
954,1040,1.6577
954,1163,1.6499
954,1010,1.6139
954,1190,1.518
954,1361,1.5157
883,1114,3.3123
883,964,1.6639
883,1125,1.6432
883,1158,1.5907
883,1224,1.5531
883,1047,1.5142
883,1127,1.4266
944,1213,2.8105
944,1048,2.4786
944,1237,2.3811
944,1369,2.2632
944,1329,1.9049
944,1243,1.8399
944,1331,1.7919
944,976,1.6859
1034,1037,4.5139
1034,1148,1.7945
1034,1236,1.7817
1034,1281,1.6885
781,965,3.4571
781,988,2.9531
781,956,2.494
781,1276,2.4527
781,851,2.0902
781,1145,1.8543
781,959,1.7774
781,787,1.7766
781,1288,1.6915
781,1008,1.5708
781,796,1.5076
781,1152,1.412
1176,1270,3.308
1176,1337,2.1456
1176,1236,1.7046
1176,1368,1.3205
1224,1270,2.412
1224,1335,1.5483
1168,1190,1.4469
1168,1214,1.1597
550,692,5.2761
550,995,5.1189
550,701,4.1118
550,1168,3.0165
550,780,2.9602
550,676,2.9578
550,814,2.644
550,927,2.5203
550,726,2.3145
550,807,2.2637
550,1019,2.1334
550,737,2.0834
550,1340,2.0103
550,657,2.009
918,1141,2.6237
918,995,2.5741
918,943,1.8057
918,1031,1.5952
918,961,1.5329
918,1207,1.4702
937,1055,3.1521
937,1131,1.9103
937,1225,1.872
937,1257,1.6993
937,1352,1.5986
1245,1252,3.7308
1245,1354,2.0088
1245,1265,1.6969
1245,1320,1.6873
1215,1356,1.8396
1215,1288,1.6356
1215,1269,1.5731
1095,1336,3.367
1095,1219,1.6928
1095,1245,1.6074
1095,1264,1.578
1095,1129,1.5432
805,900,4.319
805,853,4.0308
805,838,3.1589
805,1216,3.0436
805,1175,2.9012
805,1341,2.8221
805,1253,2.7275
805,983,2.2236
805,1346,2.1286
805,828,2.015
805,1246,1.7071
1298,1326,1.8143
885,888,4.597
885,1061,3.7298
885,1177,3.5102
885,1266,3.2948
885,1006,3.1468
885,1013,2.3584
885,1044,2.2667
1149,1226,3.5338
1149,1158,1.9599
1149,1189,1.8853
1228,1235,4.4551
1228,1237,1.7396
1228,1376,1.5227
703,840,2.748
703,826,2.6622
703,1013,2.3305
703,1066,2.274
703,993,2.0869
703,1041,2.0308
703,822,1.7767
703,740,1.7483
703,886,1.7404
703,1128,1.7202
703,721,1.6818
703,1155,1.6769
703,742,1.6642
703,1305,1.6189
705,814,3.5084
705,723,2.6436
1109,1221,3.1619
1109,1207,2.1211
1109,1313,1.9197
1109,1253,1.6685
1109,1258,1.5245
1113,1341,2.6627
1113,1308,2.5841
1113,1262,1.4069
1145,1304,2.5453
1145,1233,1.542
1145,1202,1.5382
1046,1119,3.0014
1046,1365,1.8446
1046,1192,1.801
751,997,8.3473
751,1063,6.2793
751,1012,6.2722
751,1073,4.5735
751,961,3.2466
751,1366,1.911
751,778,1.5491
751,776,1.5393
751,755,1.5275
982,1087,3.1237
982,1239,2.184
982,1311,2.072
804,1361,4.2103
804,1070,3.2673
804,1197,2.8241
804,1078,2.4823
804,1062,2.4548
804,1040,2.399
804,912,2.3844
804,858,2.3034
804,995,2.2447
804,930,1.9196
804,1203,1.9014
1247,1263,1.6912
738,778,4.4626
738,999,4.2404
738,885,3.63
738,1218,3.6055
738,817,3.3085
738,829,2.7803
738,826,2.7289
738,1348,2.5256
738,947,1.8755
462,568,9.9941
462,511,3.6075
462,736,3.4913
462,944,3.2949
462,642,2.9687
462,473,2.6291
462,802,2.5617
462,563,2.0972
462,499,2.0937
462,676,2.0571
462,1316,1.9717
462,513,1.93
462,1186,1.9222
462,778,1.9112
462,792,1.884
462,808,1.7771
462,765,1.6802
326,350,9.0924
326,829,8.0974
326,846,7.2821
326,343,6.183
326,669,6.1261
326,1007,6.1157
326,468,5.9594
326,406,5.561
326,833,5.1059
326,804,4.6398
326,1230,4.4822
326,443,4.2911
326,401,4.1443
326,1251,4.0752
326,847,4.0649
326,999,3.8684
326,827,3.7617
326,436,3.5146
326,470,3.4984
326,581,3.489
326,342,3.4789
326,918,3.3212
326,499,3.3021
326,858,3.1948
326,785,3.099
326,538,3.0583
326,637,3.0406
326,498,3.016
326,638,2.8711
326,1239,2.8556
326,636,2.8417
326,1292,2.8149
326,667,2.7498
326,386,2.7343
326,921,2.7343
1225,1337,3.4749
1241,1249,1.4378
1241,1248,1.428
483,494,5.8558
483,542,4.978
483,1218,4.6426
483,641,4.4664
483,800,4.2274
483,1035,3.7541
483,729,3.6621
483,975,3.325
483,791,3.1676
483,626,3.0855
483,600,2.6257
483,547,2.4319
483,696,2.3996
483,569,2.3691
483,1130,2.2795
483,516,2.2688
1209,1251,2.1479
1209,1240,1.7449
905,1021,2.8017
905,1077,2.4186
905,1357,2.3313
905,913,1.6826
905,971,1.6756
905,1213,1.5835
1231,1311,1.0378
205,470,19.8942
205,641,12.8392
205,501,7.511
205,242,7.4744
205,340,7.2602
205,338,7.1247
205,1299,6.6443
205,1130,6.4333
205,1218,6.0267
205,1354,5.7648
205,661,5.2592
205,1245,4.8695
205,459,4.8656
205,346,4.5655
205,491,4.3287
205,696,4.2922
205,465,4.2047
205,285,3.9283
205,502,3.8743
205,227,3.8211
205,1265,3.8058
205,753,3.7639
205,542,3.6934
205,239,3.5825
205,776,3.5513
205,1059,3.5166
205,1087,3.4623
205,528,3.3611
205,397,3.2862
205,453,3.1889
205,463,3.1683
205,261,3.1351
205,420,3.0834
205,406,3.054
205,210,3.0266
205,301,2.989
205,299,2.9587
205,768,2.9389
15,103,47.7837
15,199,22.3769
15,93,15.2556
15,841,12.8167
15,147,11.9376
15,28,11.2436
15,574,10.1533
15,406,9.4117
15,143,9.1126
15,283,7.7804
15,416,6.9894
15,273,6.3768
15,628,5.8713
15,178,5.5966
15,290,5.5157
15,172,5.4564
15,229,5.4434
15,1227,5.3158
15,611,5.3112
15,378,5.1226
15,247,4.9837
15,70,4.9707
15,433,4.726
15,266,4.5307
15,1350,4.4835
15,447,4.1155
15,358,3.9813
15,122,3.9557
15,992,3.8637
15,1180,3.8242
15,421,3.8009
15,322,3.6803
15,569,3.6147
15,301,3.5947
15,99,3.4993
15,594,3.4317
15,630,3.4073
15,452,3.3125
15,337,3.228
15,20,3.2138
15,1242,3.1423
15,464,3.1056
15,546,3.0311
15,333,3.0266
15,1023,3.0149
15,45,3.0088
15,1084,2.982
15,1075,2.9551
841,1233,1.4816
988,1225,2.4553
988,1176,1.8138
988,1346,1.6483
881,1377,2.3813
881,1060,1.3794
881,1133,1.1037
881,929,1.0053
881,996,0.9954
881,1292,0.9832
881,907,0.9805
881,1062,0.9792
881,994,0.9769
881,1129,0.9725
1311,1336,1.4489
704,753,3.1804
704,1251,2.5714
704,765,2.2672
704,1173,2.0158
704,855,1.856
704,752,1.8222
704,867,1.8003
704,795,1.7079
704,805,1.6743
704,1218,1.6283
1126,1130,3.6847
1126,1244,1.7283
1126,1242,1.709
1126,1365,1.5124
1148,1225,3.397
1148,1308,1.3907
1296,1301,1.3446
1193,1213,1.5192
1193,1280,1.3529
1193,1229,1.2597
1283,1354,0.8286
1335,1381,1.0574
1089,1218,2.7873
1089,1263,2.0251
1089,1158,1.806
1089,1137,1.4953
1089,1249,1.4933
1089,1367,1.4384
1072,1157,3.0637
1072,1086,1.3796
1072,1221,1.3513
1072,1211,0.9511
1333,1345,1.6679
1120,1234,1.3715
167,320,21.1177
167,568,10.0857
167,210,9.1733
167,183,7.5361
167,325,6.3817
167,219,6.3221
167,563,6.0885
167,248,5.2637
167,812,5.1206
167,462,4.6067
167,661,4.4734
167,842,4.3996
167,633,4.3872
167,676,4.3563
167,531,4.224
167,634,4.1353
167,590,4.0878
167,715,3.9436
167,470,3.7716
167,481,3.7087
167,228,3.5156
167,397,3.295
167,643,3.2198
167,435,3.1101
167,558,3.0306
167,738,3.0274
167,974,2.9862
167,276,2.9273
167,198,2.8605
167,673,2.7765
167,736,2.7519
167,419,2.6979
167,752,2.642
167,741,2.5152
167,200,2.4898
167,829,2.4815
167,913,2.4319
167,309,2.3989
167,317,2.3828
167,732,2.3798
167,787,2.3309
1163,1360,2.2262
1163,1213,2.0699
1163,1220,1.8693
1163,1255,1.8445
1163,1168,1.8207
1163,1215,1.6595
604,950,6.038
604,1071,3.8686
604,1236,3.6973
604,835,3.1901
604,628,3.1741
604,981,2.9703
604,1139,2.568
604,978,2.403
604,964,2.3726
604,906,2.1568
604,681,2.1457
604,1185,2.0886
604,737,2.0747
604,695,1.9738
604,698,1.9635
604,957,1.9577
604,613,1.9158
604,687,1.865
897,1206,2.5997
897,1036,2.5008
897,952,2.1321
897,1041,2.0378
897,1063,1.4945
897,1210,1.472
897,1346,1.37
1035,1341,2.641
1035,1292,2.4169
1035,1324,2.3585
1035,1263,2.313
1035,1182,2.0986
1035,1125,1.7882
1035,1109,1.7516
1035,1354,1.7323
1005,1163,1.997
1005,1065,1.7281
1005,1069,1.4389
1005,1028,1.3955
1005,1308,1.2841
1005,1008,1.0102
1206,1346,2.1926
1206,1353,1.2562
1206,1314,1.0379
1068,1228,2.8506
1068,1327,1.3466
1299,1354,2.0202
1084,1219,2.2521
1053,1315,2.5006
1053,1234,1.6985
1043,1255,1.7174
1043,1210,1.4827
1043,1119,1.4233
1055,1094,2.7691
1162,1299,1.6328
1162,1348,1.3275
1162,1314,1.3148
977,1171,2.313
977,1043,1.6844
977,1318,1.65
977,1097,1.6088
977,1051,1.5534
1201,1237,2.036
1201,1234,1.7007
1027,1131,6.3739
1027,1293,3.9854
1027,1226,2.2003
632,795,7.4138
632,776,3.7244
632,897,2.1822
632,642,2.152
632,1133,2.0462
632,1284,2.0018
632,675,1.9559
632,778,1.9456
632,960,1.7658
632,829,1.7491
632,838,1.7399
632,1374,1.6986
632,952,1.5719
632,1110,1.464
632,662,1.3786
632,979,1.3633
555,729,2.9573
555,648,2.6951
555,1381,2.0527
555,625,1.9666
555,712,1.7893
555,1042,1.7846
555,1230,1.5963
555,1171,1.571
555,1061,1.4039
555,1043,1.4033
555,789,1.3917
555,673,1.1644
555,825,1.144
555,756,1.0598
555,827,1.004
555,579,0.9787
555,1159,0.9517
555,1049,0.9424
555,799,0.9304
555,597,0.9044
555,571,0.9018
555,1112,0.8832
1174,1348,1.7302
1282,1326,1.7097
1282,1348,1.2916
1282,1346,1.133
1282,1299,1.1072
563,765,6.9662
563,686,3.8236
563,1009,3.3075
563,842,3.1865
563,568,2.9301
563,724,2.3358
563,869,2.1718
563,952,1.9957
563,1251,1.9412
563,1150,1.9213
563,846,1.9013
563,1352,1.8484
563,934,1.8406
563,661,1.6979
563,723,1.6889
563,820,1.6374
563,673,1.5915
563,914,1.5078
563,795,1.4554
563,928,1.4456
563,865,1.4424
1009,1127,2.4273
1009,1381,2.0909
1009,1224,1.8228
1009,1326,1.7737
1009,1264,1.6204
1009,1116,1.4881
1092,1351,1.5031
1092,1270,1.4654
1092,1239,1.0014
1151,1327,1.2102
1151,1323,1.1808
0,1072,4.149
0,130,3.4658
0,156,2.1679
0,457,2.1649
0,1061,2.1112
0,96,2.1022
0,145,2.102
0,51,2.0931
0,817,1.9199
0,648,1.8508
0,504,1.8379
0,88,1.7992
0,354,1.5382
0,244,1.4457
0,1157,1.2507
0,743,1.2118
0,228,1.2037
0,242,1.0952
0,414,1.0634
0,864,1.0608
0,636,1.059
0,116,1.0572
0,771,1.0389
0,476,0.9985
0,625,0.9857
0,800,0.9252
0,729,0.9237
0,22,0.902
0,1058,0.878
0,225,0.8746
0,637,0.8662
0,52,0.8618
0,707,0.861
0,218,0.8332
0,216,0.8232
0,649,0.8098
0,9,0.7851
0,1149,0.7821
0,84,0.7557
0,135,0.7471
0,149,0.704
0,1033,0.7011
0,227,0.6875
0,720,0.6694
0,809,0.6492
0,76,0.636
0,42,0.5847
0,197,0.4096
0,207,0.1279
1211,1381,1.1951
92,199,17.7741
92,571,5.2555
92,1199,3.389
92,721,2.8765
92,156,2.7806
92,1367,2.3836
92,902,2.3232
92,407,1.7735
92,729,1.462
92,93,1.1377
92,555,1.07
92,775,0.9695
92,1327,0.944
92,988,0.9435
92,1173,0.8474
92,819,0.6916
92,99,0.5611
92,1150,0.4705
92,111,0.4487
92,1381,0.4296
92,606,0.4142
92,161,0.3836
92,858,0.3415
92,232,0.3138
92,312,0.2709
92,225,0.2245
92,147,0.1669
92,148,0.0657
594,817,5.7238
594,1126,5.2535
594,826,3.5396
594,1240,2.3322
594,1014,0.9911
594,854,0.5732
